Date,Open,High,Low,Close,Volume,SMA20,SMA50,SMA200,SMA20_Slp,SMA50_Slp,SMA200_Slp,>MA50,>MA200,GoldenX,LinReg_Slp,Chande,ADX14,RSI14,RSI_D3,MACD_Line,MACD_Hist,RET_3M_pct,RET_6M_pct,RET_12M_pct,StochK14,ROC20_pct,ATR_pct,StdDev20,Vol60,Beta60,R2_60,Ulcer14,Sharpe60,MaxDD_6M_pct,Vol_vs_Avg,OBV,VolROC20,AD_Line,CMF20,MFI14,RS_3M,RS_6M,RS_Bench,Alpha60,InfoRatio,Corr60,Beta,ZScore
2022-01-03,71.55000305,71.56999969,70.05999756,63.21573257,21649800,,,,,,,TRUE,TRUE,0,,,0,,,0,0,,,,,,0,0,,,,,,0,,0,,-217910407.2,,,,,,0,0,,,
2022-01-04,70.87000275,71.55999756,70.62999725,63.01948547,14660900,,,,,,,TRUE,TRUE,0,,,0,,,0,0,,,,,,0,0,,,,,,-0.3104402857,,-14660900,,-472521663.2,,,,,0,0,0,,,
2022-01-05,70.59999847,71.41000366,70.54000092,62.9838295,22243200,,,,,,,TRUE,TRUE,0,,,0,,,0,0,,,,,,0,0,,,,,,-0.3668439275,,-36904100,,-881139349.3,,,,,0,0,0,,,
2022-01-06,70.61000061,70.90000153,69.80000305,62.33265686,18129800,,,,,,,TRUE,TRUE,0,,,0,,0,0,0,,,,,,0,0,,,,,,-1.396923959,,-55033900,,-1145417660,,,,,0,0,0,,,
2022-01-07,69.73000336,70.75,69.30000305,62.80541611,19636000,,,,,,,TRUE,TRUE,0,,,0,,0,0,0,,,,,,0,0,,,,,,-1.396923959,,-35397900,,-1340954319,,,,,0,0,0,,,
2022-01-10,70.34999847,70.44999695,69.61000061,62.39509583,15584900,,,,,,,TRUE,TRUE,0,,,0,,0,0,0,,,,,,0,0,,,,,,-1.396923959,,-50982800,,-1624263171,,,,,0,0,0,,,
2022-01-11,69.88999939,70.15000153,68.86000061,61.8331337,16826900,,,,,,,TRUE,TRUE,0,,,0,,0,0,0,,,,,,0,0,,,,,,-2.187112006,,-67809700,,-1824408370,,,,,0,0,0,,,
2022-01-12,69.09999847,69.72000122,68.90000153,62.02936935,14056800,,,,,,,TRUE,TRUE,0,,,0,,0,0,0,,,,,,0,0,,,,,,-2.187112006,,-53752900,,-2074024043,,,,,0,0,0,,,
2022-01-13,69.51000214,70.15000153,69.47000122,62.33265686,16974500,,,,,,,TRUE,TRUE,0,,,0,,0,0,0,,,,,,0,0,,,,,,-2.187112006,,-36778400,,-2447330301,,,,,0,0,0,,,
2022-01-14,69.87999725,70.01000214,69.05000305,61.90449905,16273600,,,,,,,TRUE,TRUE,0,,,0,,0,0,0,,,,,,0,0,,,,,,-2.187112006,,-53052000,,-2705860536,,,,,0,0,0,,,
2022-01-18,68.88999939,69.01000214,68.02999878,61.16415024,17767400,,,,,,,TRUE,TRUE,0,,,0,,0,0,0,,,,,,0,0,,,,,,-3.245366704,,-70819400,,-2972582751,,,,,0,0,0,,,
2022-01-19,68.58999634,69.48999786,68.56999969,61.44065857,16025600,,,,,,,TRUE,TRUE,0,,,0,,0,62.28805701,49.83044561,,,,,,0,0,,,,,,-3.245366704,,-54793800,,-3236982691,,,,,0,0,0,,,
2022-01-20,69.08999634,69.97000122,68.88999939,61.52095032,14764800,,,,,,,TRUE,TRUE,0,,,0,,0,62.1700406,39.76994335,,,,,,0,0,,,,,,-3.245366704,,-40029000,,-3453233327,,,,,0,0,0,,,
2022-01-21,69.30999756,69.66999817,68.70999908,61.40497208,24271300,,,,,,,TRUE,TRUE,0,,,3.241649201,,0,62.05233775,31.7217924,,,,-187.1475986,,20.45348223,0,,,,1.93939371,,-3.245366704,,-64300300,,-3846885192,,,,,0,0,0,,,
2022-01-24,68.76000214,68.98000336,66.43000031,60.81626129,28801000,,,,,,,TRUE,TRUE,0,,-47.4425435,7.521265467,26.27872825,26.27872825,61.86217214,25.22530144,,,,-109.429669,,13.13527947,0,,,,1.927305804,,-3.795686905,,-93101300,,-4002494901,,24.46877864,,,0,0,0,,,
2022-01-25,67.12000275,67.91999817,66.80000305,59.86182404,26109300,,,,,,,TRUE,TRUE,0,,-54.29428618,11.49519486,21.84018219,21.84018219,61.55442628,19.93404446,,,,-131.8910008,,13.19668563,0,,,,2.3007005,,-5.305496594,,-119210600,,-4352089535,,17.90197703,,,0,0,0,,,
2022-01-26,67.23999786,67.97000122,66.19000244,59.37122726,24617100,,,,,,,TRUE,TRUE,0,,-57.61021119,15.42663043,19.97278382,19.97278382,61.2185495,15.67853415,,,,-144.7723249,,13.27176459,0,,,,2.537477893,,-6.081564119,,-143827700,,-4565311787,,17.83342319,,,0,0,0,,,
2022-01-27,67.18000031,67.98999786,66.81999969,59.89751053,22491000,,,,,,,TRUE,TRUE,0,,-39.62243305,19.03885967,27.16707523,0.8883469815,61.01531274,12.38023791,,,,-137.9933176,,13.23893941,0,,,,2.815944691,,-6.081564119,,-121336700,,-4853946287,,25.64892441,,,0,0,0,,,
2022-01-28,66.97000122,68.01999664,66.45999908,60.62002563,25025200,,,,,,,TRUE,TRUE,0,,-34.17003812,22.53608905,35.71172287,13.87154068,60.95449934,9.855539606,,,,-130.7507979,,13.04640476,0,,,,2.434656221,,-6.081564119,,-96311500,,-5066339093,,34.05511321,,,0,0,0,,,
2022-01-31,67.55999756,69.30999756,67.41999817,61.77069092,26290000,61.63600731,,,0.8805143901,,,TRUE,TRUE,0,,-8.750094887,23.5615772,46.48047581,26.50769199,61.08006727,7.984886033,,,,-111.5988016,,12.92426001,109.4371144,,,,2.370216987,,-6.081564119,,-70021500,,-5249793469,-13.05272306,41.92240364,,,0,0,0,,,
2022-02-01,69.05999756,69.43000031,67.69000244,60.95005417,20510100,61.52272339,,,1.666724713,,,TRUE,TRUE,0,,-11.94213563,24.3357394,41.18225143,14.0151762,61.06006526,6.371907214,,,,-132.3219567,-3.584042,13.08707023,103.8056146,,,,2.433820742,,-6.081564119,1.022796124,-90531600,-5.264251864,-5429196882,-12.9938021,41.42953907,,,0,0,0,,,-0.5516746105
2022-02-02,68.27999878,69.44000244,68.16000366,61.85097122,22861900,61.46429768,,,2.35958501,,,TRUE,TRUE,0,,-2.202626988,25.03893672,48.16748019,12.45575732,61.1817431,5.194868043,,,,-109.5715208,-1.854211032,12.96609161,98.06772446,,,,2.43910393,,-6.081564119,1.117230008,-67669700,55.93790286,-5677428480,-12.71783641,47.84715233,,,0,0,0,,,0.3942923607
2022-02-03,69.13999939,69.45999908,68.83999634,61.57445526,17144900,61.39382896,,,2.959011095,,,TRUE,TRUE,0,,-9.392327852,25.65834594,46.34809682,-0.132378996,61.24216035,4.204228239,,,,-120.8258521,-2.237676318,12.96497126,91.41193706,,,,1.913924289,,-6.081564119,0.8484170089,-84814600,-22.92071285,-6096400552,-12.90388486,47.84609052,,,0,0,0,,,0.1975959626
2022-02-04,68.43000031,69.08999634,67.79000092,61.08386612,18514600,61.33138943,,,3.46522364,,,TRUE,TRUE,0,,-10.08768886,27.01609318,43.2283365,2.046085068,61.21780739,3.343900224,,,,-135.0830151,-2.003429348,13.05017755,88.8919376,,,,1.880457607,,-6.081564119,0.9153252688,-103329200,2.122472394,-6305933368,-12.75628539,47.53239256,,,0,0,0,,,-0.2784541709
2022-02-07,68.36000061,68.66000366,67.95999908,60.99466705,13771800,61.24085197,,,3.877915139,,,TRUE,TRUE,0,,-2.264653935,28.27685848,42.6659974,-5.501482796,61.18347811,2.647656753,,,,-137.4427795,-2.883109716,13.12437647,82.04639951,,,,1.893397226,,-6.081564119,0.6908651918,-117101000,-29.86453453,-6593775261,-13.17544238,48.17242842,,,0,0,0,,,-0.3000557279
2022-02-08,68.66000366,68.87999725,68.26000214,61.03926468,19426600,61.17306042,,,4.197546681,,,TRUE,TRUE,0,,-5.534990908,29.04859364,43.06478973,-3.283307082,-0.3853787504,-47.13696009,,,,-136.2629478,-2.172977104,13.06323765,77.48176982,,,,1.91743025,,-6.081564119,0.9652383806,-97674400,24.65014212,-7065703419,-13.51828671,48.73568582,,,0,0,0,,,-0.1726802815
2022-02-09,68.91999817,69.08000183,68.51999664,61.30686188,17615900,61.14674683,,,4.42481275,,,TRUE,TRUE,0,,-2.877826959,29.40334076,45.51371887,2.285382364,-0.3452197189,-37.67744084,,,,-140.3203034,-0.8511162036,12.94929077,76.00160954,,,,1.926520388,,-6.081564119,0.8735588751,-80058500,4.688920716,-7537121760,-14.16445224,49.1968987,,,0,0,0,,,0.2106732374
2022-02-10,68.05000305,68.37999725,66.84999847,59.75478745,22530000,61.03301773,,,4.558504122,,,TRUE,TRUE,0,,-18.59292638,30.89562854,35.87528776,-6.79070964,-0.4336341679,-30.21268424,,,,-196.7957677,-3.66694347,13.157026,79.05596648,,,,2.120085611,,-6.081564119,1.094256103,-102588500,60.27829947,-7768612848,-13.82898036,49.56983481,,,0,0,0,,,-1.616867572
2022-02-11,67.27999878,67.77999878,66.73999786,59.79046249,18029900,60.90590801,,,4.598600667,,,TRUE,TRUE,0,,-12.32590513,32.34239256,36.20967948,-6.85511025,-0.4951171748,-24.21933379,,,,-195.7047865,-4.078430945,13.2029563,77.48158058,,,,2.255570014,,-6.081564119,0.8734527979,-84558600,6.217561637,-8027602974,-13.51672716,51.40538277,,,0,0,0,,,-1.439626696
2022-02-14,67.25,67.36000061,65.81999969,59.28203201,18556100,60.77478466,,,4.545236189,,,TRUE,TRUE,0,,-7.361229569,34.15387765,33.52638402,-11.98733485,-0.5782038177,-19.44193635,,,,-179.6145269,-4.2363109,13.37231516,81.76466117,,0.2642213322,0.0453034905,2.362421502,,-6.222660723,0.894001679,-103114700,14.02578409,-8203716359,-13.2438722,52.77831837,,,0,-0.2146562036,-3.606001322,0.2128461663,0.2642213322,-1.825669704
2022-02-15,66.87000275,67.12999725,65.84999847,59.00551605,17087200,60.66685295,,,4.398939177,,,TRUE,TRUE,0,,-4.772919288,35.83597094,32.13177694,-3.743510822,-0.6587692263,-15.61800141,,,,-187.2111205,-3.529247406,13.40348177,90.16970675,,0.2506973381,0.04160511864,2.438167299,,-6.66007709,0.8245836654,-120201900,-3.828359805,-8403542859,-13.10419786,54.2016004,,,0,-0.2358325977,-3.952746537,0.2039733283,0.2506973381,-1.842455697
2022-02-16,66.23999786,66.58000183,65.65000153,59.13929749,16092300,60.5517849,,,4.159769985,,,TRUE,TRUE,0,,-10.42975561,37.49674943,33.57150311,-2.638176372,-0.7037109082,-12.53035447,,,,-170.88473,-3.74566474,13.24703225,94.36193437,,0.2273920699,0.03487903183,2.570039151,,-6.66007709,0.7764474284,-104109600,0.4162090655,-8644951649,-13.04662351,47.36081988,,,0,-0.2143657887,-3.630312658,0.1867592885,0.2273920699,-1.496882637
2022-02-17,66,66.66000366,65.52999878,59.17498016,14579900,60.43448639,,,3.827869784,,,TRUE,TRUE,0,,-21.95157569,39.09939768,33.97382701,0.4474429893,-0.7280556486,-10.04375937,,,,-161.7052957,-3.813286599,13.16640497,96.24273784,,0.2122512557,0.03118039768,2.767532766,,-6.66007709,0.7037886341,-89529700,-1.252302774,-8823522940,-12.96150451,39.82303529,,,0,-0.2080973909,-3.514201298,0.1765797205,0.2122512557,-1.308676638
2022-02-18,66.12000275,66.76999664,65.91999817,59.06794739,16843400,60.31763515,,,3.403421353,,,TRUE,TRUE,0,,-48.79262851,40.35880931,33.32190557,1.190128636,-0.7473704599,-8.050459344,,,,-164.4287758,-3.805920937,13.05785417,98.01064622,,0.2174535076,0.03427203439,3.017313762,,-6.66007709,0.8278925785,-106373100,-30.60363475,-9111924079,-12.93944994,37.41204177,,,0,-0.1737471063,-2.979274312,0.1851270763,0.2174535076,-1.275053084
2022-02-22,66.45999908,66.62000275,65.69999695,59.00551605,17210700,60.22709789,,,2.886976321,,,TRUE,TRUE,0,,-40.67186299,41.6560607,32.92503621,-0.6464669023,-0.758966382,-6.449644213,,,,-166.0173593,-2.977403084,13.05868661,101.4646775,,0.2052255193,0.0318821537,3.234871466,,-6.66007709,0.8707491047,-123583800,-40.24269991,-9379604293,-13.60233224,38.00122157,,,0,-0.1985289124,-3.460446989,0.178555744,0.2052255193,-1.203947887
2022-02-23,66.26999664,66.47000122,64.95999908,58.00647354,17291800,60.13433037,,,2.278638975,,,TRUE,TRUE,0,,-78.79416189,43.24662431,27.31800739,-6.655819625,-0.8390980154,-5.223820677,,,,-154.5227898,-3.099388507,13.15732124,112.8256333,,0.2626460375,0.0501515061,3.264973732,,-8.24044715,0.8948113588,-140875600,-33.77149138,-9556152785,-13.46492242,29.4440048,,,0,-0.2238038658,-3.790188931,0.2239453194,0.2626460375,-1.885969318
2022-02-24,64.61000061,65.68000031,64.27999878,58.47032547,28660000,60.08928528,,,1.579230563,,,TRUE,TRUE,0,,-61.26771539,45.01784326,33.02127179,-0.3006337835,-0.8553144062,-4.192029654,,,,-120.7832902,-1.517404702,13.06082199,117.7246776,,0.3222504325,0.07034991903,3.168119146,,-8.24044715,1.467736554,-112215600,16.42313676,-9822677151,-13.46201557,21.35654074,,,0,-0.1549089226,-2.62537055,0.2652355916,0.3222504325,-1.37520853
2022-02-25,66.12999725,67.66000366,65.98000336,60.28106308,21264000,60.10846291,,,0.7897362901,,,TRUE,TRUE,0,,-12.5700176,43.49766253,49.63555393,16.71051772,-0.7138260778,-3.240433061,,,,-83.31110744,0.6403480677,12.86687054,117.7082366,,0.5394636391,0.1667539253,3.198047017,,-8.24044715,1.092404618,-90951600,-5.45551554,-9988205727,-13.18822593,29.40533881,,,0,-0.06667697525,-1.018201862,0.408355146,0.5394636391,0.1466338967
2022-02-28,67.16999817,68.02999878,67.08999634,60.5932579,18352600,60.10712452,,,-0.09016576896,,,TRUE,TRUE,0,,-6.07308105,41.64072756,51.85307668,24.53506929,-0.5699341983,-2.477232945,,,,-76.80705273,-0.04415658099,12.82094633,117.6485152,,0.5521079223,0.1732995316,3.210258265,,-8.24044715,0.9592777636,-72599000,-26.66352317,-10260242863,-13.57408867,35.96101901,,,0,-0.07130946235,-1.092747618,0.4162926033,0.5521079223,0.4132082618
2022-03-01,67.79000092,68.37999725,66.83000183,60.06698227,16732300,60.02193909,,,-0.0884713008,,,TRUE,TRUE,0,,-13.71087303,39.5066496,48.01516729,14.9938955,-0.4926855206,-1.919987414,,,,-87.77112149,-2.758118168,12.92155287,110.9463029,,0.5820581656,0.1938911159,3.253352745,,-8.24044715,0.8969914977,-89331300,-36.35488779,-10422989623,-13.86633328,28.72399988,,,0,-0.05429886982,-0.8398593144,0.4403306893,0.5820581656,0.04059908371
2022-03-02,67.37000275,68.41000366,67.33000183,60.79842377,14629900,60.01435757,,,-0.08624666329,,,TRUE,TRUE,0,,-6.729672989,37.48918031,53.19980985,3.56425592,-0.3681997931,-1.436401349,,,,-84.29953743,-0.2487781244,12.80161248,110.3287845,,0.5957722007,0.2191067795,2.53577579,,-8.24044715,0.7968446262,-74701400,-28.66977733,-10614575397,-14.1215627,27.82207334,,,0,-0.007486020793,-0.117161311,0.4680884313,0.5957722007,0.7106633179
2022-03-03,68.43000031,69.69999695,68.37000275,61.86882401,20735600,60.01525021,,,-0.08266356576,,,TRUE,TRUE,0,,29.88673734,35.37408822,59.55664095,7.703564276,-0.1810841779,-0.9994285871,,,,-44.48663448,0.02886419219,12.79122632,110.485811,,0.6241059009,0.2216741386,3.981917017,,-8.24044715,1.135980957,-53965800,-9.300626807,-10838027432,-14.13593563,36.34890006,,,0,0.02241176384,0.3388253995,0.4708228314,0.6241059009,1.677657776
2022-03-04,69.18000031,70.94999695,69.04000092,63.23356628,24341800,60.09820576,,,-0.07682903405,,,TRUE,TRUE,0,,40.97683686,34.41153417,65.91377161,17.89860432,0.07644834263,-0.5935168532,,,,-15.68864741,2.694479417,12.63444022,127.696851,,0.6938387143,0.2482648703,5.756121981,,-8.24044715,1.307762398,-29624000,41.97691442,-11010368567,-13.20013843,45.04175943,,,0,0.05660855334,0.8259887847,0.4982618491,0.6938387143,2.455315463
2022-03-07,71.05000305,71.97000122,70.44999695,64.05420685,30972000,60.24672279,,,-0.06791041224,,,TRUE,TRUE,0,,54.75961086,34.17583369,69.06283531,15.86302546,0.3428118343,-0.2617226893,,,,-2.936175026,4.862725491,12.60269591,154.2717953,,0.796178694,0.2550490407,6.593504947,,-8.24044715,1.610090148,1348000,67.28419734,-11301985112,-12.98607402,54.58298058,,,0,0.05468963967,0.7906071387,0.5050238021,0.796178694,2.468036394
2022-03-08,72,72.37000275,70.66999817,63.06407928,26564900,60.35019341,,,-0.05731209992,,,TRUE,TRUE,0,,43.04622847,34.19047933,61.66105333,2.10441237,0.468609957,-0.1087396532,,,,-15.02989986,3.392775683,12.85355066,166.0430328,,0.5817698856,0.1655940384,6.261590915,,-8.24044715,1.336541918,-25216900,92.89344893,-11566255812,-12.50885321,52.43963927,,,0,0.002837222722,0.04344887362,0.406932474,0.5817698856,1.634447308
2022-03-09,71.20999908,71.30999756,70.06999969,62.61810684,25476900,60.42913551,,,-0.04531710001,,,TRUE,TRUE,0,,35.71462419,33.52064983,58.61390165,-7.299869962,0.5262533061,-0.04087704332,,,,-20.5425355,2.586600889,13.02168535,173.0949293,,0.5176371934,0.1376866309,5.946525026,,-8.24044715,1.262585265,-50693800,31.14441024,-11897944738,-11.97382076,50.52522105,,,0,-0.02792421036,-0.4187653553,0.3710614921,0.5176371934,1.264607425
2022-03-10,69.66999817,70.80999756,69.62000275,63.03733063,17019900,60.51565895,,,-0.03138284468,,,TRUE,TRUE,0,,38.15000588,32.41385059,60.58568714,-8.477148163,0.5988606388,0.02538423148,,,,-15.36053823,2.822634689,13.01113882,181.818411,,0.5229196574,0.1398094293,5.603268208,,-8.24044715,0.8447204167,-33673900,-3.383307126,-12103261965,-11.33118249,49.94582378,,,0,-0.01651639192,-0.2498585536,0.3739109911,0.5229196574,1.386917674
2022-03-11,70.77999878,71.25,70.36000061,62.82324982,12494200,60.66908207,,,-0.01610354875,,,TRUE,TRUE,0,,36.70455079,31.70324224,59.03879798,-2.622255347,0.6318444315,0.04669441934,,,,-18.00677686,5.13509043,13.12570216,187.9044449,,0.5346525559,0.1439262503,5.228003157,,-8.24044715,0.6359416841,-46168100,-44.54416334,-12327364562,-11.6017842,49.36279995,,,0,-0.02668781112,-0.404290706,0.379376133,0.5346525559,1.146416599
2022-03-14,70.87999725,71.23999786,69.98999786,62.75188065,20502300,60.81715298,,,-0.0001686780256,,,TRUE,TRUE,0,,36.58523138,30.63439882,58.50253056,-0.111371083,0.6447926607,0.04771411888,,,,-18.88896643,4.952994221,13.23905569,192.2346845,,0.5281349892,0.1478830148,4.815581741,,-8.24044715,1.037020514,-66670400,13.71277711,-12585303743,-11.52658286,48.61745618,,,0,0.007738448349,0.1186369627,0.3845556069,0.5281349892,1.006440473
2022-03-15,71.02999878,71.40000153,70.62000275,63.55467606,14502200,61.03078518,61.21926544,,0.01688117881,0.1440453305,,TRUE,TRUE,61.21926544,,55.23977795,29.76863637,62.61600261,2.030315464,0.7116298798,0.09164107035,,,,-8.965665855,7.207317121,13.20485345,197.9335247,,0.5214336181,0.1414629316,4.106807993,,-8.24044715,0.7411297038,-52168200,-21.84672426,-12862531432,-11.90435325,53.9493103,,,0,0.02198605439,0.332711158,0.3761155827,0.5214336181,1.275120463
2022-03-16,71.16000366,71.47000122,70.11000061,63.43872833,20005900,61.25244579,61.22372536,,0.03500846777,0.2822217536,,TRUE,TRUE,61.22372536,,51.2420453,28.38769205,61.66524583,2.626447847,0.7466360891,0.1013178237,,,,-39.769566,7.51321669,13.25621331,198.8802853,,0.4884379882,0.131205368,3.391711266,,-8.24044715,1.014825783,-72174100,17.08120699,-13078809018,-11.85795351,55.17218176,,,0,0.02007753199,0.3031867102,0.3622228154,0.4884379882,1.099295758
2022-03-17,71.16000366,71.93000031,71.01999664,63.70632553,15915000,61.4807972,61.23746216,,0.05370046487,0.414550669,,TRUE,TRUE,61.23746216,,42.01327899,27.50265783,63.05934201,4.556811449,0.786900718,0.1132659621,,,,-56.38403942,7.722492894,13.12222439,199.5582513,,0.5158742071,0.1527602835,3.007707739,,-8.24044715,0.8076726619,-56259100,-1.101769169,-13350540737,-11.94023143,54.50959565,,,0,0.04342754805,0.668793197,0.3908456006,0.5158742071,1.115227419
2022-03-18,71.41999817,71.73999786,70.65000153,63.16220093,18519000,61.68015823,61.24102959,,0.07199138412,0.5410068296,,TRUE,TRUE,61.24102959,,30.63831859,26.25791089,58.40804362,-4.207958983,0.7660735989,0.07395107444,,,,-66.20578154,6.738017914,13.26746883,195.178827,,0.5096149152,0.1461822908,2.664494882,,-8.24044715,0.930522588,-74778100,27.01733208,-13623494683,-12.05918821,47.96603962,,,0,0.02090908483,0.3185521551,0.3823379275,0.5096149152,0.759325546
2022-03-21,70.44000244,71.13999939,70.41999817,63.58423615,18147200,61.90597267,61.26606117,,0.08979001368,0.6616403966,,TRUE,TRUE,61.26606117,,42.47635422,24.84227161,60.82185667,-0.8433891583,0.774692499,0.06605597963,,,,-74.32073424,7.645921277,13.20087007,189.4064073,,0.5255103967,0.1569204739,2.090524119,,-8.24044715,0.908863715,-56630900,7.740717432,-13986224467,-12.20594571,47.58376063,,,0,0.008976579316,0.137394195,0.3961318896,0.5255103967,0.8860647837
2022-03-22,71.08000183,71.08000183,70.34999847,63.67404175,14643200,62.13939896,61.28343369,,0.1071052913,0.7764309446,,TRUE,TRUE,61.28343369,,37.64458307,23.44629406,61.33606576,-1.723276258,0.7797807737,0.05691540346,,,,-117.399025,7.912015703,13.08720776,180.3297544,,0.5344427609,0.1636315261,1.596892047,,-8.24044715,0.7381190194,-41987700,-14.91804517,-14268694845,-12.32220663,42.45615812,,,0,0.02786133911,0.4302641601,0.404513938,0.5344427609,0.851020286
2022-03-23,70.83999634,71.41999817,70.48999786,63.76385117,13995000,62.42726784,61.31080879,,0.1241925904,0.8854003408,,TRUE,TRUE,61.31080879,,28.46124671,22.50899846,61.87496709,3.466923462,0.7820452072,0.04734386953,,,,-158.4428483,9.925405344,12.93932209,155.0656249,,0.5036495833,0.1531548019,1.316548401,,-8.24044715,0.7113559502,-27992700,-19.06568431,-14485125097,-12.5268088,41.15368775,,,0,0.06579267545,1.024912212,0.3913499736,0.5036495833,0.8619468879
2022-03-24,71.16000366,71.83000183,71.01999664,64.41934204,13295700,62.72471867,61.36253296,,0.1413699225,0.988603248,,TRUE,TRUE,61.36253296,,19.93228599,22.05163389,65.63935189,4.817495226,0.8271970103,0.07399653808,,,,-189.1149347,10.17442014,12.69511334,130.237815,,0.5159055641,0.1570337372,1.756896085,,-8.24044715,0.7032722787,-14697000,-53.60886253,-14715111565,-12.93919651,38.75737828,,,0,0.07082484737,1.098417019,0.3962748253,0.5159055641,1.30117614
2022-03-25,72,72.80999756,71.83000183,65.35321045,14461000,62.97832603,61.42900978,,0.1585099639,1.086069411,,TRUE,TRUE,61.42900978,,21.4277534,22.47988863,70.15986999,8.823804238,0.9276422331,0.1395534088,,,,-133.755462,8.414163769,12.47591343,129.5310785,,0.5357149263,0.1617791099,3.033166135,,-8.24044715,0.7789250178,-236000,-31.99303988,-14920718052,-13.2842032,34.68053339,,,0,0.08629246745,1.32108913,0.4022177395,0.5357149263,1.833447573
2022-03-28,72.84999847,73.25,72.41999817,65.77526093,15479900,63.23742619,61.49786186,,0.17501472,1.177798034,,TRUE,TRUE,61.49786186,,49.3465087,23.20849405,71.95558202,10.08061493,1.029435056,0.193076985,,,,-105.9158328,8.552111572,12.35035911,131.1295213,,0.6064367685,0.1738634805,3.450082499,,-8.24044715,0.8403081258,15243900,-15.65282303,-15184052509,-13.36416015,43.04780983,,,0,0.06895079512,1.062054788,0.4169693999,0.6064367685,1.935364908
2022-03-29,73.22000122,73.93000031,73.08999634,66.38587952,19057300,63.55337105,61.58748947,,0.1899807204,1.263831388,,TRUE,TRUE,61.58748947,0.03879907178,66.5823348,24.35050145,74.3596677,8.720315803,1.146166128,0.2478464462,,,,-75.03770445,10.51975147,12.22694979,126.7717141,1.038249072,0.4711104671,0.1223230239,4.001027285,,-8.24044715,1.028015781,34301200,13.89528039,-15507304481,-13.71326449,52.71249572,,,0,0.05812089832,0.9416737697,0.3497470856,0.4711104671,2.234337912
2022-03-30,74,74.55999756,73.77999878,66.93362427,17614600,63.86013107,61.70287895,,0.2038988747,1.344221482,,TRUE,TRUE,61.70287895,0.04982410154,67.32444981,25.79343579,76.32061871,6.16074872,1.268255113,0.2959483444,,,,-66.87907659,10.09105191,12.12499512,130.7657031,1.042534248,0.4686529894,0.1200941599,4.46431536,1.290494335,-8.24044715,0.9426034319,51915800,20.4013698,-15834140458,-13.96563061,60.33951242,,,0,0.07252615269,1.168845587,0.346546043,0.4686529894,2.350381731
2022-03-31,74.48999786,75.13999939,74.41999817,66.86177826,17850600,64.10977879,61.81130135,,0.2156144012,1.418940841,,TRUE,TRUE,61.81130135,0.06019212183,71.54037964,27.45136419,75.50492432,3.549342304,1.34372452,0.2971342015,,,,-60.74211025,8.070226539,12.13735156,138.197939,1.041506154,0.4648806453,0.1202956279,4.151777243,1.343362241,-8.24044715,0.9626633979,34065200,-13.91326993,-16226764757,-14.53043646,61.40440702,,,0,0.07554848737,1.227710098,0.3468366012,0.4648806453,1.991346248
2022-04-01,74.40000153,75.55000305,73.95999908,67.79566193,19006900,64.33788357,61.93679558,,0.225741206,1.488019221,,TRUE,TRUE,61.93679558,0.07181714507,77.50579888,28.30771088,78.6927069,4.333039202,1.462037716,0.3323579176,,,,-42.54297142,7.214673962,11.99876224,159.0511735,1.054526362,0.473947073,0.1196057252,4.847247033,1.691405393,-8.24044715,1.039981812,53072100,-21.91662079,-16393148572,-14.72621339,69.95063451,,,0,0.09173095171,1.471702826,0.3458406066,0.473947073,2.174003676
2022-04-04,75.19000244,75.19000244,74.15000153,67.27485657,14195500,64.49891605,62.05419327,,0.2341380254,1.551425519,,TRUE,TRUE,62.05419327,0.08121730829,59.75590851,29.10288995,72.98805626,-3.332562454,1.496526114,0.2934770529,6.42106613,,,-52.11659505,5.028006555,11.95853095,171.8192635,1.050112581,0.455866365,0.1129357433,4.554429406,1.765451023,-8.24044715,0.8140853891,38876600,-54.16666667,-16595028754,-15.17730792,63.70650796,,,0,0.09353527519,1.501282067,0.3360591366,0.455866365,1.615616583
2022-04-05,74.94999695,76.25,74.94000244,67.69688416,19070300,64.7305563,62.19180573,,0.2410834621,1.609196025,,TRUE,TRUE,62.19180573,0.09183596393,65.19207498,30.47465334,74.59521987,-0.9097044567,1.540158529,0.2696875741,7.422146732,,,-44.96802767,7.346186487,11.99580446,182.3626117,1.048923921,0.4430078225,0.1078081146,4.218327755,1.73437685,-8.24044715,1.117664745,57946900,-28.21241563,-16824982559,-15.41007086,72.15375286,3.402182619,,0,0.09709045054,1.555620517,0.3283414604,0.4430078225,1.62660966
2022-04-06,75.62999725,76.94000244,75.29000092,69.04380798,28244600,65.05184135,62.3754454,,0.2472781277,1.661425821,,TRUE,TRUE,62.3754454,0.1036954096,70.12821355,32.09215246,78.90842524,0.2157183399,1.66423872,0.3150142123,9.621483059,,,-19.82078459,10.26173014,11.83956881,199.0290216,1.070719591,0.400951481,0.08589389602,5.329788118,2.352147726,-8.24044715,1.642031008,86191500,10.8635666,-17067070866,-15.02564275,73.74455736,5.450708461,,0,0.1486878039,2.305693441,0.2930766044,0.400951481,2.005720873
2022-04-07,76.86000061,76.88999939,76,68.87320709,21016900,65.34363518,62.565485,,0.2520559988,1.708112331,,TRUE,TRUE,62.565485,0.1139532279,78.90843159,33.59411594,77.12239765,4.134341393,1.728877674,0.3037225329,10.49297521,,,-22.40956742,9.257810264,11.84945207,210.395064,1.062892008,0.4347551854,0.1003708265,4.819502567,2.532154197,-8.24044715,1.207807773,65174600,23.48427429,-17424679219,-15.29066875,81.39583887,6.39203638,,0,0.1630234899,2.567021756,0.3168135516,0.4347551854,1.677592548
2022-04-08,76.98000336,77.23000336,76.30999756,69.10667419,17194300,65.6578064,62.74966827,,0.2564843858,1.749223523,,TRUE,TRUE,62.74966827,0.1245351582,78.3442055,35.15794143,77.86090321,3.26568334,1.778442576,0.2826299475,10.03298518,,,-18.07156101,10.00174998,11.84859354,217.5698398,1.062941156,0.4359836688,0.1003104711,4.401026314,2.537417958,-8.24044715,0.974961825,82368900,37.61825487,-17711124219,-15.26366337,88.48536546,5.968426064,,0,0.1662273156,2.617261435,0.3167182836,0.4359836688,1.58517734
2022-04-11,77.01000214,77.11000061,75.80000305,68.16383362,23167900,65.92840405,62.90054443,,0.259614574,1.784663339,,TRUE,TRUE,62.90054443,0.1336922019,56.81858557,35.77221544,68.27559643,-10.63282881,1.72179597,0.1807866737,9.245498731,,,-34.51279451,8.624367775,12.06567007,213.135629,1.080759734,0.4555861467,0.1055793531,3.884299487,2.04189446,-8.24044715,1.303827139,59201000,13.00146813,-18004390347,-15.2485814,85.0713585,5.49242989,,0,0.1332677946,2.069785868,0.3249297664,0.4555861467,1.048829604
2022-04-12,75.69999695,76.59999847,75.43000031,68.42424011,22656900,66.17188225,63.03361542,,0.2619100705,1.814375395,,TRUE,TRUE,63.03361542,0.1422264061,57.73113497,35.77106358,69.39622032,-7.726177332,1.678566288,0.110045593,10.65950571,,,-41.79957688,7.662007516,12.09180235,212.4046454,1.075445604,0.46026467,0.1090881147,3.299692668,2.314954344,-8.24044715,1.246467698,81857900,56.23077878,-18298378968,-14.95263775,76.86610962,8.288386879,,0,0.1571196427,2.457111858,0.3302848993,0.46026467,1.060408947
2022-04-13,76.20999908,76.41000366,75.55000305,68.28954315,17656500,66.41442299,63.1804052,,0.2634393662,1.83837919,,TRUE,TRUE,63.1804052,0.1489226586,51.2488546,35.76999399,68.05706699,-9.80383622,1.614822861,0.03704173315,10.09227381,,,-65.56403109,7.646456584,12.10724447,207.1837865,1.061539718,0.4428129281,0.1033539179,2.775196757,2.59429185,-8.24044715,0.9776894767,64201400,-11.74353566,-18614161559,-15.32539271,70.62989843,7.94426096,,0,0.1694510812,2.676072276,0.3214870415,0.4428129281,0.9050515945
2022-04-14,76.19999695,76.59999847,75.98000336,68.32545471,14213500,66.64537945,63.30989487,,0.2641112166,1.85661992,,TRUE,TRUE,63.30989487,0.1557504755,44.66971667,35.91623132,68.23307435,-0.04252208336,1.54934363,-0.02274999824,9.614218539,,,-85.12555178,7.250660185,12.09249669,201.0618696,1.061116707,0.4501230393,0.1060249323,2.384500539,2.495718962,-8.24044715,0.79076617,78414900,-10.69117185,-18979338879,-15.65787156,70.68188834,6.875878542,,0,0.1576766019,2.49483407,0.3256146991,0.4501230393,0.8356011347
2022-04-18,76.18000031,76.61000061,75.31999969,67.95728302,14939000,66.88513355,63.43755142,,0.2635896423,1.869080837,,TRUE,TRUE,63.43755142,0.1617282251,33.061216,34.99707765,64.32012922,-5.076091102,1.451016079,-0.0968620394,9.777615615,,,-123.9783724,7.591695701,12.19876644,185.3135054,1.065185625,0.4569227877,0.1068802958,2.055117276,2.319884512,-8.24044715,0.8394894394,63475900,-19.33149738,-19164807408,-15.56956126,65.05049187,7.445474118,,0,0.1412341576,2.227203404,0.3269255203,0.4569227877,0.5785598114
2022-04-19,75.90000153,76.31999969,75.68000031,68.39727783,16515200,67.12578564,63.58381966,,0.2622444156,1.875793472,,TRUE,TRUE,63.58381966,0.1678730309,31.28476903,34.14357781,66.77251156,-1.284555429,1.39254233,-0.1242686312,11.82576324,,,-156.02069,7.569551793,12.14201211,170.8807974,1.065863348,0.5087506196,0.1151114866,1.786499778,2.525920564,-8.24044715,0.9323383995,79991100,-8.993122906,-19557184273,-15.72496775,64.79247471,8.319979301,,0,0.1270720929,2.011891917,0.3392808374,0.5087506196,0.7440813797
2022-04-20,76.98000336,77.16999817,76.55999756,68.95402527,18326200,67.38978481,63.74300682,,0.260506941,1.876774176,,TRUE,TRUE,63.74300682,0.1735441532,31.38085329,34.10945331,69.61811859,1.385044238,1.375273035,-0.1132303402,12.22865587,,,-153.0876843,8.292207272,12.1059837,154.7739985,1.058150528,0.4891954374,0.1079584886,1.577591699,2.987576066,-8.24044715,1.023930754,98317300,25.15160621,-20032521719,-16.10197312,64.96750092,8.431013226,,0,0.1587560781,2.521683904,0.3285703708,0.4891954374,1.01066101
2022-04-21,76.54000092,76.76000214,75.45999908,67.81362915,18408500,67.59227371,63.87849411,,0.258312146,1.871951897,,TRUE,TRUE,63.87849411,0.1752758597,12.67972368,32.53791106,58.55615662,-5.763972595,1.255098564,-0.186723849,10.2285137,,,-187.9621377,6.351212969,12.26739122,129.221752,1.060618206,0.5475130218,0.1451312121,1.408942621,2.959553303,-8.24044715,1.016002095,79908800,31.53626295,-20267480789,-15.95699133,58.13467042,7.249427155,,0,0.1654002692,2.677488871,0.3809609062,0.5475130218,0.1712988988
2022-04-22,75.41999817,75.5,74.19999695,66.67323303,27341700,67.70496826,63.98582153,,0.2546569391,1.861247363,,TRUE,TRUE,63.98582153,0.1738646548,-14.55170033,30.67771963,50.0002382,-16.77227336,1.055669889,-0.3089220196,8.579534812,,,-242.7520795,3.4987799,12.36988491,108.214785,1.0805052,0.590307833,0.1840716275,1.616702311,2.693982711,-8.24044715,1.452733442,52567100,105.6431779,-20611428701,-15.66430963,49.53576574,5.454476025,,0,0.167478476,2.723995538,0.4290356949,0.590307833,-0.9534142948
2022-04-25,74.51000214,74.55000305,72.51999664,66.21526337,29835900,67.74807091,64.11503105,,0.248132714,1.844701755,,TRUE,TRUE,64.11503105,0.1721889058,-13.84989424,30.23557248,47.0284336,-22.58968499,0.8508587323,-0.4109865409,8.877563271,,,-133.8582652,1.319067436,12.50748093,99.73948837,1.082634389,0.6028685541,0.1956616972,1.833646063,2.304196445,-8.24044715,1.523047166,22731200,106.3197566,-20826591495,-15.07399444,46.96607533,6.447094156,,0,0.1479677562,2.419168759,0.4423366333,0.6028685541,-1.536811113
2022-04-26,73.48000336,74.38999939,72.97000122,65.55077362,20553100,67.73684654,64.23023727,,0.2383666472,1.822269714,,TRUE,TRUE,64.23023727,0.1702973474,-27.1900038,29.82500726,43.0319717,-15.52418493,0.6276900261,-0.5073241977,9.50346849,,,-147.9663076,-0.3412944343,12.54705174,102.1731012,1.08447474,0.6012317414,0.2020686511,2.226245183,1.761174243,-8.24044715,1.035771826,2178100,32.77282153,-21061916882,-14.81072518,40.2534,8.759638682,,0,0.134065817,2.196929521,0.4495204679,0.6012317414,-2.139577733
2022-04-27,73.05000305,73.73000336,72.41000366,65.23649597,24533900,67.67937737,64.34932655,,0.2260021495,1.793949313,,TRUE,TRUE,64.34932655,0.1695668533,-55.49720752,29.81721683,41.24666081,-8.753577396,0.4206190048,-0.5715161752,9.878975015,,,-148.8279698,-1.731367504,12.49101032,112.8467472,1.062211327,0.559732639,0.1702610101,2.682501298,1.20587553,-8.24044715,1.219554508,-22355800,28.73754414,-21353108601,-14.52944043,30.94371315,8.944782873,,0,0.107430414,1.762567842,0.4126269624,0.559732639,-2.164777854
2022-04-28,73,73.72000122,72.62000275,65.96382904,19951300,67.6308876,64.48849281,,0.2115839995,1.759776355,,TRUE,TRUE,64.48849281,0.1684452006,-39.22528272,29.80998286,46.75253251,-0.2759010936,0.3116113668,-0.5444190506,10.12783079,,,-133.7380712,-1.448890954,12.42229261,118.1775451,1.053452446,0.6144219054,0.220610702,2.943635901,1.829572623,-8.24044715,0.9860316345,-2404500,13.26570004,-21614513543,-14.283858,30.47111688,7.253950961,,0,0.1415999221,2.416969276,0.4696921354,0.6144219054,-1.410639019
2022-04-29,73.13999939,73.26999664,71.15000153,63.98832703,27169100,67.48721504,64.5854734,,0.1933848798,1.719638213,,FALSE,TRUE,64.5854734,0.1653333776,-55.88243624,30.67724935,36.6943128,-6.3376589,0.06506549124,-0.6327719409,5.55641697,,,-118.964759,-4.297599178,12.68852513,142.9006895,1.113513193,0.6880821726,0.2653178649,3.380074061,0.6680985228,-8.24044715,1.312525785,-29573600,52.20272708,-21825245566,-13.52299196,23.60994955,5.286265566,,0,0.09196330981,1.52957141,0.5150901523,0.6880821726,-2.448475251
2022-05-02,71.59999847,71.93000031,69.63999939,63.33282471,32916100,67.26407318,64.66863029,,0.1705208222,1.673493049,,FALSE,TRUE,64.66863029,0.1605595145,-54.45356385,32.15213158,34.07474283,-7.17191798,-0.1811295022,-0.7031735475,2.528923938,,,-83.76063353,-6.582776969,12.81289947,170.0884092,1.120466126,0.7019891771,0.2614014494,4.009738916,0.5276254261,-8.354980984,1.538471965,-62489700,73.17973999,-22039478268,-13.19524479,23.02557377,3.928114509,,0,0.06802019881,1.121334568,0.5112743387,0.7019891771,-2.311297103
2022-05-03,70.79000092,71.95999908,70.47000122,63.57526779,21076400,67.07909374,64.7587767,,0.1431565342,1.621349321,,FALSE,TRUE,64.7587767,0.1552538777,-54.7669324,33.48444926,35.8974904,-10.85504211,-0.3526129746,-0.6997256159,4.307155521,,,-80.54093733,-5.499214661,12.78549817,189.0279125,1.115639745,0.7280026556,0.2847486683,4.514655088,0.8096393378,-8.354980984,0.9695039391,-41413300,48.47240323,-22255610196,-13.01919684,29.94614262,5.716441474,,0,0.0872282712,1.46758823,0.533618467,0.7280026556,-1.853602415
2022-05-04,71.23999786,72.51000214,70.94000244,64.99402618,28290100,66.94395084,64.87854691,,0.1136391445,1.563268074,,TRUE,TRUE,64.87854691,0.1519844399,-32.50691981,34.03593608,45.40955249,8.715239689,-0.3697704333,-0.5735064597,5.081658218,,,-61.69952136,-3.99258844,12.61069487,193.9757417,1.149450828,0.7647380353,0.3062344494,4.761470717,1.333099346,-8.354980984,1.274308451,-13123200,48.34638155,-22498183475,-12.77727522,37.85955121,5.71799409,,0,0.1093842695,1.813670454,0.5533845402,0.7647380353,-1.005241502
2022-05-05,71.90000153,72.5,71,64.32953644,27424600,66.70823727,65.00500816,,0.08249892701,1.499253551,,FALSE,TRUE,65.00500816,0.1474790154,-37.11446354,34.54803098,42.24752637,8.17278354,-0.4320067077,-0.5085941873,4.474389851,,,-70.52408782,-6.827942553,12.65163067,195.7510002,1.158748527,0.7470995555,0.3175751905,5.081832542,1.072268256,-8.354980984,1.237608225,-40547800,-2.903209817,-22769521135,-12.86691393,31.94555077,5.965320571,,0,0.1264156319,2.096449721,0.5635381003,0.7470995555,-1.215166628
2022-05-06,71.22000122,72.44000244,71.19999695,64.84137726,27679900,66.50664577,65.1324292,,0.05059528107,1.429295864,,FALSE,TRUE,65.1324292,0.1440833851,-28.55972039,35.02354767,45.40130916,9.503818758,-0.4350135614,-0.4092808328,6.151397051,,,-63.72673186,-5.853988807,12.53258556,193.023522,1.161462172,0.7524827124,0.3135416763,5.311941143,1.151143341,-8.354980984,1.230627714,-12867900,31.70305802,-23081080353,-12.57396883,38.86093849,8.820922667,,0,0.1483570632,2.447351451,0.5599479228,0.7524827124,-0.8627282825
2022-05-09,71.76999664,72.40000153,71.06999969,64.35649872,25709700,66.269137,65.21393791,,0.01851036273,1.353274747,,FALSE,TRUE,65.21393791,0.1370658209,-36.88516655,35.54255829,43.00541797,-2.404134512,-0.4710917086,-0.356287184,5.511681312,,,-70.16602295,-6.873685547,12.53776398,188.5193392,1.11484941,0.6777904359,0.3222276393,5.598711719,1.622617022,-8.354980984,1.121799088,-38577600,49.52455174,-23366341720,-12.33779048,33.02147255,10.68399824,,0,0.2012919087,3.481516461,0.5676509837,0.6777904359,-1.01455813
2022-05-10,71.76999664,72.75,69.95999908,63.57526779,32789200,66.03970871,65.27357811,,-0.01349880233,1.271130917,,FALSE,TRUE,65.27357811,0.1285722947,-48.11264839,36.62225244,39.39794238,-2.849583986,-0.5563099125,-0.3532043103,4.154707836,,,-85.17878172,-6.731672183,12.64922527,192.1340508,1.128251577,0.6865924441,0.323772117,4.503095196,1.304679823,-8.354980984,1.401287387,-71366800,41.52858049,-23549202721,-11.84822387,26.51608771,10.42211789,,0,0.1872852858,3.20443482,0.5690097688,0.6865924441,-1.282667444
2022-05-11,70.75,72.5,70.69000244,64.03321838,36050900,65.82015762,65.35290283,,-0.04496739423,1.182904962,,FALSE,TRUE,65.35290283,0.1197574353,-36.01398678,37.62482559,42.44570973,-2.955599427,-0.5802049263,-0.3016794593,4.447065831,,,-95.67884679,-6.417348181,12.68355728,188.5057551,1.123837591,0.6787714323,0.3153383276,3.246761365,1.679575846,-8.354980984,1.497812127,-35315900,59.11664879,-23850428627,-11.53359182,34.74429191,11.79949089,,0,0.2048741883,3.497405216,0.5615499333,0.6787714323,-0.9479494348
2022-05-12,71.23000336,71.41000366,69.83999634,63.38670349,24946000,65.57501564,65.40466843,,-0.07557951461,1.088524419,,FALSE,TRUE,65.40466843,0.1091500161,-32.85484278,38.95789325,39.43079801,-3.574619967,-0.6438879066,-0.2922899517,6.078033579,,,-127.3582736,-7.179488153,12.7780374,186.5720401,1.130928753,0.7014372478,0.3296286044,2.905583788,1.54196234,-8.354980984,1.020974674,-60261900,41.28507915,-24080448630,-11.18604317,35.10121637,13.54828687,,0,0.2109958447,3.61727219,0.5741329153,0.7014372478,-1.172904658
2022-05-13,71.20999908,71.54000092,70.29000092,64.14097595,15104400,65.3657917,65.45011147,,-0.1042716008,0.9879694404,,FALSE,TRUE,65.45011147,0.09976239036,-20.13972121,39.98983823,44.39331711,4.995374725,-0.6262743427,-0.2197411102,7.27626661,,,-115.7689145,-6.12433357,12.65856734,177.3391062,1.139193206,0.6988587382,0.3415794196,2.690032311,1.754483247,-8.354980984,0.6170587048,-45157500,6.267984662,-24244156762,-10.75415675,40.71855617,13.19374827,,0,0.1994264085,3.424789266,0.5844479615,0.6988587382,-0.6906630897
2022-05-16,71.45999908,71.95999908,71.16000366,64.33853149,11606800,65.18485413,65.47221077,,-0.1298387262,0.8811807351,,FALSE,TRUE,65.47221077,0.09048115708,-12.3288681,40.28728256,45.6493492,3.203639472,-0.5895780959,-0.1464358907,8.529565046,,,-129.6201162,-5.325038561,12.5802072,167.7059919,1.139341792,0.7080039579,0.3459578285,2.764399184,1.811766689,-8.354980984,0.4774211328,-33550700,-22.30537519,-24453703353,-10.8773766,45.07077497,13.21704225,,0,0.1871280434,3.223905055,0.5881817989,0.7080039579,-0.5046466273
2022-05-17,71.98999786,72.40000153,70.87999725,65.00301361,14950900,65.01514091,65.4911869,,-0.1514737452,0.7681488321,,FALSE,TRUE,65.4911869,0.0818208836,-2.292919469,39.90755192,49.75992614,10.32912813,-0.501101516,-0.04636744868,10.16429981,,,-113.6515612,-4.962572092,12.43866817,149.6934023,1.144205074,0.7077308453,0.3515446543,2.776077436,2.084702499,-8.354980984,0.616958487,-18599800,-9.47188045,-24584267342,-10.37229051,50.71885609,14.269375,,0,0.1852753465,3.192081695,0.5929120123,0.7077308453,-0.008101428583
2022-05-18,72.51000214,72.66000366,71.5,64.37445068,18728300,64.78616219,65.51739433,,-0.169037579,0.6488889238,,FALSE,TRUE,65.51739433,0.07169454574,-15.76141233,39.17935055,46.20038683,1.807069725,-0.4762134717,-0.01718352348,8.8522411,,,-145.0565479,-6.641489844,12.46841298,117.9260847,1.153041614,0.7023375539,0.361089635,1.534346302,1.871097824,-8.354980984,0.772194675,-37328100,2.194126442,-24833080132,-9.896695492,50.49071819,14.15304647,,0,0.1875379534,3.230163417,0.6009073431,0.7023375539,-0.349126746
2022-05-19,71.36000061,71.86000061,70.52999878,64.23975372,18276100,64.60746841,65.54982727,,-0.1820417658,0.5234131416,,FALSE,TRUE,65.54982727,0.05935574378,3.050118006,39.18264831,45.45007399,-0.1992752083,-0.4620324142,-0.002401972776,8.558978044,,,-173.6413057,-5.270143291,12.51450219,94.35889898,1.128451178,0.6809957969,0.3505736758,1.509520147,2.259783354,-8.354980984,0.7537555595,-55604200,-0.719232963,-25024229900,-9.809056876,51.86174563,12.65157073,,0,0.198657018,3.467819336,0.5920926244,0.6809957969,-0.389697946
2022-05-20,71.73000336,71.94000244,70.75,64.41934204,15679000,64.49477386,65.5774675,,-0.1903880581,0.3917070937,,FALSE,TRUE,65.5774675,0.04775114905,13.98841535,39.06758474,46.69311384,-3.066812297,-0.4313304388,0.02264000211,9.059726789,,,-186.2765455,-3.380503522,12.45284494,80.88604816,1.125577243,0.6796074094,0.3511464105,1.365533326,2.143300907,-8.354980984,0.662579233,-39925200,-42.65535793,-25206729375,-9.70964601,59.53536424,12.37100958,,0,0.1888213741,3.305999355,0.59257608,0.6796074094,-0.09325690331
2022-05-23,72.55999756,72.93000031,71.87999725,65.19158936,13541100,64.44359016,65.62483429,,-0.1939576181,0.2538145409,,FALSE,TRUE,65.62483429,0.04015098756,19.48063173,37.61780754,51.78136779,5.580980958,-0.3407569635,0.09057078186,10.48388984,,,-150.4336898,-1.545978917,12.29256454,72.19827441,1.067011026,-0.007385202494,0.008017958308,1.469660913,1.790299561,-8.354980984,0.5926382712,-26384100,-54.61474264,-25392781212,-9.992167474,58.59481053,110.4838898,,,0.1234544611,1.844107552,-0.08954305282,-0.007385202494,1.036034722
2022-05-24,72.73999786,74.19000244,72.19000244,66.49364471,16155700,64.49073372,65.69966957,,-0.1920617815,0.1097955662,,TRUE,TRUE,65.69966957,0.03494160401,18.33192348,34.93317441,58.90403107,13.45395708,-0.1620439049,0.2154270724,14.63142069,,,-76.92751559,1.438382862,12.0586963,82.1947006,1.092762354,-0.007451478223,0.008178306371,3.219875373,2.106291058,-8.354980984,0.7139386561,-10228400,-21.39531263,-25500965558,-9.808329092,56.95338569,16.07755159,,0,0.1166643207,1.729896351,-0.09043398903,-0.007451478223,2.43678848
2022-05-25,74.12999725,74.23999786,73.51999664,66.44874573,13861900,64.55134621,65.75755096,,-0.1853260876,0.1095278224,,TRUE,TRUE,65.75755096,0.02843873262,28.02899276,32.48344092,58.58267354,11.8895597,-0.02376158262,0.2829675157,13.64524687,,,-77.07385078,1.85823861,12.09268368,91.88239894,1.084837259,-0.007391094179,0.008167205994,3.100212461,2.317033345,-8.354980984,0.6273665869,-24090300,-43.49899527,-25787107477,-10.03377149,64.58713902,14.80321444,,0,0.1304886747,1.949005923,-0.09037259537,-0.007391094179,2.065030455
2022-05-26,74.45999908,74.75,74.15000153,66.63728333,11645000,64.58501892,65.82152206,,-0.1741711766,0.1089856714,,TRUE,TRUE,65.82152206,0.02313002968,24.81399492,30.69501715,59.5798847,7.798516914,0.0998900917,0.3252953521,10.54430682,,,-65.22832228,1.020944803,12.07892033,98.33846444,1.07627745,-0.007700759594,0.009019083645,3.209702484,2.105867138,-8.354980984,0.5371295098,-12445300,-41.63287605,-26090371897,-10.32252299,62.52533964,12.82554826,,0,0.1140212815,1.718796815,-0.09496885618,-0.007700759594,2.086939649
2022-05-27,74.15000153,75.37000275,73.83000183,67.67892456,11620600,64.7695488,65.90097404,,-0.1580683849,0.1082225423,,TRUE,TRUE,65.90097404,0.02101870179,42.62670736,29.57858719,64.64470882,5.740677744,0.2787237232,0.4033031869,11.69382024,,,-39.07901036,5.767610603,12.01692899,119.0069596,1.07158866,-0.007595064829,0.008860129807,4.378761495,2.066338108,-8.354980984,0.5559394784,-824700,-57.22861633,-26194822583,-10.45221575,70.58283584,12.75836349,,0,0.1109842812,1.680752949,-0.09412826253,-0.007595064829,2.444710607
2022-05-31,74.66999817,74.94999695,74.01000214,66.74504852,15520500,64.94015999,65.972631,,-0.1389648668,0.107188878,,TRUE,TRUE,65.972631,0.01936667904,39.88710784,28.54190223,57.66790163,-0.9147719027,0.3411619703,0.3725931471,11.11769894,,,-55.96644174,5.387765083,12.06494712,121.7532161,1.055155803,-0.008393794314,0.01121676502,4.084541429,1.199415646,-8.354980984,0.7747522757,-16345200,-52.8483022,-26450250178,-11.00884499,75.4276679,11.53404668,,0,0.04869398611,0.751808956,-0.1059092301,-0.008393794314,1.48241549
2022-06-01,74.59999847,74.59999847,73.52999878,66.63728333,11211100,65.09326077,66.03369194,,-0.1171003165,0.1059057729,,TRUE,TRUE,66.03369194,0.01873377169,34.27891945,27.01355782,56.90468861,-2.675196088,0.3775962852,0.3272219696,9.603636404,,,-57.91517723,4.816362777,11.96978837,122.9330298,1.043731762,-0.008595367921,0.01205673462,3.844478836,0.8426388781,-8.354980984,0.5737633185,-27556300,-46.80732952,-26605900426,-11.13198954,67.25894093,11.43409325,,0,0.02366169852,0.3700100237,-0.1098031631,-0.008595367921,1.255986746
2022-06-02,74.56999969,74.77999878,73.05999756,67.08627319,12519100,65.19787312,66.10193657,,-0.0928889243,0.1043679126,,TRUE,TRUE,66.10193657,0.01701518687,49.99979378,25.09153768,59.32032619,-5.324382625,0.4376554526,0.3098249096,8.433082853,,,-63.06548361,3.219137407,11.97122855,130.7009097,1.024606332,-0.008202061375,0.01140139896,3.458588219,1.431501851,-8.354980984,0.6676483011,-15037200,-55.74741694,-26705379526,-11.21856721,77.46077964,8.987044487,,0,0.06225398077,0.9912843084,-0.1067773336,-0.008202061375,1.444825505
2022-06-03,74.40000153,74.80999756,74.20999908,66.76301575,8845600,65.31954708,66.16191986,,-0.06803544511,0.1025754691,,TRUE,TRUE,66.16191986,0.01378726901,37.62889646,23.32487001,56.8495933,-0.8183083289,0.4539359105,0.2608842941,5.581607476,,,-77.83016414,3.782833584,11.98323235,133.4891176,1.021976502,-0.008001428411,0.01089741255,3.184447157,1.493517673,-8.354980984,0.4963278718,-23882800,-67.74574652,-26933802470,-11.68292085,76.80123279,8.093940103,,0,0.06608308813,1.054733092,-0.1043906727,-0.008001428411,1.081338083
2022-06-06,75.01999664,75.26000214,74.58999634,67.0593338,10172900,65.43044491,66.2147197,,-0.04269247887,0.100568039,,TRUE,TRUE,66.2147197,0.01152533054,38.50055329,22.17966963,58.55372076,1.649032144,0.4851561037,0.2336835898,4.691537217,,,-71.70789531,3.420588267,12.00249509,138.4291563,1.020304048,-0.008058757253,0.01109437407,2.908698168,1.437450598,-8.354980984,0.6002865448,-13709900,-63.24806087,-27172656009,-12.07186649,76.68699945,6.692501069,,0,0.06212534312,0.9935145225,-0.1053298347,-0.008058757253,1.176694951
2022-06-07,74.48999786,75.19999695,74.02999878,67.46340179,9910000,65.58579006,66.25692352,,-0.01726208751,0.09835671605,,TRUE,TRUE,66.25692352,0.009339443079,36.14760879,20.72828563,60.8256757,1.505349513,0.5363208687,0.2278786838,6.975956138,,,-63.3593899,4.827644664,11.93899164,143.0971522,1.020544387,-0.007887426889,0.01061473942,2.711298753,1.681366786,-8.354980984,0.6133657408,-3799900,-61.45423712,-27293805459,-12.15424675,70.74326069,7.967356947,,0,0.0785183299,1.254402618,-0.1030278575,-0.007887426889,1.312123759
2022-06-08,74.80000305,74.80000305,73.55000305,66.14342499,9985700,65.71419792,66.2642868,,0.007407739252,0.09586767062,,FALSE,TRUE,66.2642868,0.004610836668,23.59287603,19.89225473,50.99205954,-5.857533763,0.4649980092,0.1252446595,5.629870214,,,-90.63161562,4.039553879,12.14265059,135.4231104,1.054970225,-0.008080375204,0.01040430621,2.452752012,1.164301149,-8.354980984,0.6649783106,-13785600,-69.54576507,-27422126945,-12.89549359,63.77768625,8.593514923,,0,0.04697701133,0.725190241,-0.102001501,-0.008080375204,0.3169525975
2022-06-09,73.62000275,73.97000122,71.83999634,64.554039,12883800,65.74023895,66.22764999,,0.02947247455,0.09305415721,,FALSE,TRUE,66.22764999,-0.001551121836,3.5105451,20.53762473,42.15474119,-16.39897957,0.2770305277,-0.05017825765,2.406047907,,,-134.1116302,0.813360051,12.47934929,132.489542,1.091282715,-0.008474337993,0.01068950751,2.386270054,0.2328175579,-8.354980984,0.9296861611,-26669400,-64.26219595,-27523152155,-13.25106039,65.61084298,6.672167624,,0,-0.01625315494,-0.2425577611,-0.1033900745,-0.008474337993,-0.8953159122
2022-06-10,71.18000031,71.98000336,70.73999786,64.06015778,16400300,65.77391167,66.17018066,,0.04826776418,0.08994237468,,FALSE,TRUE,66.17018066,-0.008774778849,-3.875991968,21.80504121,39.84396282,-20.98171289,0.08720758226,-0.1920009625,1.968869746,,,-144.2728519,1.062453555,12.54497732,126.9323818,1.095804876,-0.008449230138,0.01053016876,2.465675569,0.09118479347,-8.354980984,1.221083558,-43069700,-34.25679468,-27716247449,-13.53516142,56.6360649,7.211806185,,0,-0.02647580508,-0.3934741169,-0.1026166106,-0.008449230138,-1.350131359
2022-06-13,70.43000031,70.58999634,67.72000122,61.11487579,26360700,65.62260666,66.05524261,,0.06129892607,0.08639664132,,FALSE,TRUE,66.05524261,-0.02040774586,-35.63581435,24.21685115,29.46935755,-21.52270199,-0.2974591865,-0.461334185,-2.608694489,,,-86.34149163,-4.717889171,12.91804171,160.9098281,1.246077707,-0.008405634662,0.007976083493,3.440032884,-0.9855841927,-11.56443787,1.883747429,-69430400,74.52331771,-27863943359,-12.93357857,46.0164796,3.900882849,,0,-0.1119880424,-1.454852414,-0.08930892169,-0.008405634662,-2.801401829
2022-06-14,68.13999939,68.38999939,65.58999634,59.57037354,25671300,65.38419876,65.89073685,,0.06768116385,0.08236358699,,FALSE,TRUE,65.89073685,-0.03535091944,-59.26250283,27.01316061,25.69150539,-16.4632358,-0.7186545936,-0.7060236737,-6.269094216,,,-61.55029507,-7.41104568,13.04633927,209.0563491,1.282309507,-0.008519738282,0.007723638844,4.676297544,-1.302941707,-13.79939169,1.746705786,-95101700,121.1746562,-27999994212,-12.0646924,35.95526432,0.8967150267,,0,-0.1407023267,-1.77469862,-0.08788423547,-0.008519738282,-2.780984768
2022-06-15,66.93000031,67.79000092,65.95999908,59.95651245,25832400,65.1318737,65.74436996,,0.06747930928,0.07789391429,,FALSE,TRUE,65.74436996,-0.04874616307,-53.99565979,29.60973368,28.17072767,-11.67323515,-1.009658095,-0.7976217399,-5.489101016,,,-57.60204699,-7.763487997,13.01869976,241.7913154,1.282112116,-0.008586064925,0.007844226934,5.561610274,-1.307263406,-13.79939169,1.694922038,-69269300,72.78157168,-28195317664,-11.84645788,38.97068502,2.684457807,,0,-0.1412720647,-1.782294167,-0.08856764044,-0.008586064925,-2.140424789
2022-06-16,65.94000244,65.94000244,64.95999908,58.79814148,24377200,64.85305824,65.56639511,,0.05950338507,0.07298808861,,FALSE,TRUE,65.56639511,-0.06368656641,-60.33147043,32.24901045,25.42973649,-4.039621064,-1.318551877,-0.8852124179,-7.704390436,,,-59.19169488,-8.662301806,12.99361435,280.1010056,1.303541501,-0.008466813163,0.007376129319,6.562106814,-1.706574432,-14.91684101,1.57034174,-93646500,30.16237459,-28526242458,-11.89539191,31.61536341,4.345293236,,0,-0.1766514339,-2.191471193,-0.08588439508,-0.008466813163,-2.161690476
2022-06-17,65.58000183,66.04000092,64.33000183,58.25039291,21564700,64.5535902,65.35052681,,0.04432726982,0.06769997712,,FALSE,TRUE,65.35052681,-0.07910174025,-75.43090044,34.83318228,24.22922225,-1.462283139,-1.589231486,-0.924713621,-7.776499143,,,-55.62313584,-9.323449207,12.93298358,316.6376929,1.307191285,-0.008631960346,0.007629502868,7.333799417,-1.918907549,-15.70945413,1.374604553,-115211200,17.99399215,-28701146354,-11.71893441,25.19507252,4.665132205,,0,-0.1950520991,-2.413944689,-0.08734702552,-0.008631960346,-1.990665493
2022-06-21,64.58000183,65.94000244,64.41999817,59.35919189,18633200,64.3005827,65.16024651,,0.02383839385,0.06214382825,,FALSE,TRUE,65.16024651,-0.09128182102,-58.27342936,37.2327704,31.29957571,3.128848042,-1.694740303,-0.8241779507,-6.644798313,,,-45.47858918,-7.85501681,12.74176588,337.3085496,1.325236528,-0.008120458635,0.006562412987,8.000700648,-1.717989033,-15.70945413,1.176662263,-96578000,18.84176287,-28843856857,-11.4839927,32.6065051,5.114941171,,0,-0.179015044,-2.182004684,-0.08100872167,-0.008120458635,-1.464946799
2022-06-22,65.23000336,66.76000214,65.20999908,59.98373413,14291100,64.04018993,64.9777877,,-0.0008865256058,0.05636022886,,FALSE,TRUE,64.9777877,-0.1005740367,-50.43906756,38.52547953,34.97985673,9.550120245,-1.708269593,-0.6701657929,-5.795623328,,,-39.76457071,-7.988538516,12.55502149,349.9335353,1.318192597,-0.008399540906,0.007098754105,8.525503861,-1.806957801,-15.70945413,0.9003322594,-82286900,5.538693311,-28954520767,-11.21939186,38.1635525,7.180145696,,0,-0.1864936488,-2.286828014,-0.08425410438,-0.008399540906,-1.159207505
2022-06-23,66.66000366,67.94999695,66.56999969,61.3957634,20570100,63.78529587,64.8424263,,-0.02790180006,0.05041363962,,FALSE,TRUE,64.8424263,-0.1065377234,-40.20339769,38.52362653,42.48210014,18.25287789,-1.586761494,-0.4389261546,-3.713840562,,,-26.84573058,-7.666719638,12.24574227,349.6883891,1.35330349,-0.008406802661,0.006720279966,8.856628004,-1.42611438,-15.70945413,1.2781334,-61716800,27.32410233,-29129344157,-11.27255549,39.86289492,9.655618153,,0,-0.1577452537,-1.880378318,-0.08197731373,-0.008406802661,-0.683331945
2022-06-24,68.19000244,69.15000153,67.91999817,62.46382523,15037600,63.58604984,64.723218,,-0.05574559821,0.04432595313,,FALSE,TRUE,64.723218,-0.1094721692,-28.85536078,37.48034524,47.42373174,16.12415603,-1.388278575,-0.1923545885,-3.035605073,,,-17.07389344,-5.996983778,12.03984302,345.0355298,1.367785815,-0.007944974202,0.005872198606,9.071147997,-1.254083379,-15.70945413,0.9309682718,-46679200,8.481521292,-29277792362,-10.80530429,41.18056527,8.934036188,,0,-0.1429037802,-1.683478894,-0.07663027213,-0.007944974202,-0.325249002
2022-06-27,68.86000061,69.73000336,68.58999634,62.97070313,11638400,63.40272083,64.6168412,,-0.08422513431,0.03818518671,,FALSE,TRUE,64.6168412,-0.1104293343,-27.05970449,36.05171964,49.6352263,14.65536957,-1.176516472,0.01552601172,-3.645585745,,,-12.50505351,-5.502295438,11.80331688,337.6314693,1.367632147,-0.007849886669,0.005736606531,9.242718545,-1.256858745,-15.70945413,0.7205406779,-35040800,-0.05667668527,-29404166165,-10.25795457,41.34079341,7.825764217,,0,-0.1428202114,-1.6825843,-0.07574038903,-0.007849886669,-0.1279554032
2022-06-28,69.80000305,70.33999634,69.22000122,62.73538208,13185900,63.15554371,64.50503975,,-0.1115442507,0.03196052257,,FALSE,TRUE,64.50503975,-0.111673821,-31.64477393,34.25879415,48.61289952,6.130799379,-1.015970446,0.1408576299,-4.62161427,,,-15.23036834,-7.304404602,11.75976543,322.4315589,1.36811365,-0.007890441046,0.005793462334,7.789273528,-1.30792692,-15.70945413,0.8124108935,-48226700,13.47004458,-29570041194,-10.3977141,46.19872394,7.14921953,,0,-0.1473583676,-1.735616609,-0.07611479708,-0.007890441046,-0.1303103301
2022-06-29,69.41999817,69.62999725,68.91999817,62.78062057,15164700,62.95732231,64.4015065,,-0.1365741651,0.02569009926,,FALSE,TRUE,64.4015065,-0.1110319847,-24.60676281,32.77580493,48.83109108,1.407359343,-0.8749997432,0.2254626661,-5.430761734,,,-16.07242069,-5.9396585,11.70100466,311.1931177,1.354220439,-0.008187130411,0.006375821634,5.88551518,-1.580138768,-15.70945413,0.9353541247,-33062000,-2.292451918,-29847464878,-10.47695893,45.37960533,7.045653216,,0,-0.1704651398,-2.030771761,-0.07984874222,-0.008187130411,-0.05678201939
2022-06-30,68.93000031,70.65000153,68.83999634,63.47758865,18868900,62.79933758,64.30311272,,-0.1584619128,0.01945379237,,FALSE,TRUE,64.30311272,-0.1098516079,-8.427042629,30.63043685,52.19863713,2.563410821,-0.6989825112,0.3211839185,-5.163377378,,,-11.14265369,-4.741631882,11.57734718,299.3216699,1.360652685,-0.007911014652,0.005883083389,5.28379778,-1.207426475,-15.70945413,1.136976611,-14193100,68.30551864,-29978137584,-10.15998488,51.70500777,8.212746354,,0,-0.1383416403,-1.638496904,-0.07670126067,-0.007911014652,0.2265960483
2022-07-01,70.48999786,71.97000122,70.20999908,65.03442383,17127900,62.69674511,64.22472069,,-0.1767139846,0.0133538,,TRUE,TRUE,64.22472069,-0.1051927233,7.041165501,29.10298209,58.73197998,10.11908046,-0.42891968,0.4729973998,-2.733032951,,,9.220183944,-3.058523402,11.4173314,287.1226285,1.396831102,-0.01702377503,0.0504627612,6.504650524,-0.8304301834,-15.70945413,1.01793521,2934800,36.81414798,-30096000289,-10.07546827,58.2881667,97.26696705,,,-0.1538447063,-1.813103355,-0.22463918,-0.01702377503,0.8141743237
2022-07-05,71.69000244,71.73999786,68.30999756,62.8168335,22026800,62.499436,64.12478477,,-0.1921024955,0.007304206868,,FALSE,TRUE,64.12478477,-0.1017383554,12.98310001,27.55886696,48.55241198,-0.2786790983,-0.3893458111,0.410057015,-7.34387465,,,-19.80586984,-5.910730974,11.84037433,270.8039821,1.436108517,-0.01736204822,0.05463625742,6.367611207,-1.802473129,-15.70945413,1.259741106,-19092000,149.0141991,-30188579168,-9.307243898,59.17396251,5.481485495,,0,-0.1918640913,-2.292593678,-0.2337439997,-0.01736204822,0.1172056248
2022-07-06,69.73999786,70.76000214,69.19000244,63.46852875,14259100,62.31989574,64.06069069,,-0.2040640802,0.001342993432,,FALSE,TRUE,64.06069069,-0.09715874956,31.90967547,26.12504577,51.22773106,-0.970906069,-0.3019165682,0.3979890063,-5.657875786,0.3998943978,,-11.2758266,-5.354668545,11.79398023,250.0925013,1.444146287,-0.01715488634,0.05267497482,5.993199435,-1.557105839,-15.70945413,0.806077507,-4832900,40.16750386,-30306765760,-8.858677528,67.45316915,8.319165751,,0,-0.1691711482,-2.006974909,-0.2295102935,-0.01715488634,0.4592832641
2022-07-07,70.48000336,70.70999908,69.97000122,63.4051857,8399700,62.11698494,64.00448914,,-0.211794055,-0.004441217796,,FALSE,TRUE,64.00448914,-0.09198693447,28.99647795,24.79364037,50.9504008,-7.781579183,-0.2350302357,0.371900271,-6.339580483,0.6120332829,,-12.10492416,-6.015433534,11.6955692,220.9270377,1.442863288,-0.01722906573,0.05326681207,5.657919336,-1.638949295,-15.70945413,0.4768770252,-13232600,-15.24016145,-30464199622,-8.999655568,65.15193465,5.880491703,9.303383873,0,-0.1765828817,-2.097517695,-0.23079604,-0.01722906573,0.5830887759
2022-07-08,69.98000336,70.12999725,69.58999634,63.19698715,6282300,61.96966305,63.95741341,,-0.2143848874,-0.01004344149,,FALSE,TRUE,63.95741341,-0.08843762598,40.1968901,23.80083263,49.9924137,1.440001714,-0.1965564378,0.3282992551,-8.468276884,0.3384323492,,-14.83003625,-4.454619391,11.8178876,201.6468342,1.434051528,-0.01704696033,0.0529048928,5.100408988,-1.457889989,-15.70945413,0.3604550054,-19514900,-37.08703446,-30619232787,-9.171902038,70.20623833,3.350922049,8.479808831,0,-0.1580240526,-1.890270545,-0.2300106363,-0.01704696033,0.6086503213
2022-07-11,69.55000305,70.38999939,69.38999939,63.59526443,6616400,61.92172432,63.92458878,,-0.2116185051,-0.01540505082,,FALSE,TRUE,63.92458878,-0.08351802439,49.51808149,22.66956165,51.85722834,0.6294972822,-0.1324017823,0.3139631285,-7.663274124,2.025595632,,-10.9236212,-1.485227852,11.73838947,196.2468442,1.435868691,-0.01703098038,0.05264815693,4.31178078,-1.41031399,-15.70945413,0.3865750418,-12898500,-48.64558593,-30702529756,-9.288042052,78.25616566,5.190413819,11.30546663,0,-0.1538644103,-1.837686238,-0.2294518619,-0.01703098038,0.8527730077
2022-07-12,69.84999847,70.80999756,69.62999725,63.28751373,9570400,61.88309212,63.87106247,,-0.2031302096,-0.02051099792,,FALSE,TRUE,63.87106247,-0.07906288111,39.31180126,21.28007433,50.29647063,-0.6539301679,-0.1051792246,0.272948549,-8.420547696,0.7676051774,,-28.43912343,-1.206122604,11.74187394,192.5411773,1.43663533,-0.01707641768,0.05284003676,3.696946325,-1.462428191,-15.70945413,0.570551701,-22468900,-41.64496991,-30814981662,-9.236751213,77.369325,5.138280775,10.81298113,0,-0.159272819,-1.901208046,-0.2298696082,-0.01707641768,0.7294136429
2022-07-13,69.26999664,70.37999725,69.20999908,63.02500534,19079600,61.97859859,63.85179604,,-0.189815706,-0.0253654773,,FALSE,TRUE,63.85179604,-0.07469924467,31.57893694,20.30233438,48.94331305,-1.049100648,-0.1035932267,0.2196276375,-7.538936713,1.00954972,,-65.64802505,3.12547399,11.75583676,193.2660822,1.43697015,-0.01716517495,0.05334356257,3.168787008,-1.548140441,-15.70945413,1.16268944,-41548500,-27.62104193,-31035783298,-9.664418549,68.33810557,6.05833586,11.36406845,0,-0.1677960944,-2.002769649,-0.2309622536,-0.01716517495,0.5414332066
2022-07-14,68.51000214,69.73000336,68.34999847,63.02500534,9462500,62.15133018,63.84563965,,-0.172318232,-0.02996033154,,FALSE,TRUE,63.84563965,-0.07066507681,19.82367854,19.99274498,48.94331305,-2.913915291,-0.1011700862,0.1776406225,-7.890821678,1.927561441,,-120.8639294,5.799244827,11.61289295,185.9075524,1.436018696,-0.01707901715,0.05287308169,2.913269134,-1.449887322,-15.70945413,0.6065920935,-41548500,-63.13977087,-31118271261,-9.994833307,61.53386872,6.856171929,14.65310496,0,-0.158699892,-1.895358899,-0.2299414745,-0.01707901715,0.4699514056
2022-07-15,69.69999695,69.86000061,68.55999756,63.14268494,8742100,62.31063881,63.83698799,,-0.1516675439,-0.0342757372,,FALSE,TRUE,63.83698799,-0.06541814611,9.340027512,19.58481716,49.64761398,-0.6488566512,-0.08873113263,0.1520636608,-7.536817465,1.794820089,,-141.1832637,5.314139124,11.48726286,179.6561758,1.43309978,-0.01719729733,0.05383777227,2.824099901,-1.537900863,-15.70945413,0.5928885386,-32806400,-66.15839024,-31199872711,-10.18843442,60.23323836,7.194004328,14.69404898,0,-0.1672213497,-2.002631408,-0.2320296797,-0.01719729733,0.4631324938
2022-07-18,69.59999847,69.69999695,68.76000214,62.26468658,7711000,62.48396606,63.7824012,,-0.128700643,-0.03833774046,,FALSE,TRUE,63.7824012,-0.0603749143,-9.241774791,19.20602705,44.69389822,-4.249414827,-0.1480140874,0.07422456484,-8.870439506,-0.1090444067,,-165.1722657,5.89567122,11.56792606,159.5861032,1.43692521,-0.01766445909,0.05643754197,2.924355134,-1.939710211,-15.70945413,0.5542848353,-40517400,-68.3679832,-31314148934,-10.02006408,55.03140744,5.234723843,11.64402628,0,-0.2066457476,-2.469638387,-0.2375658687,-0.01766445909,-0.1374051221
2022-07-19,69.23999786,69.61000061,69,62.66296005,11357700,62.70459442,63.74906967,,-0.1037478065,-0.04206319771,,FALSE,TRUE,63.74906967,-0.05623991676,-0.9282070814,18.85429338,47.26434945,-1.678963599,-0.1610029737,0.04898854282,-7.790663093,1.225211431,,-154.2904879,7.575171459,11.49166924,124.6553903,1.426975671,-0.01724697093,0.05477992886,2.934105848,-1.527998408,-15.70945413,0.8475092286,-29159700,-47.33198236,-31561487377,-10.67190282,54.54753896,4.808116495,11.78567089,0,-0.1646018051,-1.981974536,-0.2340511245,-0.01724697093,-0.03339957365
2022-07-20,69.34999847,69.37999725,68.22000122,61.83021545,17042600,62.8281456,63.68884644,,-0.07824436389,-0.04549768683,,FALSE,TRUE,63.68884644,-0.05511672128,-11.06426424,19.12933029,42.78660523,-6.861008746,-0.2357744284,-0.02062632949,-9.601350501,1.088979759,,-170.3942871,4.16283221,11.62592741,99.44995745,1.421153741,-0.01735571159,0.05604234902,3.079777025,-1.468589488,-15.70945413,1.279307358,-46202300,-8.536375931,-31766286762,-10.96864938,54.0207574,3.343084218,10.98143445,0,-0.1582097651,-1.91537241,-0.236732653,-0.01735571159,-1.003449545
2022-07-21,68.5,68.51999664,67.84999847,61.99314499,13014700,62.92861614,63.64157936,,-0.05320290128,-0.04870514002,,FALSE,TRUE,63.64157936,-0.05423351668,-18.42696182,19.64862514,43.90633214,-0.7875660853,-0.2786719365,-0.05081907009,-10.09495856,0.89921956,,-142.1565432,3.349926255,11.45945869,76.76423745,1.419974364,-0.01719268428,0.0551430584,3.261557877,-1.292727396,-15.70945413,0.9816547392,-33187600,-8.93143285,-32006839967,-11.51130494,44.88694949,2.398582672,10.0695782,0,-0.140875744,-1.706654122,-0.2348255915,-0.01719268428,-1.218628862
2022-07-22,69.04000092,69.69999695,68.87999725,62.8439827,9771500,63.00102711,63.62695366,,-0.02948009993,-0.05164994218,,FALSE,TRUE,63.62695366,-0.05284712268,-29.80262239,18.8576621,49.46808568,2.203736233,-0.2412322532,-0.01070350946,-7.328388874,2.150539568,,-128.6893718,2.358826113,11.2150234,67.85774521,1.427454087,-0.01684445285,0.05236443231,1.371658246,-0.8455677894,-15.70945413,0.7683210948,-23416100,-52.49658485,-32160467414,-11.91667574,42.24398332,4.232027403,11.0762641,0,-0.09833917247,-1.183021102,-0.2288327606,-0.01684445285,-0.231431814
2022-07-25,69.31999969,70.31999969,69.12999725,63.6314621,8646000,63.05940895,63.61891853,,-0.00688991059,-0.05426124668,,TRUE,TRUE,63.61891853,-0.05055203376,13.76127871,17.55010255,54.01285179,11.22624655,-0.146331213,0.06735802463,-4.562207046,3.625911625,,-142.5181649,1.869300939,11.16271538,68.01537533,1.436324409,-0.01646626499,0.04937997886,1.3748896,-0.5212120543,-15.70945413,0.6973474825,-14770100,-42.504123,-32249012973,-11.9822647,51.83534117,4.549908268,9.897727111,0,-0.06697760127,-0.7990773895,-0.2222160635,-0.01646626499,0.8410644558
2022-07-26,70.23999786,70.94000244,70.16000366,64.01161194,8967200,63.11145439,63.6314167,,0.01434105766,-0.05654984174,,TRUE,TRUE,63.6314167,-0.04631178714,9.615205378,16.7865452,56.06702334,12.1606912,-0.03998561047,0.1389629017,-3.328011271,5.254105693,,-124.2194695,1.653004908,11.02560645,71.20844377,1.43086836,-0.01670564315,0.05120606405,1.850420409,-0.6188867022,-15.70945413,0.7311300179,-5802900,-22.95160847,-32399349261,-12.21043509,50.08434259,5.622335668,11.99151894,0,-0.07747072668,-0.9290973756,-0.2262875694,-0.01670564315,1.264116303
2022-07-27,70.38999939,70.97000122,70.19000244,64.06593323,10342100,63.17798195,63.62991585,,0.03305761753,-0.05856037887,,TRUE,TRUE,63.62991585,-0.04522231108,11.71715026,16.10298362,56.36695046,6.898864775,0.04812259245,0.1816568837,-2.265176002,7.023022201,,-121.2840358,2.120894308,10.98469652,73.68246892,1.377307876,-0.01637676951,0.05388461867,1.902320968,-0.05135859739,-15.70945413,0.8531213447,4539200,-21.56697685,-32572090939,-12.38197617,50.77270405,3.970753203,12.5615063,0,-0.02227501455,-0.2797769929,-0.2321306069,-0.01637676951,1.205105219
2022-07-28,72.02999878,73.47000122,71.97000122,66.36499023,14857800,63.35720043,63.67044502,,0.0511708882,-0.06024662378,,TRUE,TRUE,63.67044502,-0.04147922265,40.98318426,17.16234921,66.72189997,12.70904818,0.3000053891,0.3468317443,1.72985113,11.77971771,,-26.42362125,5.709356847,10.89252597,101.7531644,1.445566788,-0.01537133309,0.04256695696,4.94412583,0.7953596667,-15.70945413,1.227175472,19397000,-2.023778908,-32697986249,-11.77189728,57.75135278,7.409857103,16.57859371,0,0.06108822757,0.7221197838,-0.2063176118,-0.01537133309,2.955966844
2022-07-29,73.18000031,74.26000214,73.16999817,66.93521881,12273800,63.53008194,63.70908913,,0.06865807842,-0.06162243049,,TRUE,TRUE,63.70908913,-0.03655891323,42.2674251,18.54084827,68.70562993,12.63860659,0.5394189152,0.4689962163,1.472609739,11.74958395,,-14.27112544,5.4470093,10.87464381,129.4970111,1.448517381,-0.01525138852,0.04172303359,5.555326783,0.8807593412,-15.70945413,1.042134364,31670800,-34.95222297,-32850671345,-12.19494429,59.40920719,7.695511583,15.27744469,0,0.06977283859,0.822589245,-0.2042621688,-0.01525138852,2.629510012
2022-08-01,73.72000122,74.08999634,73.25,67.00763702,11574400,63.6287426,63.76175285,,0.08483596185,-0.06263899125,,TRUE,TRUE,63.76175285,-0.029301926,48.52360481,19.82088312,68.95870385,12.59175339,0.7266233425,0.5249605149,4.718532485,10.5371308,,-13.14135677,3.034105755,10.85649996,147.7866002,1.421142426,-0.01079836629,0.03210464827,5.450801174,0.5024048434,-15.70945413,1.00647963,43245200,-32.42370635,-33034274128,-12.7752314,52.60434118,104.7185325,110.5371308,,0.03013167939,0.3611175672,-0.1791777003,-0.01079836629,2.286333415
2022-08-02,74.36000061,74.79000092,73.81999969,66.87187195,11458300,63.83149452,63.81439522,,0.0993933943,-0.06328365099,,TRUE,TRUE,63.81439522,-0.02350565663,51.02024502,21.35437091,67.85090286,1.12900289,0.8541826075,0.5220158239,5.588014205,8.258254772,,-14.0940372,6.45533725,10.95223006,163.0856979,1.414476684,-0.01067867254,0.03177131364,5.214489057,0.658109676,-15.70945413,1.04437331,31786900,-47.98018777,-33209884247,-13.76892902,62.64980729,10.95512464,14.94945967,0,0.04965126293,0.5933171104,-0.1782450943,-0.01067867254,1.864282071
2022-08-03,73.76999664,74.51999664,72.62000275,67.28822327,10980200,64.02247925,63.87177284,,0.1118412384,-0.06355894606,,TRUE,TRUE,63.87177284,-0.01630059741,53.58336542,21.5366884,69.47064843,0.7650184975,0.9776011385,0.5163474839,5.840251412,10.39895564,,-8.094740777,6.018249665,10.98457812,180.0905056,1.413157182,-0.01069722764,0.03195384323,5.285949844,0.6263264175,-15.70945413,1.015978234,42767100,-22.99513995,-33282489913,-13.76692123,61.77525887,11.89973039,17.78232519,0,0.04661959507,0.5577134142,-0.1787563795,-0.01069722764,1.813390444
2022-08-04,74.37999725,75.04000092,74.13999939,67.43304443,8664100,64.22387218,63.91660194,,0.1214019936,-0.06344894837,,TRUE,TRUE,63.91660194,-0.009815928127,53.74117089,22.00110104,70.03614821,1.077444364,1.074708501,0.4907638769,3.752680658,9.025037281,,-5.799080653,6.352569888,11.05809765,194.7490188,1.409155852,-0.01059182914,0.03158106907,5.181404196,0.8089155076,-15.70945413,0.8006942227,51431200,3.147731467,-33420286524,-13.6593628,61.91030368,10.63213507,16.49705113,0,0.06465528804,0.7761087576,-0.177710633,-0.01059182914,1.647850278
2022-08-05,74.30000305,74.63999939,73.52999878,67.18867493,11025100,64.42345657,63.93050255,,0.1283195678,-0.06295891738,,TRUE,TRUE,63.93050255,-0.005226951508,66.99534747,21.84527732,67.75549609,-0.0954067637,1.119048513,0.4280831116,4.44451903,9.117773989,,-9.197820901,6.316262775,11.16738049,203.909844,1.400083716,-0.01045828115,0.03127951408,4.760290693,0.9750701658,-15.70945413,0.997036049,40406100,75.49464368,-33557282239,-13.28487368,60.37293101,9.116102386,15.21063799,0,0.08041984648,0.972726529,-0.176860154,-0.01045828115,1.356098509
2022-08-08,74.87000275,75.22000122,73.98999786,67.28822327,8449500,64.60810452,63.9472921,,0.1334281273,-0.06211772321,,TRUE,TRUE,63.9472921,0.0001006059363,65.59706511,22.05380802,68.20965076,-1.260997667,1.148976328,0.3664087409,3.773587348,10.15711274,,-7.622455877,5.806971422,11.22368147,212.5529225,1.39774654,-0.01055955171,0.03200179631,4.369149167,0.8683970776,-15.70945413,0.7578346352,48855600,27.70539871,-33657807332,-13.25292446,59.82166702,8.206150595,17.14087319,0,0.06987794433,0.8470105629,-0.178890459,-0.01055955171,1.260918326
2022-08-09,74.56999969,75.30999756,74.51999664,68.03949738,8106800,64.8457037,63.97533638,,0.1372813093,-0.06088002418,,TRUE,TRUE,63.97533638,0.005383088477,89.09156192,22.30226264,71.47495401,1.438805802,1.219260997,0.3493547278,5.722807689,11.54991192,,2.540200062,7.508564269,11.23672521,223.3018311,1.396285746,-0.01019807205,0.02996544492,4.368203355,1.272180361,-15.70945413,0.7319017546,56962400,-15.29298671,-33798916792,-13.46984851,68.61386427,7.785476094,18.67820951,0,0.1090946335,1.323555081,-0.1731053001,-0.01019807205,1.430258616
2022-08-10,75.51000214,75.66999817,74.94999695,68.33820343,7889300,65.1113636,63.98852196,,0.1419825747,-0.05923941924,,TRUE,TRUE,63.98852196,0.0121751206,89.30001251,22.7568755,72.67664429,4.921148194,1.284261024,0.3314838038,7.491805861,11.95777634,,-7.979289399,8.430301689,11.28593558,231.939367,1.389954662,-0.01038368994,0.03137844581,3.979268396,1.13503597,-15.70945413,0.7501591496,64851700,-58.65060064,-33951701465,-13.86309743,76.23862819,7.464530466,18.19962046,0,0.09492298472,1.158268986,-0.1771396224,-0.01038368994,1.391242836
2022-08-11,75.61000061,76.25,75.26999664,68.32913208,8024100,65.37656994,64.02020363,,0.1484889182,-0.05716511392,,TRUE,TRUE,64.02020363,0.01905387747,87.57237561,23.52581933,72.57664988,4.366999121,1.319827877,0.2936405257,6.70888299,11.45429726,,-11.24810203,8.415908433,11.30885799,237.0949267,1.389818377,-0.01044808052,0.03177070885,3.349271489,1.073986967,-15.70945413,0.7682302824,56827600,-15.2010568,-34073386790,-14.14619233,76.077695,5.925208267,18.0806667,0,0.0889725788,1.085882722,-0.1782433978,-0.01044808052,1.245308022
2022-08-12,76,76.73000336,75.84999847,69.44244385,7899400,65.69155788,64.07630684,,0.1571605043,-0.054621756,,TRUE,TRUE,64.07630684,0.02866221484,88.18689684,24.51141475,76.79622752,5.321273505,1.421464067,0.3162213725,9.55364457,16.21235187,,-10.92176328,9.97702096,11.22268328,247.4749838,1.398638211,-0.01032320647,0.03057234114,4.027694162,1.180060866,-15.70945413,0.759354711,64727000,-9.639560289,-34196321545,-14.4021542,76.07610883,7.247131736,21.54839468,0,0.1000584512,1.211728047,-0.1748494814,-0.01032320647,1.515662677
2022-08-15,76.56999969,77.44000244,76.43000031,70.02175903,7785500,66.07941151,64.13501656,,0.1690255136,-0.05158514371,,TRUE,TRUE,64.13501656,0.0379081848,88.53347419,25.80041646,78.63814525,5.961500963,1.531107717,0.340692018,9.168527597,17.11192072,,-2.320598734,12.4582213,11.20012012,251.6910542,1.394239081,-0.01005731737,0.02928684589,4.128778241,1.525587972,-15.70945413,0.7481378234,72512500,0.96615225,-34302901613,-14.36002135,75.99952103,8.483270213,22.38469498,0,0.1334085113,1.621512513,-0.1711339998,-0.01005731737,1.566343921
2022-08-16,77.19000244,77.86000061,77.11000061,70.22088623,7788800,66.45730782,64.20417397,,0.1843659625,-0.04805001036,,TRUE,TRUE,64.20417397,0.04693846632,88.77295685,27.20457368,79.2479257,6.671275814,1.615447131,0.3400251458,9.142817841,18.45222548,,-29.69635266,12.0612339,11.25785808,254.4193542,1.393540379,-0.009960593554,0.02877364203,3.688080739,1.620070482,-15.70945413,0.761512936,80301300,-31.42273524,-34453778238,-14.13900026,75.70145169,8.360209063,22.39377852,0,0.1426258766,1.734417121,-0.1696279518,-0.009960593554,1.47928149
2022-08-17,77.26000214,77.79000092,77.19999695,70.10321808,10643000,66.87095795,64.26505165,,0.2019233289,-0.04405431086,,TRUE,TRUE,64.26505165,0.05574785875,78.66680795,28.50843396,77.83403091,1.037803386,1.653728733,0.3026453979,7.846104641,18.80790605,,-48.03026134,13.38019375,11.08978993,242.1896214,1.394075234,-0.01004092282,0.02919798964,3.383817602,1.53459054,-15.70945413,1.074173806,69658300,-37.55060848,-34720456863,-14.90788378,66.78653346,8.664524486,23.69780433,0,0.134264715,1.632096038,-0.1708741924,-0.01004092282,1.334598945
2022-08-18,77.51999664,77.98000336,77.47000122,70.3657074,8279500,67.28958607,64.32309776,,0.220968057,-0.03963143294,,TRUE,TRUE,64.32309776,0.06598059667,77.18960027,29.81972978,78.74504836,0.1069031143,1.685814848,0.2677852104,9.306885962,18.98299505,,-42.05774426,13.50562616,11.04657085,225.2031463,1.387617476,-0.00969055873,0.01867652039,3.30789481,1.384554766,-15.70945413,0.856087897,77937800,-36.38347407,-34959402067,-15.2645249,65.88841842,7.806319769,22.86277632,0,0.138711514,1.685681923,-0.1366620664,-0.00969055873,1.365931773
2022-08-19,77.63999939,78.05000305,77.34999847,70.32948303,8643300,67.66386108,64.40681892,,0.2399450526,-0.03480780996,,TRUE,TRUE,64.40681892,0.07807329299,75.3587494,30.85634607,78.2669774,-0.9809482997,1.688852284,0.2166581172,9.479689688,18.85003229,,-42.18268113,11.91124435,11.10603989,209.0545346,1.366102866,-0.009718559455,0.01878260743,3.052142704,1.009574569,-15.70945413,0.8989475721,69294500,-11.54582203,-35141416865,-15.50170231,67.1520971,8.892072338,22.37905641,0,0.135223494,1.657571623,-0.1370496531,-0.009718559455,1.275084491
2022-08-22,77.33000183,77.47000122,76.44000244,69.37004852,13226500,67.95079041,64.50313911,,0.2569310766,-0.02966888578,,TRUE,TRUE,64.50313911,0.08830388454,47.75064858,30.54560076,66.71419485,-11.11983605,1.595449775,0.09860448694,7.685124258,17.44110231,,-59.85182396,9.01847331,11.19355469,189.2387552,1.379037488,-0.009904346914,0.01905823908,2.774455857,0.7513316626,-15.70945413,1.343619193,56068000,52.97825584,-35336217843,-15.68074591,57.21303923,7.844285261,20.90627583,0,0.1120692478,1.358243737,-0.1380515812,-0.009904346914,0.7499828015
2022-08-23,76.5,76.66999817,75.87000275,68.9536972,7873500,68.19789467,64.6010099,,0.2709134708,-0.0242747993,,TRUE,TRUE,64.6010099,0.0980091485,31.83420321,29.5621087,62.40907659,-16.33597177,1.470876197,-0.02077527278,5.770848489,16.85974773,,-101.2455144,7.720607428,11.22507565,165.924788,1.381555655,-0.0100622522,0.01956180443,2.572730837,0.580686379,-15.70945413,0.8043006359,48194500,-12.19667232,-35480230951,-15.73604561,58.4831209,,20.08488737,0,0.09614477885,1.162487852,-0.1398635207,-0.0100622522,0.4555091167
2022-08-24,76.08000183,76.51999664,75.88999939,69.17092133,7501100,68.45314407,64.76213081,,0.2819439379,-0.01863238507,,TRUE,TRUE,64.76213081,0.1097072858,32.76468921,28.64886609,63.72434646,-14.54263094,1.373842114,-0.09424748507,4.026364659,19.2468997,,-96.43967551,7.968334872,11.17067126,135.4905267,1.367966948,-0.0103777829,0.02123041644,2.363082284,0.3450584469,-15.70945413,0.7775416701,55695600,-27.47024299,-35647734261,-15.94060101,58.15653436,5.027342598,21.67953309,0,0.07331535545,0.8964013955,-0.1457066108,-0.0103777829,0.5297619471
2022-08-25,76.59999847,76.88999939,76.01999664,69.59635162,7300900,68.61471214,64.96265038,,0.2901797111,-0.01279684296,,TRUE,TRUE,64.96265038,0.1204370973,43.89424622,28.12619615,66.2173914,-0.4968034496,1.316099398,-0.1215921603,4.736892866,19.02850046,,-108.2177494,4.869075363,11.15494745,128.3581535,1.356932249,-0.01000158337,0.02014330417,2.052666752,0.7368316857,-15.70945413,0.7876384063,62996500,-50.86150036,-35762847212,-16.53222345,65.92117773,5.277376328,20.72069287,0,0.1091843872,1.348239001,-0.1419271086,-0.01000158337,0.7647659724
2022-08-26,76.91999817,77.18000031,75.63999939,68.52827454,8866200,68.69436493,65.13408562,,0.2943770566,-0.006827241364,,TRUE,TRUE,65.13408562,0.1290748601,19.21456437,27.14620284,55.84139147,-6.567685123,1.170658365,-0.2136265551,2.83773755,13.68126412,,-169.736862,2.379996291,11.28214527,122.1817711,1.372545224,-0.01013250595,0.02010340392,1.825980383,0.4637456476,-15.70945413,0.9744174481,54130300,-27.76320292,-35853601642,-16.5014757,58.73322264,5.367420782,18.43448061,0,0.08482062345,1.033005747,-0.141786473,-0.01013250595,-0.1359371301
2022-08-29,75.31999969,76.5,74.87999725,68.7364502,11238700,68.78080559,65.33285179,,0.2936012295,-0.0007672006962,,TRUE,TRUE,65.33285179,0.1387098101,11.79156206,25.34157652,57.24753949,-6.476806968,1.059974606,-0.2594482509,1.562562706,13.43910622,,-193.8023918,2.580024081,11.24277518,115.5563482,1.370552158,-0.01025164465,0.02062146372,1.713624389,0.3929940088,-15.70945413,1.237443832,65369000,-2.900366326,-35950081534,-16.05233653,50.76423357,5.392330061,18.29264729,0,0.07772746993,0.9481913202,-0.1436017539,-0.01025164465,-0.03838421095
2022-08-30,75.91999817,75.98000336,74.55000305,67.73175049,10280300,68.82379951,65.52247894,,0.2888934844,0.00523279357,,TRUE,TRUE,65.52247894,0.1460581154,-9.165627944,23.75146791,49.11829872,-17.09909268,0.8810300942,-0.3507142105,1.478314852,12.76036839,,-194.8072161,1.285859832,11.36873828,109.522244,1.382777047,-0.01033479152,0.02051577318,1.828750666,0.2020454459,-15.70945413,1.139307281,55088700,-10.28075718,-36058394934,-15.78421334,43.63198642,6.778662081,18.45499548,0,0.06045802,0.729710196,-0.1432332824,-0.01033479152,-0.9971024944
2022-08-31,74.87000275,75.33000183,74.30999756,67.28822327,11006400,68.82379951,65.68105957,,0.279694062,0.01112341213,,TRUE,TRUE,65.68105957,0.1531277273,-14.76245299,22.52929598,46.01206873,-9.829322741,0.6954100844,-0.4290673763,0.9768404547,10.67428906,,-187.7477,0,11.41039098,109.522244,1.384524106,-0.01050242241,0.02109043223,2.027873466,-0.008158445658,-15.70945413,1.219599761,44082300,0.2386113186,-36220938850,-16.28021705,36.49233336,7.174103292,18.58857053,0,0.04072426551,0.4906418872,-0.1452254531,-0.01050242241,-1.40206792
2022-09-01,74.05000305,75.51999664,74.05000305,68.2567215,14080000,68.86498337,65.84651932,,0.2670428384,0.01690649181,,TRUE,TRUE,65.84651932,0.1624571826,-17.16884939,21.66850846,53.00143956,-4.246099931,0.6193155186,-0.4041295537,1.744691198,10.3249053,,-144.8320389,1.221473937,11.23079276,105.4917987,1.39471803,-0.01041456613,0.02041432441,2.151963926,0.1506356816,-15.70945413,1.51472853,58162300,62.50966632,-36345998115,-15.73742477,39.28784604,9.977062049,19.06563361,0,0.05525551802,0.6603876648,-0.1428787052,-0.01041456613,-0.5765963597
2022-09-02,75.59999847,76.30999756,74.37999725,67.52357483,12768400,68.88172836,65.96907555,,0.2508030468,0.02256301015,,TRUE,TRUE,65.96907555,0.1683034238,-35.38467524,20.30783151,47.94166437,-1.176634348,0.4941549078,-0.4234321315,1.139192221,6.784384935,,-163.1607056,0.4984469521,11.35862664,102.9254872,1.377975624,-0.01036342623,0.02080216345,2.403993471,0.3219045551,-15.70945413,1.360865265,45393900,15.81210148,-36449487271,-15.41266473,41.33903695,7.696014515,15.68881067,0,0.07089832284,0.859530485,-0.1442295512,-0.01036342623,-1.319550261
2022-09-06,75.01999664,75.83000183,74.59999847,67.69554138,16450200,68.90209427,66.07370987,,0.2310655225,0.02806558661,,TRUE,TRUE,66.07370987,0.1716610065,-35.90752188,19.04434577,49.16747406,3.155405335,0.4041813349,-0.4107245636,0.9487233835,5.684770311,,-158.8615417,0.6053334379,11.37917272,99.96692054,1.340189286,-0.01001502914,0.02075912354,2.608584153,0.855636958,-15.70945413,1.681578354,61844100,94.6884431,-36650619407,-15.29661646,33.65857218,8.483334467,15.0695804,0,0.1179636564,1.478298065,-0.1440802677,-0.01001502914,-1.20695214
2022-09-07,75.15000153,77.23999786,75.06999969,69.81357574,15754900,68.99079819,66.21056732,,0.2098896356,0.03349996689,,TRUE,TRUE,66.21056732,0.1774791135,-3.206391838,19.24168709,61.26528591,8.263846348,0.4980431704,-0.2534901825,3.483627993,10.70260049,,-105.9106827,2.607424272,11.2360502,99.78078409,1.391471062,-0.009247107406,0.01635464867,2.615100295,1.564478389,-15.70945413,1.54991638,77599000,94.34178714,-36742701038,-14.48000121,42.90937784,10.6655696,18.80474108,0,0.1881890353,2.261152074,-0.127885295,-0.009247107406,0.8245851793
2022-09-08,76.83999634,77.58000183,76.66000366,69.75926971,12575300,69.0618515,66.35104507,,0.1876902014,0.03883802465,,TRUE,TRUE,66.35104507,0.1778964676,-6.871740252,19.69681121,60.8653092,12.92364482,0.5615738349,-0.1519676144,5.466672957,11.40430976,,-107.2683334,2.079460994,11.23349721,99.94863513,1.244506917,-0.009013610082,0.02025535131,2.582161476,2.710131995,-15.70945413,1.209244853,65023700,59.39690467,-36943926278,-14.38666455,44.46509229,11.08174582,19.81661653,0,0.2674368122,3.674279619,-0.142321296,-0.009013610082,0.697776625
2022-09-09,77.52999878,77.81999969,76.84999847,70.03986359,10590700,69.14738808,66.49622993,,0.1649596034,0.04408685561,,TRUE,TRUE,66.49622993,0.1756756338,-3.193346305,20.30902292,62.2371381,13.06966404,0.6273324269,-0.06896721787,8.498034623,11.10854931,,-106.3698418,2.503663451,11.22688335,100.6656428,1.190877813,-0.008590838342,0.02057132225,2.244545958,3.483007086,-15.70945413,1.005990902,75614400,31.98614175,-37103226266,-14.38994093,50.68625432,11.31419023,18.07068407,0,0.3197992096,4.643888677,-0.1434270625,-0.008590838342,0.8865740926
2022-09-12,77.58999634,78.22000122,77.34999847,70.70966339,11340300,69.21074905,66.64087143,,0.1424372528,0.04923388121,,TRUE,TRUE,66.64087143,0.1746255052,15.25786634,21.18591482,65.35877775,4.093491843,0.7251349273,0.02306822602,10.38009559,12.5533359,,-80.10410377,1.824848714,11.22555523,106.4428191,1.193166965,-0.008506159796,0.02009433562,3.007764694,3.544644765,-15.70945413,1.059873314,86954700,43.55900448,-37287677265,-14.44602626,58.62344689,10.76773079,18.16358407,0,0.3255204616,4.716412504,-0.1417544906,-0.008506159796,1.408187372
2022-09-13,77.33000183,77.65000153,75.66999817,68.8269577,17578100,69.15100899,66.71672211,,0.1198934605,0.05414288386,,TRUE,TRUE,66.71672211,0.1679280699,-1.236943294,19.97357054,52.27738886,-8.587920332,0.6433098237,-0.0470055021,12.61899302,9.681107553,,-125.2529411,-1.706328643,11.49530074,104.9945393,1.219582068,-0.008707784086,0.01995628381,3.018696877,3.309382075,-15.70945413,1.570973354,69376600,125.7799756,-37426757836,-13.95911642,55.19610873,12.46488364,16.04660738,0,0.3124220817,4.406011844,-0.1412667116,-0.008707784086,-0.3086363225
2022-09-14,76.06999969,77.08999634,75.98999786,69.38817596,11148700,69.10937347,66.84814896,,0.09810271543,0.05887705729,,TRUE,TRUE,66.84814896,0.1606649659,2.051472686,18.84782228,55.15852555,-7.078612558,0.6166402183,-0.05894008594,16.48101539,9.17871079,,-111.7944637,-1.185844142,11.47404836,102.1409289,1.211231625,-0.008407616873,0.01898155547,3.003956912,3.71379861,-15.70945413,0.9816329585,80525300,43.13758217,-37571728052,-13.72663315,56.16631293,15.15254295,15.1112434,0,0.3436403199,4.892220518,-0.1377735659,-0.008407616873,0.2729586399
2022-09-15,76.05000305,76.05000305,74.55999756,67.65934753,18055000,68.98717995,66.93196533,,0.07710959772,0.06338993303,,TRUE,TRUE,66.93196533,0.1518280996,-16.28613491,18.49885963,45.95459396,-19.40418379,0.45080575,-0.1798196434,12.84737015,6.653064008,,-153.2531972,-3.486103222,11.65561778,104.2226481,1.244994185,-0.009212910453,0.02115422302,3.189973021,2.679091209,-15.70945413,1.539491299,62470300,69.64201823,-37757018994,-12.94589027,48.87032447,12.36067902,14.37971169,0,0.2647890956,3.637434467,-0.145444914,-0.009212910453,-1.274034422
2022-09-16,74.48000336,75.05000305,74.33999634,67.40588379,16111200,68.83918877,67.01197929,,0.05742994925,0.06767768779,,TRUE,TRUE,67.01197929,0.1431730172,-10.13082743,18.34741675,44.77496712,-7.502421742,0.2955217424,-0.2680829208,14.63948025,5.807207098,,-159.3314671,-4.206343854,11.67899487,104.6312234,1.242570385,-0.00939061807,0.02202399657,3.324974203,2.380523687,-15.70945413,1.329363418,46359100,94.59146084,-38087822638,-12.90657388,47.07375139,11.97734986,15.51553867,0,0.2396267393,3.296568272,-0.1484048401,-0.00939061807,-1.369863536
2022-09-19,73.73999786,74.97000122,73.54000092,68.30896759,10731400,68.73816299,67.1142189,,0.03988645138,0.07180188425,,TRUE,TRUE,67.1142189,0.1379792138,-3.630773218,18.79860634,49.72662511,-5.43190044,0.2425335869,-0.2568568611,17.26782288,8.148491641,,-111.7742091,-2.872928045,11.48196954,99.09232779,1.219485121,-0.00936321459,0.02285854243,3.364902839,2.205539685,-15.70945413,0.8779038424,57090500,24.15859683,-38177066345,-12.41687172,52.84990733,13.4208986,17.22181884,0,0.2226010125,3.129121426,-0.1511904178,-0.00936321459,-0.4331267754
2022-09-20,74.47000122,74.47000122,73.33000183,67.3156662,11704200,68.63544388,67.18862694,,0.02379050893,0.07571759699,,TRUE,TRUE,67.18862694,0.1325831482,-3.537387521,19.36418646,44.95237691,-1.002217044,0.1190170168,-0.3042987449,13.40394647,5.868482945,,-122.9925641,-2.961483188,11.53653,102.7768236,1.220192323,-0.009989093835,0.02580455373,3.42072101,1.511755221,-15.70945413,0.9634850827,45386300,-11.50946963,-38312267079,-12.24935939,52.50314934,12.13563197,16.50905841,0,0.1649898013,2.314478709,-0.1606379586,-0.009989093835,-1.284119934
2022-09-21,74.34999847,74.84999847,72.83000183,66.39530182,15230600,68.50752411,67.2507827,,0.008739233375,0.07933500069,,FALSE,TRUE,67.2507827,0.1262677819,-7.295520408,20.23118991,41.02231317,-3.752653953,-0.05253092476,-0.3806773492,10.68884387,4.273735413,,-119.382203,-3.710309221,11.68957165,113.9240867,1.23199248,-0.01032512217,0.02683564728,3.562041692,1.029388917,-15.70945413,1.216926355,30155700,93.4412904,-38424531843,-11.76249574,51.42802924,9.414913951,16.14087672,0,0.12592225,1.74429636,-0.1638158945,-0.01032512217,-1.854061201
2022-09-22,72.80000305,73.08999634,72.22000122,66.15836334,17350400,68.35689621,67.31344986,,-0.004899223729,0.08272809046,,FALSE,TRUE,67.31344986,0.1189748344,-18.23430199,21.4228701,40.05152066,-9.675104448,-0.2052370147,-0.4267067513,7.757212683,3.75528161,,-101.027298,-4.355237614,11.56548416,124.1480662,1.231885637,-0.01031429697,0.02678280234,3.845494899,1.033094739,-15.70945413,1.333815597,12805300,131.304742,-38683657949,-11.66936314,43.61712787,5.811067389,15.43878412,0,0.126188577,1.748139708,-0.1636545213,-0.01031429697,-1.770895781
2022-09-23,71.88999939,71.98999786,70.83999634,65.39289093,16210300,68.14672318,67.36080757,,-0.01884434435,0.08588508153,,FALSE,TRUE,67.36080757,0.110313471,-18.4633418,23.25686251,37.00473304,-7.947643869,-0.3836029811,-0.4840581742,4.68921923,1.51126798,,-73.80896753,-6.039771619,11.45819713,136.9783578,1.242464957,-0.01036817997,0.02646543718,4.168457169,0.7625603959,-15.70945413,1.204907398,-3405000,122.0315304,-38853431893,-11.48611792,36.67217721,7.030395298,15.54185493,0,0.1044419831,1.430866992,-0.1626820125,-0.01036817997,-2.010414119
2022-09-26,71.58000183,71.66999817,69.33000183,63.81639481,17969500,67.91112919,67.37428177,,-0.03419367496,0.0887149977,,FALSE,TRUE,67.37428177,0.100103823,-29.96728013,25.5637762,31.66256744,-9.359745731,-0.644737227,-0.5961539361,1.342992279,-2.351553402,,-62.02033075,-6.87581843,11.51411791,167.2469113,1.275481978,-0.01085195568,0.02714634926,4.78189397,0.01246055796,-15.70945413,1.29195836,-21374500,102.6742009,-38956082518,-11.15299843,36.59514373,5.290922706,12.61484607,0,0.04212159235,0.5585616091,-0.1647614921,-0.01085195568,-2.448316893
2022-09-27,70.48999786,70.59999847,68.51000214,62.74108887,19143000,67.61136112,67.38380981,,-0.05128275592,0.09109393477,,FALSE,TRUE,67.38380981,0.0907512544,-59.42328316,27.97728352,28.62687459,-11.42464607,-0.9277615433,-0.7033426019,0.009096600547,-4.612938079,,-59.4120887,-8.722244619,11.39714228,201.8295921,1.253218331,0.002053214399,0.0005129953976,5.641207772,-0.8608284378,-15.70945413,1.338302126,-40517500,70.33108812,-39080904466,-10.94391419,28.38988171,3.767799608,10.47416804,0,0.01198530316,0.1594943397,0.0226494017,0.002053214399,-2.413061536
2022-09-28,69.65000153,70.01999664,68.73999786,63.41542816,22941300,67.39554501,67.39885918,,-0.06901750966,0.0930807803,,FALSE,TRUE,67.39885918,0.07887297522,-50.66192563,30.21839746,32.96727392,-4.037459128,-1.085138012,-0.6885752565,1.011152137,-4.47452286,,-52.46729614,-6.372672042,11.22103664,222.4938532,1.181228506,0.002416653311,0.0007018531538,6.268591736,0.09119808593,-15.70945413,1.535871171,-17576200,123.1578845,-39294709309,-10.83321771,31.2192322,2.660802031,9.445724818,0,0.0305525856,0.4073717793,0.02649251128,0.002416653311,-1.788865979
2022-09-29,69.23000336,69.38999939,66.66000366,60.87299728,20331000,67.07478371,67.37971481,,-0.08918681654,0.09452457479,,FALSE,TRUE,67.37971481,0.06389808029,-62.0063729,32.88282309,26.43903617,-5.223531265,-1.398887418,-0.8018597299,-4.103166842,-9.054682232,,-50.06061938,-9.533950625,11.44490563,266.093605,1.283031987,0.002053764757,0.000429430287,7.283845424,-0.9567061675,-15.70945413,1.319918394,-37907200,84.71979939,-39401235042,-10.32347509,25.16991338,-2.42780638,5.772703674,0,-0.05557800161,-0.6820124214,0.0207226998,0.002053764757,-2.330678493
2022-09-30,67.12000275,67.37999725,65.37000275,59.69744492,22776500,66.64681988,67.33380081,,-0.1121895221,0.09539011508,,FALSE,TRUE,67.33380081,0.0470329255,-72.02470727,35.63144513,24.06604979,-4.560824801,-1.722537,-0.9004074494,-8.206390705,-10.71514029,,-46.19347227,-12.53982962,11.4700843,311.1067869,1.305545669,0.0017625262,0.0003051827181,6.947621522,-1.311340712,-15.70945413,1.438087391,-60683700,61.76491477,-39552570116,-10.12300126,19.06656727,,3.567197676,0,-0.08706173291,-1.049824397,0.01746947962,0.0017625262,-2.233758714
2022-10-03,66.58000183,67.80000305,66.12000275,61.44709396,25447000,66.34299583,67.30586304,,-0.1359325922,0.09579950629,,FALSE,TRUE,67.30586304,0.03288921177,-48.69125945,37.69613586,33.61610736,0.648833443,-1.816905415,-0.7958206916,-2.180529416,-9.364268719,,-33.47193625,-8.999050896,11.27858541,331.1212147,1.362121525,0.002990832982,0.0008084574476,7.588021848,-0.6238106153,-15.70945413,1.544865887,-35236700,99.29670123,-39719578411,-9.926223622,28.48895219,-2.519875284,3.165267888,0,-0.02982585273,-0.3448226616,0.02843338614,0.002990832982,-1.478582964
2022-10-04,67.90000153,68.91999817,67.48000336,62.75021744,16996500,66.09572964,67.28823814,,-0.1590688268,0.09579443268,,FALSE,TRUE,67.28823814,0.02165405557,-41.75250027,38.40688219,39.69904664,13.26001047,-1.766182438,-0.596078172,-1.131759825,-6.725602046,,-24.52982429,-7.305243216,10.95442387,338.8636254,1.387856819,0.003862524654,0.001301252649,6.794567008,-0.3280989229,-15.70945413,1.030134924,-18240200,3.320932268,-39848227822,-9.690136505,29.7448619,-4.680537111,4.198676281,0,-0.003333448622,-0.03783468506,0.0360728797,0.003862524654,-0.9872739206
2022-10-05,67.98000336,67.98000336,66.58000183,61.35596085,17205700,65.67284889,67.23512512,,-0.1826255295,0.09534259937,,FALSE,TRUE,67.23512512,0.007658581576,-40.50036385,39.37196328,35.90780516,11.84175537,-1.817537527,-0.5179466088,-3.231951505,-9.366639822,,-41.4673737,-12.11457057,11.03663939,342.7756083,1.415713854,0.003725524702,0.001163268293,7.314509782,-0.6464473126,-15.70945413,1.038249536,-35445900,9.208563685,-39993838071,-9.809224606,30.07769134,-4.36593324,1.858024017,0,-0.03300557387,-0.3671986928,0.03410671917,0.003725524702,-1.259391842
2022-10-06,67.04000092,67.15000153,65.04000092,59.33294296,25671000,65.15153255,67.14046532,,-0.2075183166,0.0943182671,,FALSE,TRUE,67.14046532,-0.009990906351,-46.57466203,40.71697625,31.24522112,-2.370886235,-1.998440661,-0.5590797944,-6.114285449,-14.06478771,,-57.47288799,-14.94615238,11.22073488,356.3712443,1.476198437,0.003695074,0.001052170313,8.106211097,-1.136564357,-16.08934321,1.490193665,-61116900,104.1382711,-40158377168,-9.329894344,29.25987988,-6.009241434,-2.152960125,0,-0.08184147034,-0.8731068431,0.03243717486,0.003695074,-1.632732631
2022-10-07,64.91999817,65.16000366,63.31999969,58.10271835,21083400,64.55467529,66.97521988,,-0.2337068796,0.09266722955,,FALSE,TRUE,66.97521988,-0.02945198436,-57.79148334,42.37149288,28.7964607,-10.90258594,-2.215537209,-0.6209410738,-8.636721823,-15.63814028,,-45.24962614,-17.04335877,11.24476949,369.8976464,1.498165707,0.003753219868,0.001053895229,7.872913566,-1.48606489,-17.82916851,1.187713207,-82200300,99.07465984,-40299023385,-9.001608955,24.0773847,-7.618203769,-1.896851414,0,-0.1168769898,-1.228560663,0.03246375254,0.003753219868,-1.744254662
2022-10-10,63.88999939,64.62999725,63.77999878,58.20295334,16517800,63.92933979,66.80057457,,-0.2609220354,0.09038251515,,FALSE,TRUE,66.80057457,-0.04827574942,-54.34777811,43.90782974,29.2827644,-6.625040751,-2.352382857,-0.606229377,-8.034065639,-15.77810101,,-44.38028532,-17.6874128,11.27035098,366.0642122,1.498116833,0.0003854556766,0.0000217755628,7.575986609,-1.488622132,-17.82916851,0.9171394099,-65682500,45.65575867,-40532295742,-9.007759735,29.48033802,91.96593436,84.22189899,,-0.1220006531,-1.281798054,0.004666429342,0.0003854556766,-1.564312014
2022-10-11,63.63000107,64.47000122,63.29999924,57.99336624,17160000,63.38766022,66.62028915,,-0.2888767663,0.08750567079,,FALSE,TRUE,66.62028915,-0.06865672689,-52.32689553,45.44308537,28.83923781,-2.405983314,-2.449509524,-0.5626848357,-7.983559973,-14.92062115,,-54.20464318,-15.74033173,11.15499449,369.9121515,1.489239236,0.0006670223075,0.00006596063954,8.011089819,-1.314437001,-17.98381797,0.9539043511,-82842500,-2.378527827,-40705116713,-9.112006985,29.51974272,-5.998206197,0.3920512322,0,-0.09916178863,-1.039274717,0.008121615575,0.0006670223075,-1.458263524
2022-10-12,63.54000092,63.65999985,61.47999954,56.06146622,20916500,62.72132473,66.40408104,,-0.3183412885,0.08397449224,,FALSE,TRUE,66.40408104,-0.0912923523,-56.87883007,47.23131468,25.06990059,-3.726560112,-2.651802961,-0.6119826177,-11.0488513,-18.06782783,,-51.55598659,-19.20602403,11.40841351,376.1112443,1.542747701,-0.00008287743129,0.0000009478051699,8.056054712,-1.949838989,-20.71597639,1.131991331,-103759000,87.61380251,-40830011870,-8.816840859,29.45428134,-10.66012635,-2.989434509,0,-0.1701910752,-1.72151214,-0.0009735528593,-0.00008287743129,-1.770715078
2022-10-13,60.59000015,63.31000137,60.34999847,57.46483231,30714900,62.21159897,66.20761322,,-0.3474108904,0.07987284377,,FALSE,TRUE,66.20761322,-0.1126719575,-43.11191358,49.08022043,32.02061521,2.737850807,-2.668125561,-0.5026441744,-8.992098826,-15.85119822,,-25.48733433,-15.06741581,11.30592541,374.7445486,1.573134452,0.0009464858207,0.0001190355376,6.732058843,-1.267665038,-20.71597639,1.607217143,-73044100,70.11852672,-40920603462,-8.277036859,28.31914728,-10.67489971,-2.555286911,0,-0.1006001298,-0.9981121019,0.01091034086,0.0009464858207,-1.266667302
2022-10-14,63.70999908,64.16999817,61.84000015,56.63557053,19652900,61.67308331,65.99166374,,-0.3763214325,0.07514853403,,FALSE,TRUE,65.99166374,-0.1348922679,-40.70242886,49.95333232,30.23577396,1.396536154,-2.716659871,-0.4409427871,-9.040623774,-17.10912022,,-36.23832144,-15.97829842,11.52545411,373.5569581,1.581676131,0.0007394318859,0.00007182192037,6.876370233,-1.546288959,-20.71597639,1.018934611,-92697000,21.98284423,-41028052260,-7.622034728,34.69755987,-8.347482465,-2.408584273,0,-0.130708547,-1.2897168,0.008474781435,0.0007394318859,-1.34852602
2022-10-17,63,64.05000305,63,57.82022095,14123700,61.14864597,65.80429466,,-0.4035429818,0.06981811252,,FALSE,TRUE,65.80429466,-0.1534307048,-27.7207093,50.76407908,35.74581214,10.67591155,-2.629224212,-0.2828057029,-7.728232278,-14.91681483,,-26.16109623,-15.35486044,11.36724452,348.2618642,1.595980086,0.001074222904,0.0001490041403,7.263897539,-1.413198194,-20.71597639,0.7258814297,-78573300,31.61097341,-41181523451,-7.72063843,40.19275306,-6.851695988,-1.551931829,0,-0.1171901174,-1.146033913,0.01220672521,0.001074222904,-0.9557248059
2022-10-18,64.70999908,64.95999908,63.97000122,58.87730408,16041900,60.72672787,65.63607628,64.1400462,-0.4270010059,0.06395304429,0.009573141223,FALSE,FALSE,1.496030083,-0.1686223323,-25.02503256,50.62669105,40.27850324,8.257888027,-2.446432102,-0.08001087437,-4.775838731,-13.91864422,,-16.29086557,-12.53551008,11.14627812,319.5478527,1.606099989,0.00122609337,0.0001917073039,6.63160994,-1.309547902,-20.71597639,0.8153777067,-62531400,37.06105501,-41362609219,-7.752139643,38.38592944,-4.528261536,-0.7586797704,0,-0.1067616069,-1.037513297,0.01384584067,0.00122609337,-0.5787627031
2022-10-19,63.77000046,64.19999695,63.22000122,58.11183167,12843400,60.31255436,65.43752296,64.11452669,-0.4465027742,0.0575272835,0.01904626109,FALSE,FALSE,1.322996273,-0.1841603176,-16.88024386,50.73363643,38.1782311,7.942457135,-2.336402669,0.02401484716,-6.260875012,-15.72380084,,-26.11629975,-12.4759884,11.21297529,294.9440044,1.610477673,0.000951110162,0.0001147247307,6.873266257,-1.617722818,-20.71597639,0.6567889732,-75374800,-15.67370951,-41509343539,-7.887593265,39.57823564,-5.188533251,-2.291891301,0,-0.1404180656,-1.360737992,0.01071096311,0.000951110162,-0.7461493237
2022-10-20,63.79000092,63.79000092,61.86000061,56.64468384,15518500,59.83687038,65.20365257,64.08265268,-0.4628551003,0.05044310457,0.02841844945,FALSE,FALSE,1.120999889,-0.2016835366,-18.33602975,51.21379556,34.4684135,-1.27739864,-2.340609034,0.01584678526,-9.864586222,-16.47005986,,-43.23587828,-14.38016152,11.39888634,271.4861841,1.639058986,0.0005357766909,0.00003511350442,7.232803141,-2.010745733,-20.71597639,0.79732357,-90893300,-10.55825802,-41608731346,-7.514353718,40.79337635,-8.646847827,-3.832680812,0,-0.1868058962,-1.778504916,0.005925664892,0.0005357766909,-1.175819151
2022-10-21,62.38999939,63.77999878,61.95999908,57.69265366,15543600,59.45185852,64.990923,64.0561968,-0.4752140485,0.04281927402,0.03769056279,FALSE,FALSE,0.9347262001,-0.2131796593,-23.5428017,51.65965761,39.02605961,-1.25244363,-2.233632281,0.09825883108,-9.333132142,-13.46954238,,-31.00752524,-11.77534311,11.07207578,241.4895006,1.585592849,0.0002293504781,0.00000687769261,7.5263181,-2.368638094,-20.71597639,0.7999833247,-75349700,-4.112817159,-41697164969,-7.31792841,38.20532245,-8.954555528,-4.013346786,0,-0.2178367167,-2.143788237,0.002622535531,0.0002293504781,-0.7284808905
2022-10-24,63.65000153,64.33999634,63.15000153,58.17562485,10030500,59.16982002,64.76558662,64.03541164,-0.4822470388,0.0347094095,0.04686348716,FALSE,FALSE,0.7301749802,-0.2224356065,-30.24095383,51.50572329,41.06053863,2.882307528,-2.08583647,0.1968437138,-9.117075659,-12.14166962,,-28.49767019,-8.839060833,10.87879274,219.7981383,1.585340432,0.0001714464822,0.000003842905357,5.78335675,-2.372701123,-20.71597639,0.5270069729,-65319200,-44.18041682,-41791053793,-7.447533173,36.20281239,-9.665167348,-3.690358267,0,-0.2184130372,-2.149798311,0.001960332971,0.0001714464822,-0.4523219273
2022-10-25,64.05000305,65.29000092,63.90000153,59.34205246,14201800,58.9998682,64.55199249,64.01809483,-0.4832962664,0.0261745521,0.05593777142,FALSE,FALSE,0.5338976669,-0.2291698552,-13.51678518,50.46078922,45.76699334,11.29857984,-1.853223458,0.3435653804,-7.373467504,-9.47162149,,-14.82272885,-5.417560436,10.89180263,203.2490713,1.610727042,0.004166509004,0.001123417558,2.907130953,-2.023736919,-20.71597639,0.7559820812,-51117400,-25.81204618,-41898393880,-7.498949117,42.52926562,-7.34454231,-3.208570845,0,-0.179202672,-1.737083456,0.0335174217,0.004166509004,0.1683571075
2022-10-26,65.47000122,65.80000305,64.80999756,59.31471252,13534400,58.79483242,64.33386902,64.00269291,-0.4777325861,0.01725578238,0.06491372735,FALSE,FALSE,0.3311761093,-0.2357530497,-0.1412813948,49.03529158,45.67492931,6.648869706,-1.652038404,0.4358003473,-10.62348941,-9.077408832,,-18.99605652,-6.466432154,10.97677303,175.0947341,1.610832167,0.004200170795,0.001142279803,2.907154134,-1.997893616,-20.71597639,0.7389567881,-64651800,-41.00421511,-42062180751,-7.554977717,50.64934278,-10.66881761,-3.440156418,0,-0.1769554516,-1.73018839,0.03379763014,0.004200170795,0.2969136147
2022-10-27,65.55999756,66.34999847,65.41999817,59.78858185,12257300,58.74061165,64.12757629,63.99247015,-0.465074738,0.007988250516,0.07379215104,FALSE,FALSE,0.135106144,-0.2404337701,13.87852479,47.23342667,47.64089358,6.580354953,-1.437786597,0.5200417239,-10.67694569,-9.361565698,,-9.356943766,-1.7814392,11.03411884,169.9233358,1.612493655,0.004260970212,0.001173308652,3.456424546,-1.966908622,-20.71597639,0.6843117676,-52394500,-39.71127834,-42222880926,-7.8764715,58.08874308,-10.09516806,-2.593089667,0,-0.1738862525,-1.698459159,0.03425359327,0.004260970212,0.6167311833
2022-10-28,65.87999725,67.55000305,65.79000092,61.42886353,13592900,58.82718258,63.94883942,63.98946762,-0.4454048963,-0.001544482048,0.0825741355,FALSE,FALSE,-0.04062820435,-0.2417632821,23.56858919,44.60897858,53.86466356,8.097670212,-1.122691781,0.6681092319,-8.325578615,-3.999891261,,14.9842273,2.900322806,10.88298857,179.2113774,1.655559589,0.004857283667,0.001446746158,5.652324322,-1.511704579,-20.71597639,0.7788429116,-38801600,-40.32050578,-42303837953,-7.882076133,57.65390518,,0.5204394517,0,-0.1300760974,-1.237714335,0.03803611649,0.004857283667,1.451738714
2022-10-31,67.23999786,67.51999664,66.37999725,60.85475922,10894800,58.79756584,63.75934494,63.98207813,-0.4191965195,-0.01128210938,0.09125903044,FALSE,FALSE,-0.2227331924,-0.244114476,20.36311148,42.17199107,51.55479418,5.879864867,-0.9088259093,0.7055800827,-8.997972625,-3.912766409,,7.010561407,-0.9639752006,10.96501069,175.095992,1.658497304,0.004781455561,0.001396776413,5.456834315,-1.600307539,-20.71597639,0.6514051506,-49696400,-57.1863088,-42420340465,-8.073990861,59.15798043,-9.753805353,0.739077672,0,-0.1398722805,-1.328519657,0.03737347206,0.004781455561,1.174894612
2022-11-01,67.18000031,67.43000031,66.51000214,61.09170532,10739500,58.71464024,63.59377808,63.97801416,-0.3867304861,-0.02111123724,0.09984734331,FALSE,FALSE,-0.3842360878,-0.2455565257,40.70796487,39.90907409,52.46089787,4.820004287,-0.712008504,0.7219179904,-9.208918951,-3.906491558,,10.30147745,-2.643038037,11.02871716,158.535137,1.659527522,0.004843517101,0.001431737345,4.934097677,-1.560859905,-20.71597639,0.6543597836,-38956900,-36.8134616,-42557579779,-8.254066578,67.06774285,-10.09936329,1.316499369,0,-0.1357171934,-1.288283197,0.03783830526,0.004843517101,1.499393214
2022-11-02,66.81999969,68.20999908,66.36000061,60.49935913,21340200,58.67181015,63.42469131,63.97469021,-0.3504539929,-0.03101119915,0.1083391906,FALSE,FALSE,-0.5499988937,-0.2463519422,26.28235351,37.17393719,49.94589988,-3.918763677,-0.5969454638,0.6695848244,-10.28232577,-6.915507958,,-21.04617341,-1.396118166,11.12132183,152.0481208,1.654446088,0.004632184234,0.001317311726,4.640522603,-1.899258638,-20.71597639,1.284088345,-60297100,24.02982732,-42714127941,-8.184301264,80.57903645,-9.830282634,0.3848914821,0,-0.1713730448,-1.63157761,0.03629478924,0.004632184234,1.201954336
2022-11-03,65.76000214,67.26999664,65.40000153,60.76363754,14328200,58.74334488,63.25654564,63.9713051,-0.3108590077,-0.04079924435,0.1167345683,FALSE,FALSE,-0.7147594643,-0.2457888209,37.59319719,35.31026902,51.07289545,-0.4818987307,-0.4789115224,0.6300950127,-9.562679114,-5.543175177,,-17.26556427,2.411298865,11.08064831,158.5488467,1.654432176,0.004523194259,0.001254986457,4.155617885,-1.899624856,-20.71597639,0.8926220781,-45968900,-44.18526742,-42799505257,-8.226885595,72.64686478,-8.777190941,-0.1227983832,0,-0.1714524044,-1.632295891,0.03542578802,0.004523194259,1.274239899
2022-11-04,66.81999969,67.36000061,65.91999817,61.13725662,12149200,58.89507179,63.08736374,63.96938663,-0.2688841848,-0.05034970228,0.1250337003,FALSE,FALSE,-0.8820228958,-0.2442076583,32.61634521,33.50338639,52.69450461,0.2336067384,-0.3511727355,0.6062670397,-9.141223153,-5.712587845,,-11.38179782,5.222713076,10.91735517,166.4200296,1.657503213,0.004697984925,0.001349154228,3.849710192,-1.795838697,-20.71597639,0.778540349,-33819700,-42.37551818,-42892357770,-8.309252694,72.46122424,-9.360751811,-1.489822509,0,-0.1605442695,-1.525703868,0.03673083483,0.004697984925,1.34730467
2022-11-07,66.95999908,67.06999969,64.76999664,59.97082901,14296400,58.98346558,62.91621483,63.96221592,-0.2270096301,-0.05970292256,0.1332358055,FALSE,FALSE,-1.046001091,-0.2422520434,10.63822839,32.57697317,47.41135982,-2.534540059,-0.3401388774,0.4938407183,-11.85880066,-6.814649329,,-29.75074101,3.037432931,10.98593227,167.2433561,1.655264939,0.00384618374,0.0009063017459,3.740362364,-2.363651197,-20.71597639,0.9227037769,-48116100,-13.4485222,-42966315673,-7.854702525,64.72803026,-12.81655,-5.689975068,0,-0.2218826155,-2.11088136,0.03010484589,0.00384618374,0.5903752813
2022-11-08,65.90000153,66.68000031,65.69000244,60.39000702,12413900,59.10329762,62.74928596,63.96008465,-0.1845386197,-0.06874914154,0.1413416469,FALSE,FALSE,-1.210798683,-0.2381010143,22.93563536,31.71673233,49.37567779,-1.697217657,-0.2941791886,0.4318403256,-11.63067803,-5.010219985,,-23.14951094,4.13261194,11.07366791,168.3581928,1.653881604,0.0038712152,0.0009198746938,3.480215288,-2.387267328,-20.71597639,0.8136674155,-35702200,-27.65792541,-43111646250,-7.886782837,71.27799942,-11.62471013,-5.031525854,0,-0.2241681024,-2.134418908,0.03032943609,0.0038712152,0.7642689569
2022-11-09,66,66.51000214,65.62000275,59.91615295,12890900,59.29603195,62.59297401,63.96035629,-0.1433926977,-0.07745063875,0.1493515863,FALSE,FALSE,-1.367382278,-0.2338540454,36.59519703,30.96439742,47.22808949,-5.466415116,-0.2926187404,0.3467206191,-12.31243376,-6.429577544,,-32.70153809,6.875822195,11.21391726,153.0730461,1.653973478,0.003742314192,0.000859095848,2.86574858,-2.558141208,-20.71597639,0.8677558969,-48593100,-38.36970813,-43289768179,-8.278972151,71.97593778,-10.3015173,-5.186576761,0,-0.2423791639,-2.307586662,0.02931033688,0.003742314192,0.4051144327
2022-11-10,67.73000336,68.97000122,66.73000336,62.74108887,17915200,59.55984478,62.50203133,63.9772056,-0.1013755063,-0.08569641302,0.1572680976,TRUE,FALSE,-1.475174274,-0.2246028273,47.10864358,29.28674935,58.74763789,11.33627807,-0.06271046743,0.4613031136,-9.650229181,-1.018533207,,-7.025991068,9.181714015,10.92742577,164.864793,1.77388697,0.006215179163,0.002065148069,4.119972373,-1.657005444,-20.71597639,1.260261715,-30677900,-41.67260841,-43371488976,-8.620493163,72.5122075,-9.851913009,-3.531381732,0,-0.1557677889,-1.383668927,0.04544390024,0.006215179163,1.92960791
2022-11-11,68.84999847,69.02999878,67.43000031,62.0394249,15312000,59.8300375,62.37768539,63.98791517,-0.06001369749,-0.09352424958,0.1650902392,FALSE,FALSE,-1.610229778,-0.21564786,35.33336868,27.76973378,55.50661118,6.130933383,0.06215855177,0.4689377062,-11.39979093,-3.276456313,,-36.2685697,9.541449516,11.00974676,158.5785801,1.776598194,0.005902782981,0.00185699307,3.644361033,-1.876785148,-20.71597639,1.093838124,-45989900,-22.08783437,-43489976688,-8.793582801,73.3645443,-11.92766342,-4.493203466,0,-0.1815865239,-1.610344992,0.04309284244,0.005902782981,1.393244533
2022-11-14,68.12000275,68.48999786,67.23999786,61.30127716,10245300,60.00409031,62.25323944,63.99132143,-0.02167451199,-0.1010116211,0.1728169049,FALSE,FALSE,-1.738081989,-0.2075016684,18.64686523,26.20192991,52.24143869,5.013349204,0.1003984648,0.4057420954,-12.7022166,-4.720739288,,-81.42529913,6.020482379,11.06497186,154.4070346,1.781120879,0.005800590132,0.001784062065,3.400162836,-2.04111097,-20.71597639,0.7421713,-56235200,-27.46022643,-43597572348,-8.750949951,67.48257227,-11.93537337,-4.730503449,0,-0.2010391855,-1.778233609,0.04223815887,0.005800590132,0.8401086483
2022-11-15,67.98000336,68.48000336,67.19000244,61.97563934,13620800,60.15900707,62.1388414,63.99234617,0.01393704163,-0.1081550542,0.1804477341,FALSE,FALSE,-1.853504772,-0.1993744189,23.85622502,24.702201,54.85427752,-3.893360366,0.1830096424,0.3906826184,-11.5937313,-4.657282946,,-65.59520889,5.262359265,11.02764427,158.0078042,1.782540066,0.006194006915,0.002031790209,3.088225627,-1.673723201,-20.71597639,0.9954222038,-42614400,-15.0923519,-43721307484,-8.618805888,67.58820698,-11.56926459,-3.814596629,0,-0.1587188574,-1.403010062,0.04507538363,0.006194006915,1.149710472
2022-11-16,68.04000092,68.97000122,68.04000092,62.53150558,13231100,60.37999077,61.9932,64.00025343,0.04701963898,-0.1149281133,0.1879837526,TRUE,FALSE,-2.007053432,-0.1906306788,24.41189861,23.70078711,56.94523125,1.438620072,0.2899905257,0.3981308014,-11.13355085,-2.862851767,,-52.54671211,7.60546311,10.92494068,158.7739736,1.786918428,0.006432096955,0.002180515523,2.821934552,-1.447958263,-20.71597639,0.9655746169,-29383300,3.018671068,-43891277140,-8.69139612,67.83927856,-10.69144619,-3.91467923,0,-0.1329749228,-1.172682563,0.04669599043,0.006432096955,1.355080286
2022-11-17,67.87000275,68.05999756,67.08999634,61.43796921,11623600,60.61965504,61.82677399,63.99818842,0.07591380385,-0.1213437066,0.1954234601,FALSE,FALSE,-2.171414433,-0.1829545572,0.0851852896,22.09586569,51.8568295,-0.3846091979,0.2832690506,0.313127461,-12.64265489,-4.361449652,,-78.21656724,8.462021579,10.85979083,133.6047848,1.797702479,0.006136423086,0.001960653128,2.821168795,-1.743010863,-20.71597639,0.8604923868,-41006900,-25.09843091,-44038358101,-8.993234994,61.40993865,-12.61617391,-4.922430417,0,-0.1684185447,-1.476126108,0.04427926296,0.006136423086,0.6124886709
2022-11-18,68.05000305,68.91999817,68.01999664,62.74108887,11741500,60.8720768,61.68079849,64.00402159,0.1011577394,-0.127312713,0.2027680386,TRUE,FALSE,-2.323223095,-0.1719913778,16.52025869,21.11634569,56.80958772,1.955310199,0.3787273657,0.3268686209,-9.555939194,-2.605200737,,-47.62691921,8.750568558,10.79258389,122.6339498,1.819395216,0.006432383645,0.002103010838,2.704317772,-1.503228746,-20.71597639,0.8816280253,-29265400,-24.46087136,-44187837802,-9.350794069,67.28530415,-10.57398891,-3.462469114,0,-0.1423678532,-1.233040119,0.04585859612,0.006432383645,1.524057631
2022-11-21,68.73999786,69.36000061,68.69000244,63.02358627,11438200,61.11447487,61.52707695,64.01372019,0.1232755985,-0.1328267268,0.2100180561,TRUE,FALSE,-2.486643238,-0.1619944343,16.8519637,20.53221369,57.82258266,0.8773514076,0.4717360682,0.3359018587,-8.600134832,-3.325587094,,-38.04812332,8.333320765,10.7491566,114.1496389,1.811940259,0.006561311788,0.002206971452,2.965354299,-1.219578447,-20.71597639,0.8543391424,-17827200,14.0341957,-44392749968,-9.716261643,67.46313551,-9.835604574,,0,-0.1086705834,-0.9451485439,0.04697841475,0.006561311788,1.672463814
2022-11-22,69.48999786,70.18000031,69.30999756,63.56123734,7452400,61.32543411,61.42176254,64.02655304,0.1427994183,-0.1379116616,0.2171739661,TRUE,FALSE,-2.604790497,-0.1504573545,26.83706936,20.55412362,59.757131,7.900301501,0.5821197681,0.3570284469,-8.109887628,-4.410056618,,-22.34304047,7.109940928,10.66251562,118.571221,1.815519151,0.006769609088,0.00234148194,3.443741961,-1.137122888,-20.71597639,0.5710261906,-10374800,-47.52496162,-44498689553,-9.962139258,65.00929169,-10.60355863,-5.877788587,0,-0.0991799197,-0.8609717592,0.04838886174,0.006769609088,1.885620477
2022-11-23,69.55000305,70.55999756,69.55000305,64.27204132,7166700,61.57330055,61.31943985,64.04271692,0.1591296886,-0.1424069745,0.2242362463,TRUE,TRUE,-2.723277073,-0.1391703115,29.59264015,20.81944547,62.22401874,5.414431021,0.7186711925,0.394863897,-7.650272146,-3.275764475,,-8.600263273,8.357671454,10.56994798,125.913698,1.81361515,0.006993109893,0.002505111988,4.143027511,-0.761943995,-20.71597639,0.5628664587,-3208100,-47.04826221,-44580758776,-9.890347675,71.85111258,-9.603985457,-4.678434827,0,-0.05532477073,-0.4808420258,0.05005109378,0.006993109893,2.143325795
2022-11-25,70.79000092,71.16000366,70.73999786,64.64566803,4491500,61.81615486,61.25916626,64.05941095,0.1738950411,-0.1463078746,0.2312049517,TRUE,TRUE,-2.800244694,-0.1278302472,29.59268546,21.43698998,63.49089552,5.668312866,0.8472709213,0.4187709007,-5.665700082,-2.988740231,,-1.945672562,8.123768839,10.54107733,136.1070583,1.81389379,0.007151811313,0.002620449725,4.402541259,-0.5815217341,-20.71597639,0.3638546477,1283400,-63.35653039,-44715594583,-10.09668763,70.60465902,-9.534410662,-4.229901456,0,-0.03430152108,-0.2981045248,0.05119032843,0.007151811313,2.078887902
2022-11-28,70.44999695,70.72000122,69.91000366,63.98042679,9131300,61.94373302,61.19065712,64.08053915,0.1872249712,-0.1496292135,0.2380807191,TRUE,FALSE,-2.88988203,-0.1157923705,35.31290001,21.15281279,59.65479554,-0.1023354573,0.8853025081,0.36544199,-6.919215923,-5.464770305,,-29.59522901,4.153687886,10.66648626,144.014444,1.807510238,0.006942350754,0.002486389018,3.965186178,-0.944886563,-20.71597639,0.7533370431,-7847900,-32.8230179,-44858417015,-10.53770568,72.56222115,-10.29356551,-4.880122802,0,-0.07646630558,-0.6668078783,0.04986370442,0.006942350754,1.414228815
2022-11-29,69.77999878,69.83999634,69.27999878,63.50655746,9502200,62.07632294,61.09460892,64.09911963,0.1972948682,-0.1523670948,0.2448631364,TRUE,FALSE,-3.004510708,-0.1055363122,27.31617498,20.29772519,57.01231816,-5.211700582,0.8672088764,0.2778786866,-6.238127604,-4.852031918,,-38.1488255,4.357585639,10.65051841,145.6586831,1.804949306,0.007045232201,0.002567508598,3.584551392,-0.8973484039,-20.71597639,0.7884658389,-17350100,-12.78224474,-45063850048,-10.96754963,65.94814957,-11.55482921,-4.586582648,0,-0.07060526619,-0.6166018509,0.05067058909,0.007045232201,0.9819081825
2022-11-30,69.55999756,71.58000183,69.48999786,65.09217072,16473200,62.27634621,61.05013901,64.12817032,0.2039824271,-0.1544492737,0.2515537386,TRUE,TRUE,-3.078031311,-0.09216618963,41.33890749,20.6277574,62.92953289,-0.5613626292,0.9696378986,0.3042461671,-3.263650673,-2.318690878,,-33.76975581,6.548295504,10.60543781,158.3416335,1.835082974,0.007592491242,0.002886358366,3.570310539,-0.5593566739,-20.71597639,1.335139109,-876900,53.38889148,-45149649706,-10.50425519,74.67210851,-10.37421157,-2.791328793,0,-0.03196597326,-0.2746350098,0.05372483938,0.007592491242,1.778322256
2022-12-01,72.12999725,72.51000214,71.19000244,65.0375061,15353100,62.50325356,61.02298309,64.15833027,0.2078793061,-0.1558536,0.2581526476,TRUE,TRUE,-3.135347176,-0.07515112052,23.55139397,21.42059176,62.60956407,2.954768526,1.034477843,0.295268889,-4.71633463,-3.053928907,,-37.868783,7.501148835,10.43467339,163.9536528,1.787037161,0.006835536411,0.002466117832,3.437406384,-1.05005002,-20.71597639,1.275297817,-16230000,-28.05550089,-45308123887,-10.77345086,74.39148163,-12.90781279,-2.338683358,0,-0.08750822031,-0.7718227692,0.04966002247,0.006835536411,1.54571277
2022-12-02,70.61000061,71.22000122,70.31999969,64.72766876,10354100,62.70145512,60.9943692,64.18627213,0.2099755627,-0.1565736745,0.2646594871,TRUE,TRUE,-3.191902924,-0.05847061467,28.72412277,21.36908753,60.72490761,3.712589452,1.048773078,0.2476512997,-4.140636917,-3.048614509,,-43.585333,6.523689792,10.47287877,165.7671202,1.787685181,0.006783020037,0.002425469727,3.204230039,-1.108663267,-20.71597639,0.8744920875,-26584100,-27.7362125,-45447152333,-11.18081928,66.68505816,-11.39266995,-3.268322329,0,-0.09420932398,-0.8306007141,0.04924905813,0.006783020037,1.222325418
2022-12-05,70.48999786,70.90000153,70.36000061,64.36317444,11451500,62.86275101,60.97377487,64.2122131,0.210819689,-0.1566193537,0.2710739166,TRUE,TRUE,-3.238438225,-0.0416324466,34.07718055,21.32126217,58.49418333,-4.435349558,1.018944749,0.1742583763,-4.922579649,-4.02055793,,-50.31031333,5.276517126,10.50130924,165.4401933,1.787350367,0.006584565409,0.002283633279,2.816734363,-1.251768499,-20.71597639,0.9700349294,-38035600,-5.742764956,-45712946568,-11.9463374,65.96339498,-12.09846126,-3.121153686,0,-0.1105499004,-0.9747609063,0.04778737573,0.006584565409,0.9069279969
2022-12-06,70.52999878,71.11000061,70.26000214,64.76412201,12824800,63.10241566,60.99272942,64.24069397,0.2105168523,-0.1559740354,0.2773962763,TRUE,TRUE,-3.247964554,-0.02268627429,32.00822511,21.40656187,60.22507505,-2.384489012,1.015947491,0.1370088946,-7.232767669,-4.001102395,,-42.91276458,7.992707585,10.38866238,155.7783266,1.784447636,0.006339900372,0.002122560007,2.512911585,-1.303232084,-20.71597639,1.093178164,-25210800,-10.29350046,-45891615344,-12.46753837,65.9101919,-12.26189686,-1.487100865,0,-0.1163599661,-1.027569824,0.04607124924,0.006339900372,1.06671216
2022-12-07,71.12999725,71.61000061,70.48000336,64.46339417,14148900,63.30608501,61.02717552,64.26798336,0.2088217529,-0.1546114594,0.2836263455,TRUE,TRUE,-3.240807838,-0.007093725393,22.84466057,21.79271824,58.26252397,-2.462383638,0.9780317772,0.07927454461,-7.591644194,-2.539981598,,-48.46124286,6.745134414,10.42067381,144.6821618,1.753886444,0.006256422082,0.002140390863,2.296948901,-0.9943340553,-20.71597639,1.197190994,-39359700,13.97626854,-46056434348,-12.45847306,66.21784133,-11.45820513,-0.5743594533,0,-0.07940519789,-0.7134888354,0.04626435846,0.006256422082,0.7998976076
2022-12-08,70.75,71.45999908,70.48999786,64.88258362,9960000,63.55440655,61.05651863,64.30236391,0.2073972966,-0.152532504,0.2897651418,TRUE,TRUE,-3.24584528,0.01037972427,44.26225651,22.15129202,60.20900343,1.714820098,0.9706196868,0.05748996337,-7.363349533,0.5089450974,,-69.875483,8.288967865,10.5149716,124.6743123,1.752564323,0.006193890221,0.002100661817,1.741337261,-1.020012884,-20.71597639,0.8533336989,-29399700,-22.73619375,-46181548525,-12.38781937,73.32971275,-9.269516537,1.472614327,0,-0.08226260268,-0.7397038996,0.0458329774,0.006193890221,1.065317343
2022-12-09,70.94999695,71.44999695,70.76000214,64.54541016,11918600,63.64462261,61.12996689,64.33273933,0.2050235361,-0.149718505,0.2958120158,TRUE,TRUE,-3.202772446,0.02462059311,26.47053886,22.48425339,57.87116968,-2.353905372,0.9268542722,0.01097963898,-8.717695629,0.7574948255,,-108.4971889,2.875820808,10.46868482,125.0069969,1.725169837,0.006346041918,0.00227634983,1.46655872,-0.7338012899,-20.71597639,1.048061737,-41318300,-33.47213539,-46408162177,-13.35148839,65.52909962,-9.588496945,0.2777042334,0,-0.04866328906,-0.4445935009,0.04771110804,0.006346041918,0.7205897003
2022-12-12,71.20999908,72.47000122,70.94000244,66.02166748,11381900,63.84373474,61.25645134,64.36144236,0.2036179124,-0.1461191221,0.3017666723,TRUE,TRUE,-3.104991016,0.04102500095,37.42877294,23.44067958,64.39060707,6.128083096,0.9997668048,0.06711373731,-4.075859686,8.028800882,,-100.8770252,6.418890231,10.3758639,129.7195222,1.751073092,0.006797706656,0.002536274979,2.40323857,-0.3207698832,-20.71597639,1.018465783,-29936400,-25.66679728,-46492720601,-13.43445264,65.62150421,-6.966547038,4.979549333,0,-0.002946069436,-0.0265228416,0.05036144338,0.006797706656,1.678955259
2022-12-13,73.47000122,73.79000092,71.87999725,66.22216034,13694200,64.0897789,61.35195267,64.38958687,0.2024397725,-0.1417797902,0.3076289849,TRUE,TRUE,-3.037634201,0.05936565839,34.67931779,25.00283985,65.17873512,4.96973169,1.061492387,0.1030714555,-4.562759549,11.16626674,,-67.80126367,8.027374643,10.41045302,125.5590795,1.742529223,0.006498710087,0.002339676298,2.452344674,-0.479656721,-20.71597639,1.206752215,-16242200,33.66324071,-46587545065,-13.1740306,67.08333376,-6.875480303,7.494349686,0,-0.02085949904,-0.1886903146,0.04837020051,0.006498710087,1.698309233
2022-12-14,72.91999817,73.69000244,72.05000305,66.14014435,13318700,64.29800415,61.41975121,64.41995268,0.2005384406,-0.1367522913,0.3133992429,TRUE,TRUE,-3.000201473,0.07600426765,26.51991626,26.45341725,64.54936158,6.6781919,1.09121352,0.106234071,-2.245370731,10.31352833,,-69.6197992,6.719583774,10.4740212,123.1620967,1.732624533,0.006594789949,0.002437307894,2.322857456,-0.2792622979,-20.71597639,1.175226939,-29560900,-2.217931399,-46696853599,-13.12794024,60.09958269,-4.602633886,7.458101453,0,0.001817967235,0.01654049971,0.04936909858,0.006594789949,1.49570383
2022-12-15,72.30000305,72.41999817,71.36000061,65.33821869,13154000,64.43833981,61.49939636,64.44265165,0.1979070643,-0.1311038645,0.3190762564,TRUE,TRUE,-2.943255291,0.08983362998,9.268053121,26.95024138,58.59191072,-5.798696347,1.038092549,0.04249047984,-3.067484593,11.12293186,,-87.40084752,4.488478373,10.53609443,117.8503983,1.730690735,0.006644176719,0.002479450109,2.262327314,-0.2559139101,-20.71597639,1.161088956,-42714900,-0.5827179902,-46859461754,-13.09991779,54.45310056,-4.825742392,6.655736554,0,0.004558399286,0.0415213698,0.04979407705,0.006644176719,0.7635772949
2022-12-16,71.16000366,71.16000366,69.59999847,64.22646332,19631700,64.57776451,61.59726677,64.45443985,0.1949488617,-0.124906124,0.324658363,TRUE,FALSE,-2.85717308,0.101497595,3.106928098,25.66136333,51.49609074,-13.68264438,0.8959564017,-0.07971653389,-5.976527558,10.25927913,,-112.051731,4.538714652,10.69038665,94.70853925,1.743887818,0.006556040746,0.002377390939,2.224480441,-0.4579861197,-20.71597639,1.673713758,-62346600,68.89517877,-47014338684,-12.68596109,51.3629319,-5.871899467,6.521007905,0,-0.01835001148,-0.1658645133,0.04875849607,0.006556040746,-0.370928742
2022-12-19,69.55000305,70.30000305,69.18000031,63.97105789,9832300,64.63926296,61.71463356,64.45812731,0.1909027708,-0.1183045491,0.3301443359,TRUE,FALSE,-2.743493748,0.1115528094,6.032081005,24.1139199,49.99805022,-14.55131137,0.7540116211,-0.1773290517,-4.968543722,7.769421803,,-112.9922283,1.960388394,10.75695959,85.72145339,1.738349346,0.006426429145,0.002298891423,2.138351056,-0.3438704062,-20.71597639,0.8451374918,-72178900,-16.26027339,-47115627696,-12.58294096,51.2617378,-4.720236611,6.752563734,0,-0.005854893988,-0.0530898896,0.04794675613,0.006426429145,-0.7795073976
2022-12-20,69.58999634,70.02999878,69.13999939,63.98944855,7982000,64.68755608,61.83036346,64.45780352,0.1857089778,-0.1113531529,0.3355335708,TRUE,FALSE,-2.627440052,0.1190451577,-17.9793283,22.64282433,50.11059087,-8.481319851,0.6356756586,-0.2365320113,-3.623529385,6.678001086,,-110.7644979,1.53254096,10.52899797,78.56181441,1.709819976,0.006641185328,0.00253916881,2.275196969,0.02788520798,-20.71597639,0.6964394077,-64196900,-30.21629277,-47215995595,-12.31658427,44.40999759,-5.013834265,3.996054778,0,0.03569343743,0.3291260631,0.0503901658,0.006641185328,-0.8886092231
2022-12-21,70.06999969,70.65000153,69.83999634,64.88059998,8242400,64.75352421,61.96810814,64.46688612,0.1794154678,-0.1040418357,0.3408274723,TRUE,TRUE,-2.498777981,0.1261662408,-2.251239955,21.76840587,55.35432723,3.858236488,0.6068071335,-0.2123204291,-1.931370884,5.676021252,,-91.59995734,2.075734671,10.30100897,74.01407281,1.703992228,0.007267730916,0.003064356823,2.289341175,0.5058410332,-20.71597639,0.7166896146,-55954500,10.60061188,-47325169024,-12.28834128,41.9931427,-5.333023873,0.2620218594,0,0.08866145481,0.8206551795,0.05535663305,0.007267730916,0.1716913591
2022-12-22,70.51000214,70.51000214,69.02999878,64.4855423,7051900,64.76419926,62.13658966,64.4762233,0.1720331163,-0.09641679259,0.3460260646,TRUE,TRUE,-2.339633636,0.1336637416,-3.431991184,20.23719699,52.70939701,2.711346793,0.5457595895,-0.2186943785,-1.387534057,3.236620659,,-95.47173198,0.3321832825,10.30285169,73.43477969,1.701028585,0.006910633716,0.002776973357,2.317004394,0.2448430191,-20.71597639,0.6134799605,-63006400,-1.601853015,-47375527654,-12.15654434,42.85189238,-6.313604836,0.7670539385,0,0.0599031708,0.555315336,0.05269699571,0.006910633716,-0.3794618309
2022-12-23,70.05999756,70.95999908,70.05000305,65.14704132,5674700,64.78926792,62.29023384,64.48677185,0.1640450865,-0.08850153632,0.3511295146,TRUE,TRUE,-2.19653801,0.1378769948,10.6619692,19.18374346,56.46082188,6.350231006,0.5444799876,-0.1759791843,2.085117028,3.456112268,,-81.57469991,0.7755713666,10.23136267,73.8633756,1.620047619,0.007333509636,0.00345160939,2.234702671,1.079360135,-20.71597639,0.4911427354,-57331700,26.34309251,-47442351712,-11.79998022,47.95155522,-4.443881853,1.132804147,0,0.145677892,1.418868675,0.05875039906,0.007333509636,0.4843718506
2022-12-27,71.06999969,71.5,70.62000275,65.5512619,6105700,64.86780968,62.46854767,64.50041191,0.1547226271,-0.08031935505,0.3561382678,TRUE,TRUE,-2.031864243,0.1405229302,10.70172363,18.62867514,58.62093253,3.266605295,0.5695180667,-0.1207528842,4.478999465,4.488503502,,-73.08267471,2.455180736,10.12535302,73.1582689,1.598477427,0.001657175618,0.000354851834,2.172774264,1.516263287,-20.71597639,0.5354564385,-51226000,-33.13438393,-47518794475,-11.66546211,45.68000565,104.4789995,104.4885035,,0.1828975795,1.802920366,0.01883751135,0.001657175618,0.9342104933
2022-12-28,71.51000214,71.80999756,70.55999756,64.92653656,7215600,64.93880863,62.61067398,64.51128519,0.1441108556,-0.07192326751,0.3610518908,TRUE,TRUE,-1.90061121,0.1447849301,6.031080856,18.34930663,54.14951022,1.440113211,0.5328089212,-0.1259696237,2.382871869,3.418118466,,-86.20715079,2.235956651,10.1581853,65.76943625,1.562965847,0.0008695266017,0.0001028116021,2.119088583,0.8932574169,-20.71597639,0.6392011669,-58441600,-24.06390099,-47591048157,-11.19371903,38.13436307,-1.346413898,1.400002751,0,0.1329487715,1.333662366,0.01013960562,0.0008695266017,-0.01865923222
2022-12-29,71.01999664,71.58000183,70.97000122,65.39509583,5777600,64.95395489,62.74102982,64.52048729,0.1325692316,-0.06332571347,0.365870118,TRUE,TRUE,-1.779457474,0.1518303878,6.631346082,18.08989301,56.81043089,0.3496090158,0.5353542452,-0.09873943979,7.428743027,3.020762465,,-76.36347317,0.4653787184,10.04792154,66.48611057,1.542670454,0.0003951174476,0.00002176819381,2.075974616,0.6650658601,-20.71597639,0.5372669927,-52664000,-64.92727582,-47702430810,-11.86933179,36.31738671,1.388929805,-1.242501653,0,0.1072509376,1.089842843,0.0046656397,0.0003951174476,0.6635084141
2022-12-30,71.11000061,71.23000336,69.83999634,64.77035522,7350100,64.94059734,62.87420029,64.52714542,0.1203930539,-0.05462303448,0.3705925557,TRUE,TRUE,-1.652945137,0.1553415552,2.806131918,16.86274913,52.44049919,-6.180433339,0.4814106848,-0.1221464001,8.497700892,-0.40604435,,-89.48826981,-0.4107643342,10.06405794,66.57771501,1.519116508,0.0005545744829,0.00004425958219,2.048180647,0.895970598,-20.71597639,0.7099121218,-60014100,-52.12628069,-47763395559,-11.85716604,37.53886968,3.058060386,,0,0.1296245055,1.33815201,0.00665278755,0.0005545744829,-0.2557043582
2023-01-03,70.69999695,70.94000244,69.54000092,64.77035522,12887100,64.94273167,63.03671371,64.53246557,0.1077116863,-0.04586453733,0.3752189944,TRUE,TRUE,-1.495751858,0.1552341375,-19.13339081,15.98858738,52.44049919,-1.709011032,0.4336610499,-0.135916828,5.408329421,3.109869791,,-89.48826981,0.06594778279,9.870523209,66.51267291,1.452248443,0.0008717379803,0.0001200181236,2.1288032,1.537916034,-20.71597639,1.229663408,-60014100,24.463739,-47864092422,-11.53099916,28.84446469,1.778408206,-0.8717152792,0,0.1875122737,2.027390408,0.01095527834,0.0008717379803,-0.2591633059
2023-01-04,70.81999969,71.77999878,70.70999908,65.3583374,10436300,64.99248981,63.19002739,64.54344625,0.0949175859,-0.03705816312,0.3797502709,TRUE,TRUE,-1.353418865,0.1537033362,-12.46960326,15.27519505,56.12436482,-0.686066069,0.4382129222,-0.1050919646,4.156352075,2.977552327,3.38935379,-78.79095475,1.546168244,9.698809766,65.66582797,1.425410192,0.001176708218,0.0002275974014,2.047896608,2.12022697,-20.71597639,1.000659193,-49577800,-8.865214164,-47978924166,-10.863387,26.97038361,2.467366903,-2.320148452,0,0.2398768124,2.645090202,0.01508633161,0.001176708218,0.5571354217
2023-01-05,70.59999847,70.87000275,69.38999939,63.94350815,9786400,64.95145912,63.30538506,64.54524261,0.08211889669,-0.02835924813,0.3841849979,TRUE,FALSE,-1.239857559,0.1496198305,-26.59287799,14.86592088,46.74225151,-5.698247676,0.3239214524,-0.1755067475,4.217271259,0.8490195917,1.466249157,-150.0439984,-1.267080963,9.694891756,69.61299847,1.457913651,0.00137625767,0.0001515398979,1.455377679,1.648806546,-20.71597639,0.9522155426,-59364200,-23.69159753,-48060739513,-10.55277603,27.7933615,2.041295853,-2.485612712,0,0.1978711254,2.131319976,0.01231015426,0.00137625767,-1.447935006
2023-01-06,70.38999939,71.33999634,70.29000092,65.22972107,9810200,64.98977547,63.42313843,64.55302101,0.0703028993,-0.01976611862,0.3885240655,TRUE,TRUE,-1.129882584,0.1469706299,-1.24074848,14.06927202,54.23255513,1.792055945,0.3332893207,-0.1329111034,9.938455455,3.216504471,3.565822512,-136.7006971,1.188778398,9.626000839,68.8904608,1.475416334,0.001947374099,0.0002959650655,1.458686299,2.054524304,-20.71597639,0.9751137361,-49554000,-30.66457463,-48165106997,-10.47988657,36.28224058,4.651011226,-1.9603416,0,0.2294394696,2.461112843,0.01720363524,0.001947374099,0.348300185
2023-01-09,70.98999786,72.01999664,70.77999878,65.67071533,11719400,65.02918205,63.55025848,64.56255533,0.0604388541,-0.01129964967,0.3927677242,TRUE,TRUE,-1.012296848,0.1413678324,17.88820169,13.36660919,56.49194434,0.3675795174,0.3720096792,-0.07535259587,13.02520294,3.263530572,5.355232136,-112.3506972,1.214704579,9.666700546,70.48080384,1.401385271,0.002514269119,0.0005483313716,1.49858902,2.919619927,-20.71597639,1.154786797,-37834600,17.66465863,-48273403557,-10.30618706,48.50261127,5.488241198,-3.1781478,0,0.298207063,3.37251967,0.0234164765,0.002514269119,0.9102241241
2023-01-10,71.29000092,71.54000092,70.66000366,65.68908691,8607500,65.08636589,63.66826859,64.56890406,0.05059847753,-0.002985459854,0.3969154843,TRUE,TRUE,-0.9006354713,0.1376397434,21.92276595,12.60730797,56.58809263,9.845841116,0.3995722553,-0.03823201588,12.86211978,3.794702998,4.591436512,-111.7362626,1.771894787,9.641786959,70.98692393,1.370734341,0.001591431105,0.0002292436303,1.351086526,2.507132581,-20.71597639,0.8622170623,-29227100,-27.78094743,-48379254920,-9.872261369,48.92071581,,-3.457788331,0,0.2549205243,2.94650281,0.01514079358,0.001591431105,0.8490592214
2023-01-11,71.5,72.18000031,71.48999786,66.22196198,10685900,65.09638062,63.76413055,64.57324781,0.04187700917,0.005160675756,0.4009670369,TRUE,TRUE,-0.80911726,0.1329226617,26.73278452,12.43122711,59.39129552,5.158740387,0.459121888,0.0170540935,14.18885688,5.072521005,6.133280347,-89.14398235,0.3033769098,9.610794976,72.50101963,1.354835206,0.001715530288,0.0002731191395,1.827546137,2.976775648,-20.71597639,1.074155738,-18541200,-6.114972017,-48553110401,-10.35560657,56.64658059,3.806161124,-3.11868773,0,0.2932622507,3.43153613,0.01652631657,0.001715530288,1.552504179
2023-01-12,72.16999817,72.26999664,71.52999878,65.77175903,12898900,65.07386055,63.86247055,64.5732303,0.03483505536,0.01309187063,0.4049217246,TRUE,TRUE,-0.7107597542,0.1289426991,11.26584781,12.34088781,56.09563586,-0.3963084851,0.4646317999,0.01805120432,17.3207971,4.358196684,6.369765044,-100.5630214,-0.6801368361,9.610060274,69.45566122,1.338822502,0.0009201071781,0.00008036507998,1.754957435,2.464671832,-20.71597639,1.301811994,-31440100,-5.807568168,-48766753012,-10.99674795,47.97028653,5.838769729,-6.690472229,0,0.245090953,2.900821641,0.008964657271,0.0009201071781,1.004811517
2023-01-13,71.29000092,71.56999969,70.80000305,65.53289032,11896800,65.04349785,63.95129425,64.56896536,0.02916729375,0.02081668856,0.4087789134,TRUE,TRUE,-0.6176711082,0.1259209399,13.50705421,11.53792895,54.3716731,-2.216419531,0.4445986791,-0.001585533177,14.03999227,3.785403465,5.648164736,-133.927526,-0.9181322997,9.663491948,65.77904874,1.324120143,0.0003649596383,0.00001291831421,1.632821472,2.054169784,-20.71597639,1.209353152,-43336900,-10.67596687,-48941408409,-11.40835954,46.14173717,4.22292463,-7.879666766,0,0.2071002306,2.477636981,0.003594205644,0.0003649596383,0.7439944491
2023-01-17,71.37999725,71.88999939,71.11000061,65.44103241,9765200,65.04863853,64.05012772,64.5615024,0.02466775349,0.0283256305,0.4125381326,TRUE,TRUE,-0.5113746834,0.1210813256,4.0920526,11.0819459,53.68835818,-5.702937341,0.416508866,-0.02374027707,15.5475822,5.101360015,4.986752861,-137.1170398,0.1573561734,9.664247899,66.06106825,1.310433768,0.000445012949,0.00001963082718,1.605377853,2.309815242,-20.71597639,1.0100658,-53102100,-25.7625057,-49093118981,-11.55194351,47.80625071,3.51533732,-6.154343099,0,0.2268751315,2.743563472,0.004430668932,0.000445012949,0.5939865726
2023-01-18,71.54000092,71.54000092,69.43000031,63.87000656,14510200,65.0308157,64.1122551,64.54654354,0.02119730153,0.03550890327,0.4161982743,FALSE,FALSE,-0.4342884445,0.1107722769,-20.13179069,11.33562228,43.59687467,-12.49876119,0.2644306385,-0.1406548036,10.46309667,1.92625198,3.17506407,-191.6666004,-0.5549998212,9.873556907,68.81925668,1.306143324,0.0004290577598,0.00001837145406,1.84525633,2.34252498,-20.71597639,1.541701331,-67612300,-26.08790884,-49184099890,-11.52680093,40.79649058,0.6170605529,-6.95694377,0,0.2289522801,2.777968264,0.004286193424,0.0004290577598,-1.68675047
2023-01-19,69.48999786,69.55999756,68.65000153,63.22689438,14197000,64.99360752,64.15404785,64.5236997,0.01748505241,0.04229400793,0.4197581844,FALSE,FALSE,-0.3696518517,0.1007836476,-20.30724929,12.09555513,40.26073176,-14.11094134,0.09096517919,-0.2512962103,7.387550041,2.258893834,3.37247249,-149.8097918,-1.163281549,9.909733646,76.44030255,1.297335409,-0.0002616535194,0.000006913578109,2.143068254,1.775783184,-20.71597639,1.474240255,-81809300,44.39144452,-49367510489,-11.69196402,39.00579326,-1.248687887,-6.108385544,0,0.1794765886,2.191406147,-0.002629368386,-0.0002616535194,-2.311232535
2023-01-20,68.77999878,69.26000214,67.83999634,63.60357285,13310500,64.97431374,64.22670273,64.50534328,0.01372685167,0.0487284824,0.4232185666,FALSE,FALSE,-0.2786405563,0.09192357595,-21.64262709,13.29018509,43.01144716,-10.67691102,-0.01592902297,-0.28655233,9.450297853,2.597751504,3.520330554,-95.63032056,-0.6030302037,9.781377518,79.53266087,1.295576174,-0.0002802367165,0.00000795341481,2.366025896,1.728899542,-20.71597639,1.344974521,-68498800,66.75645202,-49460241672,-11.33861911,33.55251504,-0.5974074311,-6.269866279,0,0.1753593081,2.143980475,-0.002820179925,-0.0002802367165,-1.723494317
2023-01-23,68.98999786,69.91999817,68.69000244,63.62194824,9826300,64.91138115,64.29134155,64.48496861,0.009680001538,0.05478038566,0.4265791475,FALSE,FALSE,-0.1936270523,0.08476898742,-14.97000509,13.74172669,43.14896996,-0.4479047087,-0.09803067081,-0.2949231823,12.31759793,1.23793164,3.415093418,-95.21552608,-1.939950823,9.832612605,85.09822135,1.272716457,-0.0007609467993,0.00006074010073,2.52109988,1.349152622,-20.71597639,0.9850270634,-58672500,19.21649034,-49551044222,-11.1565254,39.08872435,1.055541242,-8.669244265,0,0.1411254264,1.756193309,-0.00779359357,-0.0007609467993,-1.515228975
2023-01-24,69.31999969,69.80999756,68.43000031,63.94350815,10329400,64.88427944,64.37188866,64.45946711,0.0051771587,0.06049091017,0.4298391923,FALSE,FALSE,-0.08757844925,0.07785736936,-10.34470909,14.33002789,45.62194974,5.361217978,-0.1355866626,-0.2659833392,10.83474948,0.4903958525,4.134088798,-87.95683795,-0.8405514319,9.785221862,87.3588883,1.273458324,-0.000657187349,0.00004524427442,2.618835152,1.462945814,-20.71597639,1.018724715,-48343100,46.47683603,-49628537194,-11.1100185,39.75897148,1.300356095,-8.629325935,0,0.1506219955,1.873450902,-0.006726386431,-0.000657187349,-1.076903921
2023-01-25,68.58000183,68.81999969,67.95999908,63.07989502,12991500,64.78092213,64.37866478,64.43050055,-0.0005869678985,0.06582381756,0.4329982221,FALSE,FALSE,-0.05183576584,0.07007593365,-27.55543335,15.17833897,40.52357237,-2.487874789,-0.2323579409,-0.290203694,8.430111726,-1.455543597,3.722086297,-107.4514896,-3.173047094,9.677641562,95.89769175,1.284600169,-0.001022552375,0.0001075097556,2.888747295,1.007549084,-20.71597639,1.236652077,-61334600,128.9372125,-49788970152,-11.16865092,32.64739761,-0.8085593478,-11.29294275,0,0.1136121779,1.400186046,-0.01036869112,-0.001022552375,-1.773793588
2023-01-26,68.30000305,69,68.16999817,63.29119492,10180000,64.66791878,64.40370018,64.40142315,-0.006712745007,0.07073088222,0.4360562638,FALSE,FALSE,0.002277030945,0.06523812812,-9.232962215,15.76896196,42.22480722,-0.9241627396,-0.288672108,-0.277214289,6.654880127,-1.209282801,5.7288112,-102.6817406,-3.447785627,9.691427703,99.58748202,1.237272572,-0.001562004377,0.0002704004821,2.983007617,0.5310625031,-20.71597639,0.9505938644,-51154600,66.72944953,-49918827519,-11.20558294,38.80195325,-2.164728358,-9.997415003,0,0.07194368973,0.9206283146,-0.01644385849,-0.001562004377,-1.38242662
2023-01-27,68.73999786,69.19000244,68.47000122,63.29119492,7712900,64.5861517,64.44349854,64.37705996,-0.01258499934,0.07523224923,0.4390140647,FALSE,FALSE,0.06643857956,0.05932377282,-33.54527433,16.10356074,42.22480722,-3.397142522,-0.3295031836,-0.2544362916,6.70404057,-4.631651881,6.602470308,-102.6817406,-2.518756938,9.522403891,103.9694662,1.230438258,-0.00143542251,0.0002310272045,3.183867667,0.7349712502,-20.71597639,0.718551215,-51154600,6.892011752,-50037494718,-11.39582484,37.89791422,-1.19013029,-12.57472923,0,0.08798860884,1.132459159,-0.01519957909,-0.00143542251,-1.245516426
2023-01-30,68.63999939,69.36000061,68.52999878,63.00639725,7780500,64.46671677,64.46411369,64.34997074,-0.01939400436,0.07929161501,0.4418712544,FALSE,FALSE,0.114142952,0.05320874453,-47.38554664,16.21780641,40.4176459,-0.1059264702,-0.3804572229,-0.2443122647,5.381989838,-5.869587989,5.190343791,-109.1105814,-3.652718216,9.483655479,107.8358262,1.231549483,-0.001547401848,0.000267819334,3.430987435,0.5539910563,-20.71597639,0.7181488457,-58935100,34.66664359,-50148832536,-11.29028067,31.21634004,-1.25357702,-11.88477296,0,0.0735606013,0.9457609616,-0.01636518665,-0.001547401848,-1.35420627
2023-01-31,68.76999664,69.11000061,67.95999908,63.47494888,9721200,64.40194645,64.48298256,64.32589777,-0.02660651931,0.08281538983,0.4446283238,FALSE,FALSE,0.1570847893,0.04675145575,-36.45980754,16.77163797,44.61726011,2.392452892,-0.3786654454,-0.1940163898,3.33082079,-5.272067928,4.709538174,-98.5337958,-1.999998822,9.440018045,109.7887388,1.227153621,-0.001319925949,0.0001965403501,3.599240202,0.9253552931,-20.71597639,0.8875652125,-49213900,32.25942504,-50234379844,-11.28029303,31.0588192,-3.705370426,,0,0.1030037359,1.329512183,-0.01401928494,-0.001319925949,-0.8443466755
2023-02-01,68.76000214,69.69999695,68.26999664,63.58519745,15472300,64.34268856,64.52592712,64.30219648,-0.03382187435,0.08579352201,0.4472853643,FALSE,FALSE,0.2237306404,0.04075747535,-46.6668107,16.59290386,45.58906285,3.364255628,-0.364151598,-0.1436020339,4.486811332,-4.914883349,2.937487834,-96.04511504,-1.829784277,9.393784226,110.8885205,1.226353622,-0.001355714266,0.0002075938382,3.152285172,0.8691887418,-20.71597639,1.396175031,-33741600,20.06037045,-50351229211,-11.22159693,32.91004507,-2.528217504,-12.7387668,0,0.09848808842,1.272006341,-0.01440811709,-0.001355714266,-0.6831104861
2023-02-02,69.25,70.12999725,68.70999908,63.72299957,12498500,64.26092167,64.54556534,64.28102507,-0.0405173524,0.08820114835,0.4498427893,FALSE,FALSE,0.2645402718,0.03546585588,-38.38215641,15.95459078,46.84456935,6.426923458,-0.3376377123,-0.09367051854,4.307121952,-5.298436369,4.549537227,-101.6541645,-2.50211051,9.429153544,109.018726,1.224502776,-0.001470350054,0.000244792908,2.933707619,0.784474784,-20.71597639,1.117431066,-21243100,19.75987658,-50451516576,-11.05313267,40.8888994,-2.245958993,-12.80031319,0,0.09153760423,1.183975396,-0.01564585913,-0.001470350054,-0.4934217416
2023-02-03,68.73999786,69.01000214,67,62.39084625,12681100,64.18328857,64.53291054,64.25099291,-0.04786962523,0.08992741011,0.4522993079,FALSE,FALSE,0.2819176292,0.02586969024,-48.8572059,16.67192662,37.77106628,-6.84619383,-0.4192856426,-0.1402547591,3.126458113,-7.477340262,0.8728642734,-94.25673462,-2.428177528,9.571952977,116.6586332,1.229735346,-0.001473406154,0.0002436679802,3.072768649,0.7418391204,-20.71597639,1.119272995,-33924200,29.57880324,-50522355962,-10.86349297,40.83531938,-4.743701836,-14.85988056,0,0.08843337465,1.138855938,-0.01560986804,-0.001473406154,-1.536484933
2023-02-06,67.66000366,68.55000305,67.54000092,62.92370605,15707100,64.06798782,64.52015991,64.22084131,-0.05510891305,0.09107708207,0.4546549474,FALSE,FALSE,0.2993185997,0.01772305371,-36.63122532,17.33802418,42.56340857,-3.025654275,-0.4359693001,-0.1255507333,3.554870313,-6.347749642,2.191250881,-89.78619214,-3.535221333,9.468423574,117.1665293,1.231234832,-0.001531839697,0.0002626431513,1.110578309,0.7742639229,-20.71597639,1.351193717,-18217100,60.10988563,-50681644154,-10.82417886,42.75711892,-3.92125462,-12.97966233,0,0.09093964599,1.16973528,-0.01620626889,-0.001531839697,-0.9766285436
2023-02-07,68.18000031,68.68000031,67.51000214,62.8961525,10562200,63.92925968,64.49264214,64.19625393,-0.06232167538,0.09161385495,0.4569105835,FALSE,FALSE,0.2963882065,0.008587304762,-18.27596427,17.80165707,42.38165506,-4.462914291,-0.4462702354,-0.1086813348,2.876962381,-6.527250323,2.966882243,-131.1134538,-4.224962103,9.433655398,113.5613543,1.226162513,-0.001549159119,0.0002710507833,1.19334493,0.9373275045,-20.71597639,0.9131519225,-28779300,-9.874225643,-50775509737,-10.81594302,50.32421092,-3.927509981,-13.56618911,0,0.1035167128,1.337290792,-0.01646361999,-0.001549159119,-0.9097348232
2023-02-08,68.05999756,68.08999634,66.97000122,61.83960342,11235700,63.73678551,64.43652084,64.17208578,-0.06972714747,0.09156621963,0.4590663155,FALSE,FALSE,0.2644350624,0.002341933594,-24.1602347,18.62110747,36.02850262,-1.742563657,-0.5335381848,-0.1567594274,3.116139038,-9.112198342,1.385262699,-162.3545645,-5.860156794,9.537524298,114.780086,1.087251012,-0.004105870131,0.002416902919,1.451768028,-0.4990094428,-20.71597639,0.9604672872,-40015000,30.53383677,-50889680904,-10.73000363,51.34076577,-3.06358804,-16.30886105,0,-0.009086533279,-0.1325458953,-0.04916200687,-0.004105870131,-1.652884354
2023-02-09,67.47000122,67.83999634,66.27999878,60.99437714,10357600,63.47540627,64.37679985,64.14598135,-0.07867903731,0.09090513874,0.4611218909,FALSE,FALSE,0.2308185005,-0.006428218968,-42.01204003,19.83446254,31.90775834,-10.65565023,-0.6632557616,-0.2291816033,1.000778352,-10.74629698,-0.07353879992,-137.2889283,-7.894034974,9.665858895,114.7303679,1.091974553,-0.004056284723,0.002337404795,1.899164584,-0.5570493733,-20.71597639,0.886648356,-50372600,-3.072272808,-50970226248,-10.34569684,52.40433144,-4.176914462,-15.9177129,0,-0.01326846414,-0.1926814798,-0.04834671442,-0.004056284723,-2.162486859
2023-02-10,66.45999908,67.76999664,66.37999725,62.20711136,15481700,63.29717388,64.35081093,64.12926304,-0.08809512863,0.08964169525,0.4630787496,FALSE,FALSE,0.2215478897,-0.01440330616,-19.10663865,20.96114939,42.13428382,-0.247371242,-0.6605855403,-0.1812091056,3.823607311,-8.959605567,1.468431842,-105.7893256,-5.419723795,9.530148375,104.4025841,1.111298053,-0.003579153151,0.001759370661,2.02866438,0.2092654189,-20.71597639,1.310799318,-34890900,20.02341285,-51078662475,-9.787198262,53.94814491,-3.180633593,-13.81208057,0,0.04143566167,0.5913793642,-0.04194485262,-0.003579153151,-1.044095347
2023-02-13,67.73999786,68.29000092,67.73999786,62.58379364,8091900,63.14971905,64.30064339,64.11599953,-0.09742541937,0.08783858411,0.4649374324,FALSE,FALSE,0.1846438599,-0.02066823276,-18.22656119,21.30418973,44.90223665,8.873734028,-0.6209167172,-0.113232226,-0.2507052872,-9.876740834,4.734359063,-96.00536634,-4.500177949,9.460785703,91.14890653,1.105047165,-0.00367819977,0.001879046317,1.831341447,0.09204206764,-20.71597639,0.6963385838,-26799000,-31.98254993,-51238475311,-9.88356451,59.78646634,-4.234987558,-14.07074259,0,0.03289537616,0.4721566063,-0.04334796785,-0.00367819977,-0.620880084
2023-02-14,68.05000305,68.51999664,67.47000122,62.31735611,7075200,62.99353523,64.24624039,64.09776716,-0.1060579511,0.08552878835,0.4666972175,FALSE,FALSE,0.1484732246,-0.02646159177,-11.111037,21.82957268,43.32365401,11.41589567,-0.6040154569,-0.0770647726,0.4479912795,-11.00286972,4.226248653,-102.9258244,-4.773268674,9.62270008,75.18495602,1.100486814,-0.003895044105,0.002123590889,1.904893687,-0.2255609597,-20.71597639,0.615977169,-33874200,-27.54679884,-51314990804,-9.671969099,62.10441837,-3.13102308,-15.1286492,0,0.01013108294,0.1459982527,-0.04608243579,-0.003895044105,-0.899354284
2023-02-15,67.44000244,68.31999969,67.44000244,62.72159195,5510000,62.9361145,64.20611885,64.09143349,-0.1127018113,0.0827449576,0.4683599082,FALSE,FALSE,0.1146853638,-0.03343382006,-8.072796711,22.34110235,46.40236602,4.268082197,-0.5516436281,-0.01975435501,2.316941595,-10.67957795,5.80202773,-92.42618806,-1.798049936,9.570082175,72.47535268,1.079224695,-0.003546140371,0.001833516566,1.942221037,0.3577370766,-20.71597639,0.4992692185,-28364200,-62.02671224,-51379588356,-9.946822238,60.901466,-2.172357581,-14.367608,0,0.05134808766,0.7550794499,-0.04281958158,-0.003546140371,-0.2959938028
2023-02-16,67.59999847,68.06999969,67.02999878,62.24386215,9199800,62.88696289,64.1637326,64.08598867,-0.1174854082,0.07950250808,0.4699256468,FALSE,FALSE,0.07774393082,-0.03905186676,-13.90222586,23.14072788,43.40177431,-1.500462339,-0.5424345309,-0.008436206247,0.4327874818,-11.21112003,5.488209097,-104.8347591,-1.554769116,9.580372128,73.72219753,1.048755675,-0.004065918453,0.002550025692,2.030831988,-0.3591037759,-20.71597639,0.8529176444,-37564000,-35.1989857,-51473464042,-9.762195611,55.21485059,-2.927798839,-14.54641742,0,0.00157477704,0.02383136961,-0.05049777908,-0.004065918453,-0.8723298545
2023-02-17,67.76999664,68.80000305,67.41000366,62.91453171,10936600,62.85251083,64.1267408,64.08268499,-0.1198979295,0.07591307981,0.4713947608,FALSE,FALSE,0.04405580521,-0.04306401462,-1.160001387,22.84061558,48.44225166,5.118597644,-0.4755371308,0.04676895503,0.6125330255,-10.5892145,6.383630484,-87.41476378,-1.083337157,9.533573748,71.78153958,1.056496905,-0.004015290841,0.002450516468,2.036890565,-0.1993978217,-20.71597639,1.025218946,-26627400,-17.83479208,-51555141938,-9.819008845,61.20010556,-2.256475961,-13.00343481,0,0.01225416413,0.1840859379,-0.04950269152,-0.004015290841,0.08640226218
2023-02-21,67.98000336,68.16999817,67.15000153,61.73854446,8484500,62.75834064,64.0722438,64.06640759,-0.1214587305,0.07197879565,0.472765319,FALSE,FALSE,0.005836219788,-0.04808667716,-20.12786306,22.79493103,41.46850823,-4.933857785,-0.5115163596,0.008631781026,0.4892337104,-12.21527331,4.33217602,-117.9598991,-2.960305099,9.617042518,73.48987243,1.077596856,-0.004365283136,0.0027767669,2.197914201,-0.8638759746,-20.71597639,0.8003879068,-35111900,-13.65519066,-51653653219,-9.917513193,61.75826567,-1.498116328,-14.1756161,0,-0.0346262366,-0.5095986829,-0.05269503677,-0.004365283136,-1.387669004
2023-02-22,67.19000244,67.70999908,66.76000214,61.49967957,13375100,62.63614922,64.00458572,64.0522583,-0.1219553902,0.06766473315,0.4740376633,FALSE,FALSE,-0.0476725769,-0.05219488014,-23.81955718,23.09168428,40.20252097,-3.199253345,-0.5529307175,-0.02622606152,-1.978622501,-11.34548573,4.116838802,-124.1641846,-3.821855656,9.624941618,73.06247276,1.067582987,-0.00464727525,0.003204228173,2.386841917,-1.245006083,-20.71597639,1.243874834,-48487000,29.48573973,-51815149512,-10.1676699,52.36829932,-3.103602343,-13.49996815,0,-0.06066252212,-0.901140418,-0.05660590228,-0.00464727525,-1.555476577
2023-02-23,67.23999786,67.23999786,66.30000305,61.17811966,10703300,62.54106045,63.93723991,64.03394201,-0.1220617715,0.06308895551,0.4752111931,FALSE,FALSE,-0.09670209885,-0.056042902,-28.46862786,23.74266505,38.49859753,-9.943654124,-0.6047281617,-0.0624188046,-2.928215804,-11.27652013,3.682034753,-186.8817892,-3.014867668,9.58160421,79.1086519,1.065718152,-0.004861900003,0.003516984644,1.540908484,-1.521309576,-20.71597639,1.006104324,-59190300,-17.61305469,-51942493997,-10.12150296,44.57866519,-3.934463825,-13.53066978,0,-0.0797834348,-1.187172366,-0.05930417054,-0.004861900003,-1.722871969
2023-02-24,66.01000214,66.84999847,65.73999786,61.19651031,11575200,62.43632622,63.84073677,64.01814207,-0.1220804064,0.05832626343,0.4762863113,FALSE,FALSE,-0.1774053001,-0.06079560768,-15.66243483,24.76455987,38.65872638,-2.809781853,-0.6369516551,-0.07571383835,-3.720391735,-11.52855977,5.499449594,-148.4797335,-3.309598758,9.623647524,82.45020153,1.05858492,-0.004744410165,0.003397333105,1.691553764,-1.266852355,-20.71597639,1.080974065,-47615100,13.70530452,-52048829103,-9.945730829,44.99490034,-3.714681711,-14.01637837,0,-0.06156646489,-0.9225166289,-0.05828664603,-0.004744410165,-1.503714824
2023-02-27,66.94000244,67.58000183,66.01999664,60.78307724,10860300,62.31092033,63.73195511,64.00418112,-0.1218258349,0.05329330463,0.4772633162,FALSE,FALSE,-0.2722260094,-0.06687453583,-28.51869752,24.64904212,36.3663945,-3.83612647,-0.6879196897,-0.1013454984,-5.428432035,-12.66341436,3.955428247,-161.9905954,-3.962822442,9.7154679,87.67213705,1.057917931,-0.00473399067,0.003386892841,1.908808327,-1.251379045,-20.71597639,0.9995223409,-58475400,40.80695977,-52132605207,-9.641122899,43.01567266,-5.360506967,-14.54787554,0,-0.06044342901,-0.9062757565,-0.05819701746,-0.00473399067,-1.742678056
2023-02-28,65.86000061,66.18000031,65,59.71734619,20575900,62.14646778,63.60349915,63.98260176,-0.1223849996,0.04789556208,0.4781410917,FALSE,FALSE,-0.3791026115,-0.07186173749,-37.2041223,25.30883695,31.22623433,-7.272363202,-0.8050279521,-0.1747630087,-7.623591787,-12.85736202,-0.9351475565,-139.0170938,-5.220185885,9.845867847,103.3802707,1.025088181,-0.005589689191,0.005021353175,2.342670084,-2.388407885,-20.71597639,1.788390701,-79051300,164.4547266,-52337410477,-9.511205924,33.39892297,-6.816117933,-15.88735992,0,-0.1340043088,-2.074034081,-0.070861507,-0.005589689191,-2.349695519
2023-03-01,64.66000366,64.72000122,63.63000107,58.73431015,23638000,61.90943584,63.47142097,63.95933979,-0.1238639279,0.04217237303,0.4789194188,FALSE,FALSE,-0.4879188156,-0.07825444119,-36.659149,26.71550698,27.38170329,-11.27702309,-0.9660241616,-0.2686073745,-8.199564932,-14.55143525,-3.067911874,-94.69417872,-7.468519182,9.987407069,123.6729294,1.043359511,-0.00588478726,0.005366417158,2.903948406,-2.742716623,-20.71597639,1.937366303,-102689300,143.1592807,-52573386689,-9.585229387,31.10945353,-8.227222678,-17.95437586,0,-0.1609933653,-2.447257742,-0.07325583361,-0.00588478726,-2.567357067
2023-03-02,63.84000015,65.18000031,63.75,59.84596634,15344300,61.72247429,63.38381104,63.93786474,-0.1252012502,0.03629333546,0.4795985994,FALSE,FALSE,-0.5540537071,-0.08299963088,-13.1440003,27.42810046,36.85020828,0.4838137885,-0.9924728444,-0.2360448458,-5.76411519,-11.64266993,-0.3679491158,-73.19213302,-5.88066289,9.855036104,125.2599919,1.075678988,-0.005391945524,0.004241171977,3.076810636,-2.077607493,-20.71597639,1.258276136,-87345000,-0.8272848898,-52672513718,-9.517595787,39.03391067,-6.020967723,-17.22988015,0,-0.1199426488,-1.767794895,-0.06512428101,-0.005391945524,-1.498090429
2023-03-03,65.40000153,66.29000092,64.76000214,60.86577225,15087600,61.57961292,63.32170532,63.92050095,-0.1259303335,0.03038401879,0.4801792791,FALSE,FALSE,-0.5987956238,-0.08641951355,-15.69878954,26.8241342,44.05657153,12.8303372,-0.9205324768,-0.1312835826,-6.492944423,-9.544688071,0.1107733985,-53.46668782,-4.483824278,9.65100209,117.2823273,1.099579495,-0.004842068934,0.003277262544,3.183379091,-1.486933565,-20.71597639,1.224229978,-72257400,20.71528583,-52764404755,-9.383556844,38.76691435,-7.237598623,-17.45285226,0,-0.08041137988,-1.15911242,-0.05724738024,-0.004842068934,-0.6086515265
2023-03-06,66.29000092,66.76999664,66.19999695,61.15974808,12121600,61.51805801,63.26511131,63.90128462,-0.1247325151,0.0244706193,0.4806612076,FALSE,FALSE,-0.6361733055,-0.08848354237,-16.82967899,25.77951049,45.97062028,18.58891699,-0.8302274789,-0.03278286777,-5.962341207,-10.39747187,-1.146095694,-47.78050373,-1.9732032,9.5837464,116.0244552,1.098195241,-0.004794530086,0.003221791391,3.26647105,-1.522525565,-20.71597639,0.9858020946,-60135800,-4.412077817,-52990897981,-10.0378411,40.121723,-6.160417084,-18.80325126,0,-0.08262900014,-1.19252858,-0.0567608262,-0.004794530086,-0.30882277
2023-03-07,66.62999725,66.80000305,65.16000366,60.15834427,12027600,61.37978992,63.1706662,63.88020409,-0.1233226278,0.018534539,0.4810441355,FALSE,FALSE,-0.7095378876,-0.09249862635,-23.47650284,25.54490435,40.84417485,3.993966562,-0.8298984827,-0.02596309721,-7.059306446,-10.90764311,-4.863274675,-67.15000904,-4.394785303,9.708139545,114.8632935,1.115290212,-0.004799569768,0.003127222741,3.460682263,-1.777457328,-20.71597639,0.993014897,-72163400,-23.42571194,-53076288973,-9.885255488,39.06995891,-6.224320391,-17.26413663,0,-0.1026073622,-1.457515745,-0.05592157671,-0.004799569768,-1.063390765
2023-03-08,65.45999908,66.11000061,65.20999908,60.61771393,13703700,61.265868,63.09330963,63.86209389,-0.1216882382,0.01271355928,0.4813285376,FALSE,FALSE,-0.768784256,-0.09481091882,-22.74066026,25.32705578,43.93291723,-0.1236543063,-0.7835383164,0.01631765525,-5.819260071,-10.45538201,-5.364976149,-58.26471923,-3.622540454,9.628561827,110.2381036,1.116692937,-0.004748967291,0.003054405481,3.594659066,-1.748374623,-20.71597639,1.116911506,-58459700,29.7428566,-53229839765,-10.00193177,34.38539503,-6.367553815,-18.21890227,0,-0.1005744302,-1.426805627,-0.05526667605,-0.004748967291,-0.5879582892
2023-03-09,66.16000366,66.76999664,65.23000336,60.13077164,17033600,61.18042641,62.99298424,63.84065104,-0.1203084082,0.006940909407,0.4815139437,FALSE,FALSE,-0.8476667976,-0.09825595475,-22.81751638,24.42962512,41.4615914,-4.509028885,-0.7771314365,0.0181796281,-7.154193137,-13.86951464,-4.651312888,-67.6833286,-2.763329149,9.802025725,112.1627134,1.119066779,-0.004712024449,0.00299315673,3.773435105,-1.811723767,-20.71597639,1.35626743,-75493300,51.60248138,-53359676809,-9.833432151,41.75316759,-7.665949036,-19.4361366,0,-0.1054142116,-1.492133078,-0.05470974986,-0.004712024449,-0.9358321837
2023-03-10,65.76999664,65.76999664,64.08999634,59.18448639,20833200,61.08993187,62.86564873,63.81061552,-0.1205042491,0.001237842456,0.4815991036,FALSE,FALSE,-0.9449667931,-0.1005048211,-39.11359599,24.39861353,37.09462176,-3.749553084,-0.8387427448,-0.03474534419,-8.189000663,-15.15896506,-5.483430634,-97.91888806,-2.967307532,9.848087003,120.7177616,1.089391952,-0.005210090464,0.003856234326,2.45753635,-2.79874552,-20.71597639,1.592392544,-96326500,101.1392601,-53502173642,-9.676511894,34.35613161,-7.379450289,-18.18467386,0,-0.171830745,-2.498363417,-0.06209858554,-0.005210090464,-1.578430097
2023-03-13,64.33999634,66.84999847,64.25,60.09402466,33835600,60.98427753,62.76899849,63.77861742,-0.1214364535,-0.004382709337,0.4815837693,FALSE,FALSE,-1.009618931,-0.1005428737,-17.74024896,23.34144425,43.27855871,-0.6543585177,-0.8048996317,-0.0007217848206,-7.380345684,-14.20025457,-4.669147535,-86.66613061,-3.396857135,9.985495001,119.6678792,1.110034252,-0.005168042034,0.003654207196,2.240136617,-2.452790302,-20.71597639,2.416716367,-62490900,118.5522262,-53644178474,-9.162131754,45.26931108,-5.547185385,-14.23831818,0,-0.1509356238,-2.153667424,-0.06045003884,-0.005168042034,-0.7439363695
2023-03-14,65.90000153,66.80999756,65.62000275,60.88412857,17559200,60.89929428,62.67877914,63.75079433,-0.122432899,-0.009911508399,0.481468612,FALSE,FALSE,-1.07201519,-0.09908413761,-6.267553854,22.35978706,48.05564969,6.594058293,-0.7061834944,0.07839548198,-5.672411992,-13.89560401,-3.086629953,-69.515746,-2.715823012,9.943257541,113.5918304,1.126153002,-0.004844477859,0.003121755299,1.86652436,-2.079695849,-19.20602403,1.213153365,-44931700,116.9972442,-53801499900,-8.853882591,52.04215968,-4.399195414,-13.48210156,0,-0.1259052328,-1.770572978,-0.05587267041,-0.004844477859,-0.01335105737
2023-03-15,66.08000183,67.59999847,65.76000214,61.71099091,24168400,60.86897602,62.61759186,63.72616287,-0.1229444254,-0.01525216732,0.4812541497,FALSE,FALSE,-1.108571014,-0.09733700351,5.160213798,20.77904289,52.55869732,15.46407556,-0.554833588,0.1837963106,-6.529184644,-10.33892393,-1.658738717,-48.33781905,-0.9730278075,9.922945448,110.3713006,1.133212928,-0.004787535071,0.003013519024,2.534274775,-1.466582728,-19.20602403,1.576679002,-20763300,241.5931705,-53932036036,-8.536436556,59.07374396,-3.546611011,-10.16082077,0,-0.08224772348,-1.149856873,-0.05489552827,-0.004787535071,0.7628929623
2023-03-16,66.91999817,68.01000214,66.66000366,62.12441635,15823400,60.83911724,62.56467308,63.69839033,-0.121594323,-0.02029470468,0.4809399507,FALSE,FALSE,-1.133717251,-0.09659488526,8.654573142,19.65132421,54.67442711,11.3958684,-0.3969519041,0.2733423957,-6.187874221,-10.46829595,-2.250439768,-34.37407191,-0.9521052951,9.929015832,105.8091114,1.117254808,-0.004466305831,0.002703240536,3.083606729,-0.9259450868,-17.92956592,0.9986780773,-4939900,187.1760436,-54054183130,-8.440218811,64.43902455,-4.25566038,-10.80411615,0,-0.04137357504,-0.586961682,-0.05199269695,-0.004466305831,1.214733867
2023-03-17,67.45999908,67.59999847,66.47000122,61.52724838,17907300,60.80328655,62.4880513,63.67230133,-0.1183787864,-0.02509673249,0.4805263078,FALSE,FALSE,-1.184250031,-0.09714780862,6.823937651,18.42969174,51.12757734,3.071927648,-0.3163690905,0.2831401674,-6.974426819,-9.063195811,-3.013112022,-48.00804047,-1.151300297,9.919982812,101.9445638,1.122589608,-0.004515699721,0.002736279502,3.040007409,-1.054371252,-17.92956592,1.099975921,-22847200,94.64879671,-54228748082,-8.462320111,58.40446205,-4.824518528,-9.219871679,0,-0.05099712818,-0.7199405296,-0.05230945901,-0.004515699721,0.7101524627
2023-03-20,66.58000183,67.22000122,66.55999756,62.00849533,19419000,60.75798473,62.44935104,63.64915739,-0.1132210505,-0.02963989448,0.4800136998,FALSE,FALSE,-1.199806347,-0.09674482703,22.19929397,17.29531874,53.73247683,1.17377951,-0.2112389917,0.3106162129,-5.096134276,-8.007295736,-2.665088884,-37.02066991,-1.440106685,9.877071085,93.75288277,1.127785991,-0.004336504928,0.00250089714,2.858637963,-0.8727630183,-17.92956592,1.162547055,-3428200,77.55975349,-54516000813,-8.862809017,66.1997264,-5.027265804,-9.695474177,0,-0.03792112671,-0.5328689664,-0.05000897059,-0.004336504928,1.333836955
2023-03-21,67.11000061,67.19000244,64.76999664,60.75907898,25932500,60.70901146,62.3599382,63.61752142,-0.1071001672,-0.03402285188,0.4794008938,FALSE,FALSE,-1.257583218,-0.09676955929,19.12468639,17.36243201,46.76365402,-7.910773098,-0.2261333642,0.2365774724,-5.39868484,-11.05255851,-3.804683676,-70.20937842,-1.586473237,10.10120366,90.87522369,1.139838235,-0.005252969805,0.003585815052,2.527802597,-1.65448647,-16.71854505,1.47542933,-29360700,205.645589,-54627894365,-8.460971021,65.44233598,-7.02262677,-12.57017325,0,-0.09723543959,-1.351579631,-0.05988167543,-0.005252969805,0.05509479714
2023-03-22,65.55999756,65.91000366,64.33000183,59.56518555,17896600,60.61228676,62.23782761,63.58153227,-0.1012087058,-0.03827970583,0.4786872877,FALSE,FALSE,-1.343704662,-0.09919204617,-2.631636341,17.72213001,41.2572743,-9.870303033,-0.330465088,0.1057965989,-6.887290112,-11.51363581,-6.320828623,-115.428676,-3.145535119,10.14840298,92.30056806,1.163244804,-0.005398151348,0.003632930862,2.577048359,-1.929626164,-15.56410667,1.005296221,-47257300,33.80535473,-54753732626,-8.253373549,59.0948916,-8.794180802,-13.16748445,0,-0.1204269071,-1.639582986,-0.06027379913,-0.005398151348,-1.134447202
2023-03-23,64.37999725,65,63.38000107,58.95435333,16884500,60.50109844,62.10313293,63.54100737,-0.09536364821,-0.04243844032,0.4778722584,FALSE,FALSE,-1.437874432,-0.1012212834,-18.62897202,18.64292104,38.74365578,-14.98882106,-0.4571678393,-0.01672492196,-7.868633547,-11.20704068,-7.412264537,-95.58632213,-3.634904667,10.13127543,98.32323113,1.15896941,-0.005805074746,0.00422763619,2.864935906,-2.40502403,-15.26170935,0.9322594226,-64141800,57.75041342,-54862870087,-8.062270508,53.11437517,-8.812613527,-13.55444974,0,-0.155987306,-2.131504857,-0.06502027522,-0.005805074746,-1.573122742
2023-03-24,63.77000046,65.70999908,63.70999908,60.79610443,18056000,60.48107815,61.99461578,63.50767088,-0.08839068119,-0.04646743212,0.4769569396,FALSE,FALSE,-1.513055096,-0.09920200317,-3.079575598,18.76545002,48.8605766,2.096922579,-0.4043061712,0.02890939693,-6.295403473,-8.105186767,-4.654277746,-55.80768987,-0.6542952886,9.924391997,97.23434632,1.230400268,0.7466326104,0.1715376291,2.891743116,-1.727056629,-14.26978465,0.979419232,-46085800,55.98866542,-54933539369,-7.823827849,54.08676096,-6.259367425,-11.46957789,0,-0.1230209765,-1.73586309,0.4141710143,0.7466326104,0.3239866315
2023-03-27,65.88999939,66.36000061,65.58999634,60.87013245,14136900,60.48543091,61.89658325,63.48130442,-0.08039540212,-0.05031631466,0.4759424217,FALSE,FALSE,-1.584721165,-0.0978559732,6.541651752,18.2615624,49.22357876,7.966304457,-0.3523774879,0.06467046419,-5.6065433,-6.91628466,-5.509540275,-54.20881302,0.143222769,9.903361929,97.39600463,1.22585239,0.7397365793,0.17112204,2.817436364,-1.501490893,-12.15193778,0.7600792398,-31948900,30.17043728,-55120985032,-8.033605195,58.84612054,-7.403498097,-13.7278295,0,-0.1275079439,-1.813652333,0.4136689981,0.7397365793,0.3949869808
2023-03-28,65.61000061,66.65000153,65.61000061,61.03672028,11019400,60.55139961,61.80665985,63.46371782,-0.07130923536,-0.05397045355,0.4748300545,FALSE,FALSE,-1.657057972,-0.09521726177,3.957339705,17.52740841,50.08227589,11.33862012,-0.2943878665,0.09812806842,-6.309298107,-4.355737328,-6.60486324,-50.61080457,2.209364898,9.856229131,96.38271766,1.222120986,0.7398751713,0.164863459,2.781502919,-1.603061816,-11.5964871,0.6080870042,-20929500,-46.44511297,-55228917434,-7.978146736,63.50340035,-7.387678413,-12.03352395,0,-0.122406869,-1.739855238,0.406033815,0.7398751713,0.5035349441
2023-03-29,66.30000305,67.01999664,66.30000305,61.92522049,9903900,60.71094513,61.73634361,63.45304314,-0.06128785772,-0.05734203398,0.4736208961,TRUE,FALSE,-1.716699524,-0.09193867575,16.32855098,16.50756911,54.50175903,5.641182436,-0.1747220451,0.1742351119,-5.531611913,-1.300373316,-5.853325979,-31.42073959,5.432787635,9.695318119,90.97937287,1.233358602,0.7602121434,0.1729595141,2.647357202,-1.071254665,-11.5964871,0.5680563175,-11025600,-58.10178526,-55359176319,-7.989203235,62.53984409,,-10.14237299,0,-0.1030192379,-1.458027956,0.4158840152,0.7602121434,1.33467106
2023-03-30,67.06999969,67.52999878,66.81999969,62.19359589,10292800,60.82832661,61.7028154,63.45843674,-0.0507393847,-0.06041814348,0.4723173608,TRUE,FALSE,-1.755621338,-0.08806202309,29.1814241,15.54693688,55.77540982,6.551831058,-0.05756677397,0.2331123064,-4.209281472,-1.926711387,-6.315023106,-25.62429607,3.922786598,9.649525095,94.31544128,1.235027686,0.7663170858,0.1758325252,2.408486173,-0.9769642765,-11.30716689,0.5990406317,-732800,-32.92101953,-55503606332,-8.238474991,69.13981659,-7.960256456,-9.546856715,0,-0.09724342351,-1.376816561,0.4193238905,0.7663170858,1.447556477
2023-03-31,67.41999817,67.72000122,67.02999878,62.64710617,11722000,60.9173933,61.69121964,63.4738204,-0.03982965312,-0.06318778875,0.4709209316,TRUE,FALSE,-1.782600765,-0.08230213792,25.90461497,14.82059891,57.91913704,7.836861148,0.07105503409,0.2893872916,-4.202134151,2.914443129,-6.404132667,-15.82925979,2.926659529,9.335775682,102.723861,1.232868541,0.7620489929,0.1746542027,2.781927826,-1.017003875,-11.30716689,0.6889677005,10989200,-22.3070601,-55664244521,-8.521992557,66.26762125,-7.514667716,-6.637974499,0,-0.100269074,-1.421125825,0.417916502,0.7620489929,1.68384721
2023-04-03,67.44000244,67.73000336,66.84999847,62.2213707,12035700,60.97047443,61.66357559,63.48514469,-0.02813772029,-0.0656080224,0.4694309794,TRUE,FALSE,-1.821569099,-0.07948752963,14.08908659,13.96678015,55.21338817,0.7116291375,0.1370555578,0.2843102522,-3.935418478,4.227862323,-6.94029935,-25.02440829,1.735819151,9.212180596,106.7077493,1.204542301,0.6799781079,0.151200458,2.684481226,-0.7147100771,-11.30716689,0.7075842328,-1046500,-0.7086523231,-55802890372,-8.265915061,60.0442268,-9.139034942,-6.698452675,0,-0.08829803722,-1.263067893,0.3888450308,0.6799781079,1.172263749
2023-04-04,67.19000244,67.69000244,67.01000214,62.53603745,10806900,61.08935909,61.64185738,63.50383417,-0.01610718161,-0.06767489991,0.4678485866,TRUE,FALSE,-1.861976795,-0.07388135142,9.188483266,13.17394844,56.81904718,1.043637364,0.212305104,0.2876478388,-3.449599391,1.772164331,-7.758054618,-18.2281518,3.952391319,9.023367691,110.3658844,1.176469801,0.6202863717,0.1206268451,2.655032285,-1.070393529,-11.30716689,0.6376305202,9760400,-10.14915694,-55955902175,-8.495170976,57.52926129,-8.293467243,-6.877453322,0,-0.09371424085,-1.348461267,0.347313756,0.6202863717,1.310802119
2023-04-05,67.86000061,69.51000214,67.84999847,64.15565491,18837200,61.26625614,61.64610031,63.53336048,-0.002911571417,-0.06928008357,0.4661753425,TRUE,TRUE,-1.88726017,-0.06472292405,19.94278701,13.95303989,63.97758358,6.058446535,0.3980421232,0.3787078864,-1.840136305,2.239733226,-4.636504363,12.65340463,5.836480378,8.870718517,129.1613915,1.221926233,0.5566355576,0.09097875527,4.572082404,-0.6161857365,-11.30716689,1.094854726,28597600,37.4606858,-56058583876,-8.220605656,58.22357849,-5.478026274,-3.148585336,0,-0.05267951685,-0.717810899,0.3016268477,0.5566355576,2.237045244
2023-04-06,69.87999725,69.95999908,69.09999847,64.60915375,16675200,61.49017525,61.67668549,63.55961029,0.01213322173,-0.07053492712,0.464410714,TRUE,TRUE,-1.882924805,-0.05470572427,30.69119319,14.97450741,65.69259982,10.47921165,0.575203033,0.4446950369,1.040990116,5.302162751,-4.561111558,18.68013754,7.447737637,8.844800205,146.1432384,1.225624522,0.5611602112,0.0920300924,5.021817629,-0.4677730624,-11.30716689,0.9702055909,45272800,-2.104076649,-56249411822,-8.406607014,66.5338953,-3.180986157,-1.187658092,0,-0.04304853357,-0.5851476473,0.3033646196,0.5611602112,2.13419282
2023-04-10,69.41000366,69.69000244,68.72000122,64.47958374,10231500,61.75493011,61.70045326,63.58208954,0.02906557843,-0.07141304151,0.4625540987,TRUE,TRUE,-1.881636276,-0.04393774331,25.50147214,15.48695054,64.74416172,7.925114535,0.6971132263,0.4532841841,-1.149993158,8.67417074,-6.610620672,16.7109879,8.946765739,8.794788669,150.0848301,1.220942337,0.5474947613,0.08751590083,4.905528813,-0.6888110882,-11.30716689,0.6142388877,35041300,-50.88848569,-56349098532,-8.545628588,59.88122172,-3.987620517,0.3990611869,0,-0.05661740555,-0.7706238196,0.2958308652,0.5474947613,1.815409074
2023-04-11,69.56999969,69.93000031,69.38999939,64.53513336,8637000,61.97698555,61.72533203,63.59778639,0.04650193193,-0.0718755367,0.4606044508,TRUE,TRUE,-1.872454357,-0.03374492754,44.44447438,16.13717948,64.97761478,1.0000312,0.789113909,0.4362278935,-1.729206031,11.07076431,-6.298637618,17.55520732,7.390266718,8.816981768,156.916199,1.218109236,0.5740963375,0.09623746974,4.639905659,-0.5240389651,-11.30716689,0.5609435958,43678300,-74.47363132,-56513037038,-9.316127355,69.9741618,-5.194637289,-0.1928169145,0,-0.04408492067,-0.6043338657,0.3102216462,0.5740963375,1.630263687
2023-04-12,69.86000061,70.16000366,69.41000366,64.47034454,12554600,62.15629635,61.75461098,63.60781898,0.06366523341,-0.07195760575,0.4585609011,TRUE,TRUE,-1.853208008,-0.02399446467,66.58274726,16.9098359,64.44164686,-1.250952961,0.8470331261,0.3953176885,-1.855319396,10.76816698,-6.708946285,16.08175602,5.890231259,8.878352119,164.0965267,1.217342462,0.6015114512,0.1028784483,4.144710108,-0.4672557713,-11.30716689,0.8288484087,31123700,-28.50129846,-56690966157,-9.538055809,78.75852207,-5.418611809,,0,-0.03347190638,-0.4608316541,0.3207467043,0.6015114512,1.410175
2023-04-13,69.34999847,69.86000061,68.34999847,64.47958374,16446200,62.29472599,61.77470367,63.61536339,0.08043716316,-0.07168597205,0.4564230634,TRUE,TRUE,-1.840659714,-0.01432550022,81.66870969,16.40626716,64.48663372,-0.2575279936,0.8834956609,0.3454241787,-2.631118413,11.18441284,-5.404992182,11.93153658,4.486385316,8.872077439,171.6463396,1.217247273,0.6038685504,0.1038297765,3.421964814,-0.4337105659,-11.30716689,1.114170991,47569900,-31.95163933,-56791721661,-9.686671587,78.38551877,-6.179265816,-3.114823668,0,-0.03125253814,-0.4305380098,0.3222262816,0.6038685504,1.272883392
2023-04-14,69.16000366,69.30000305,68.56999969,63.75769043,9064700,62.37638969,61.77815353,63.62047493,0.09576027791,-0.07104095186,0.4541905632,TRUE,TRUE,-1.842321396,-0.008449294442,52.45866414,15.93866762,58.28218268,-6.695432099,0.8444079166,0.2450691474,-3.062208816,13.72818931,-6.820024124,-40.09415693,2.6290373,8.755725159,174.6523849,1.185556795,0.5609411701,0.09373743381,3.057126553,-0.1594056334,-11.30716689,0.6284894365,38505200,-42.71332331,-56920298523,-9.935923132,72.05881605,-5.867435033,-0.8811611214,0,-0.01399719344,-0.1968755798,0.3061656967,0.5609411701,0.7908856992
2023-04-17,69.01000214,69.38999939,68.58000183,64.10938263,7806900,62.50549641,61.7858812,63.62711874,0.1100503387,-0.07006576353,0.4518636215,TRUE,TRUE,-1.841237545,-0.003080323207,54.68726855,15.58871704,60.28685036,-4.154796499,0.8322159514,0.1863017458,-2.172203429,11.56281165,-6.121230762,-32.98059285,4.196732854,8.7153152,177.5645446,1.180094118,0.5606215052,0.09489041489,2.645099155,0.1892730393,-11.30716689,0.5609221169,46312100,-56.40381297,-57014282663,-10.0069679,71.09330417,-4.473693511,-0.7816849132,0,0.007517384868,0.1062918163,0.3080428783,0.5606215052,0.9032694149
2023-04-18,69.30000305,69.44000244,68.65000153,63.77621078,7783100,62.59388218,61.81358849,63.62861185,0.1223280474,-0.06879133723,0.4494414596,TRUE,TRUE,-1.815023365,0.002331862008,44.98483156,15.31312732,57.46945293,-7.017180797,0.7866020885,0.1125503063,-2.54400269,12.6080486,-6.658197807,-65.38320901,2.850763342,8.710529314,179.3509971,1.179815582,0.5517011648,0.09001399377,2.220691441,-0.06082323463,-11.30716689,0.5836078997,38529000,-59.92018127,-57118099072,-9.75578561,65.78984789,-4.515217313,-1.632592273,0,-0.005365963205,-0.07568616085,0.300023322,0.5517011648,0.6592261124
2023-04-19,69.08000183,69.65000153,68.98000336,64.26672363,10317300,62.76926441,61.84044884,63.62477335,0.1335772063,-0.06722377675,0.4469232795,TRUE,TRUE,-1.784324512,0.008569717725,41.13802438,15.27123304,60.40338691,2.121204231,0.7810298352,0.08558244245,0.621132035,11.14921835,-5.430704736,-76.44530028,5.773037894,8.63187793,177.6063054,1.183865321,0.5585553819,0.09049760637,1.928450264,0.1048134223,-11.30716689,0.8217407303,48846300,-60.21478839,-57273575935,-10.53601381,65.95621341,-1.808606727,-1.365789485,0,0.01181881108,0.1661765885,0.3008282008,0.5585553819,0.8431340414
2023-04-20,69.5,69.69000244,69.01000214,64.24820709,7368700,63.00341549,61.86748993,63.63193022,0.1435460237,-0.06540262543,0.444310728,TRUE,TRUE,-1.764440289,0.01528640444,37.75496328,15.27444859,60.234464,-0.05238636746,0.7662863819,0.05667119126,1.615313742,9.122195894,-6.066134313,-78.60384604,7.862011177,8.614187283,163.4467804,1.182188587,0.5583606553,0.09085580254,1.656134324,-0.01460029499,-11.30716689,0.6125766635,41477600,-58.8262575,-57384145292,-10.93360711,65.40026977,-0.7186160679,-2.049535575,0,0.004686093837,0.0659945548,0.3014229629,0.5583606553,0.7615883287
2023-04-21,69.87000275,70.11000061,69.20999908,64.43330383,7037800,63.27736301,61.91936394,63.63675409,0.1520770899,-0.06334474207,0.4416034462,TRUE,TRUE,-1.717390156,0.02082584495,34.52557301,15.71608206,61.3966506,3.927197675,0.7607681868,0.04092239697,1.304535186,10.8781155,-6.556138555,-73.01180826,9.293546941,8.626621411,135.5436353,1.168965361,0.5548390274,0.09206115552,1.4454581,0.3561223867,-11.30716689,0.6100363276,48515400,-58.31798395,-57465888356,-11.28147792,64.4314092,-0.5671993682,-1.22939071,0,0.02854217754,0.4067779776,0.3034158129,0.5548390274,0.8528182207
2023-04-24,69.59999847,70.08999634,69.18000031,64.75724792,6789500,63.47542019,61.99462135,63.6435144,0.1589466005,-0.06101429416,0.4388017159,TRUE,TRUE,-1.648893051,0.02717926649,49.99996239,16.07804598,63.41205859,3.008671681,0.7736167856,0.04301679663,1.784446585,14.32184547,-4.507030908,-71.51597207,6.515456098,8.646758075,125.9820972,1.169878201,0.5540181614,0.09074188677,1.209565867,0.3937905509,-11.30716689,0.618725432,55304900,-62.39754098,-57538674358,-11.8702649,71.06369738,0.4948366883,1.624942288,0,0.03605168992,0.5130286944,0.3012339403,0.5540181614,1.017468168
2023-04-25,69.70999908,70.27999878,69.69000244,64.69245148,10251600,63.66653614,62.04432816,63.65099173,0.1641122967,-0.05840175477,0.4359056339,TRUE,TRUE,-1.60666357,0.03334499432,44.7213632,16.62044022,62.70684808,2.472384083,0.7696982586,0.03127861564,1.171257803,12.13291013,-2.970879715,-129.9401893,6.279465605,8.661394161,112.668502,1.170014593,0.5292161698,0.08781535037,0.7895484999,0.3711179802,-11.30716689,0.9510627047,45053300,-27.48339452,-57722597861,-12.06785738,71.03191937,1.098145584,2.518433721,0,0.0459306793,0.6524849229,0.2963365492,0.5292161698,0.91056091
2023-04-26,69.36000061,69.58000183,68.18000031,63.17463684,14756900,63.77343197,62.05614502,63.64888859,0.1670630705,-0.05566275932,0.4329137592,TRUE,FALSE,-1.592743568,0.03646192431,-20.78390615,15.8432385,48.96895867,-12.42769193,0.6367774671,-0.08131374064,0.1501933718,8.592966567,-4.592032669,-238.3508143,3.502672744,8.633589193,95.19084047,1.208538084,0.5483364022,0.08720221035,0.9941648603,-0.05583552854,-11.30716689,1.345698855,30296400,33.91745467,-57842874143,-11.91848746,60.19245613,0.2697738171,-0.5150764176,0,0.01099027639,0.1510988831,0.2953002038,0.5483364022,-0.6290470017
2023-04-27,68.45999908,69.13999939,68.40000153,63.93354797,12466700,63.87384834,62.08846886,63.65211876,0.1691223421,-0.05276538156,0.4298268909,TRUE,TRUE,-1.563649902,0.04160777699,-13.44356021,15.12155118,54.35372938,-9.058329208,0.5859204421,-0.1057366126,1.014916939,7.737338571,-2.467134341,-202.2121627,3.243149509,8.549095279,84.68065431,1.214664908,0.5662411663,0.09100518656,1.048901772,0.0441266635,-11.30716689,1.123721901,42763100,25.87667485,-58005832998,-11.92820103,58.9652381,0.779039492,-1.338950828,0,0.02002409822,0.2744833781,0.3016706591,0.5662411663,0.07049972774
2023-04-28,68.87999725,69.38999939,68.55000305,63.8409996,12123400,63.95621853,62.11085701,63.65619873,0.1694554771,-0.04970635365,0.426645151,TRUE,TRUE,-1.545341721,0.0467632882,-12.80118743,14.1215816,53.61079988,-9.096048203,0.5320152625,-0.1277134337,0.8686906421,7.630968585,-2.139134464,-206.6192312,2.648831754,8.603512995,74.92690782,1.214674373,0.5597711929,0.08966824919,1.109079819,-0.02523609243,-11.30716689,1.083835577,30639700,17.78524794,-58153883496,-11.84677846,66.63123998,0.1865291401,-0.9992147712,0,0.007906534325,0.1082995662,0.2994465715,0.5597711929,-0.1537750974
2023-05-01,68.81999969,69.76999664,68.76000214,63.95205307,10508100,64.02146587,62.14502083,63.66083397,0.1674234363,-0.04646951772,0.4233686162,TRUE,TRUE,-1.515813141,0.05232020201,-11.55992555,13.51463643,54.41595425,5.44699558,0.4925779737,-0.133720578,1.500888583,6.963656092,-3.049816846,-201.330967,2.083012256,8.642025942,68.31728125,1.214565907,0.5588513166,0.08945045242,1.154160875,-0.03455455349,-11.30716689,0.9445525598,41147800,-10.35574134,-58264436516,-11.68630868,67.04738305,0.3068652149,-0.9451643527,0,0.008088620451,0.1107903285,0.2990826849,0.5588513166,-0.1016035802
2023-05-02,69.04000092,69.22000122,67.87000275,63.17463684,11465500,64.06912918,62.15022293,63.66099373,0.1622426447,-0.04311715984,0.4199966116,TRUE,FALSE,-1.510770798,0.05433204727,-22.5081839,13.23425987,48.11958345,-6.234145933,0.3940502793,-0.1857986179,-0.4731189982,2.841943046,-1.271622846,-194.8287815,1.53205584,8.708017731,57.57885984,1.1939575,0.6013017698,0.111979072,1.32086679,0.1587256957,-11.30716689,1.033259316,29682300,-4.737572389,-58355657244,-11.50263901,58.87393789,0.4306732897,-3.226863328,0,0.03496990901,0.4933945004,0.334632742,0.6013017698,-1.553508254
2023-05-03,68.63999939,69.05000305,67.98999786,62.99878693,11857200,64.09226665,62.17542778,63.66466423,0.1546098835,-0.03964913681,0.416529661,TRUE,FALSE,-1.48923645,0.05691521017,-24.9998712,12.97391022,46.80045418,-6.810345696,0.2983377019,-0.2252089563,-0.9222437705,3.523188223,-0.5274323107,-202.1254705,0.7399725024,8.787394852,51.7263707,1.189617527,0.6280281701,0.1217968584,1.502748732,-0.09255000025,-11.30716689,1.063525685,17825100,9.718790773,-58479177645,-11.31619721,60.88133605,-0.01461601954,-2.520542513,0,0.0128281102,0.1826661624,0.3489940665,0.6280281701,-2.113969555
2023-05-04,68.19000244,68.86000061,67.55000305,63.48004913,14631100,64.05848637,62.21503517,63.66874968,0.1447720076,-0.03607144598,0.4129678207,TRUE,FALSE,-1.453714504,0.06023645425,-4.885825989,13.22479518,50.77743943,-3.638514823,0.2583406426,-0.2121648124,-0.381260206,3.909440403,-0.1497731142,-149.0827944,-1.053072835,8.837886377,53.46736916,1.193574262,0.6147632661,0.1162036258,1.538156047,0.08679925412,-11.30716689,1.337559937,32456200,-22.32869004,-58584721743,-11.54684475,58.60197113,0.9404758802,-1.235290019,0,0.03438035329,0.4863904649,0.3408865292,0.6147632661,-1.081850935
2023-05-05,68.36000061,69.19999695,68.36000061,63.88726425,11416600,64.02239189,62.26921806,63.67903492,0.1337552187,-0.0323593289,0.4093120101,TRUE,TRUE,-1.409816856,0.06240205524,-3.870933001,12.96109336,53.91662609,5.797042644,0.2565442593,-0.1711689566,2.398457609,5.599902494,-1.702867167,-134.1664664,-1.117317677,8.79135239,51.96997817,1.174939036,0.5854493073,0.1174190396,1.556711271,0.6108945852,-11.30716689,1.069398598,43872800,-31.53545385,-58717718497,-11.56037567,59.59791499,2.477810737,-2.184659108,0,0.05587950825,0.8036375776,0.3426646167,0.5854493073,-0.2600109612
2023-05-08,68.95999908,69.45999908,68.58999634,63.6929245,8286700,63.98305893,62.31914635,63.68753382,0.1225490257,-0.02860587356,0.405561947,TRUE,TRUE,-1.36838747,0.06270268899,-1.487447005,12.34963726,52.2054633,5.405009122,0.2367103689,-0.1528022776,1.222462078,4.820789333,-0.9896106419,-141.2851498,-1.220012902,8.845328593,51.30021103,1.160976772,0.5669889366,0.1125328747,1.566003209,0.860400275,-11.30716689,0.7833545084,35586100,-19.0079656,-58819293558,-11.67556693,64.94896633,0.5087571592,-3.422397991,0,0.06866255703,0.9965992941,0.3354591997,0.5669889366,-0.5655618644
2023-05-09,68.66000366,68.91000366,68.23999786,63.60962677,10281100,63.9367836,62.37567734,63.69136204,0.1108373255,-0.02483967707,0.4017169215,TRUE,FALSE,-1.3156847,0.06477228988,-12.65579677,12.21618998,51.45171785,0.674278429,0.2118286089,-0.1421472301,1.13436871,4.043966452,-1.899636529,-144.3363534,-1.434112775,8.783168172,50.22103467,1.133818724,0.5521495239,0.1117829654,1.623488349,0.3865310825,-11.30716689,0.964393939,25305000,19.03554475,-58971678826,-11.53134994,58.05574379,0.929374672,-2.979448711,0,0.03740545069,0.5556892416,0.334339596,0.5521495239,-0.6514338703
2023-05-10,69.16000366,69.54000092,68.66000366,64.19268036,10708300,63.92290039,62.46518402,63.69416813,0.09881145205,-0.02104720788,0.3977767755,TRUE,TRUE,-1.228984108,0.06835822169,-0.9645752516,11.46113908,56.21685787,2.300231777,0.2364317487,-0.09403527224,3.805129407,7.039841567,-0.2545482782,-122.9790457,-0.4306851259,8.759817407,49.03827943,1.137138813,0.5364181145,0.1045854764,1.626612603,0.45778138,-11.30716689,1.013240452,36013300,-14.70616348,-59091108915,-11.35531193,58.97171945,3.633634384,0.6780215418,0,0.04899750676,0.722850859,0.3233967785,0.5364181145,0.5501415861
2023-05-11,69.40000153,69.41999817,68.33000183,63.5355835,14874100,63.87570038,62.56120949,63.69178799,0.08564047648,-0.01724293117,0.3937407306,TRUE,FALSE,-1.130578499,0.07032594906,-14.41287612,10.94829305,50.23281225,-1.97265105,0.2005953506,-0.1038973362,4.166296107,5.208769848,-0.062420965,-147.0485655,-1.464029681,8.779083449,47.92862905,1.143965816,0.5472012994,0.1079173604,1.697706618,0.3167671269,-11.30716689,1.417963129,21139200,-9.559047075,-59236832368,-11.65474492,51.68941176,3.996958956,-0.147027874,0,0.04223139456,0.6204690206,0.3285077782,0.5472012994,-0.7096319863
2023-05-12,69.02999878,69.47000122,68.62000275,63.88726425,11874100,63.88217907,62.64203545,63.69089464,0.07147407546,-0.01337561543,0.3896090123,TRUE,TRUE,-1.048859196,0.07348764965,-13.90564131,10.40187506,53.10965204,1.657934186,0.198286719,-0.08496477431,2.700901644,6.627780827,-0.2279350246,-134.1664664,0.2032285378,8.761807969,47.84822233,1.143171539,0.5468751062,0.1079396093,1.644810005,0.2949645439,-11.30716689,1.117011995,33013300,30.9927521,-59380934965,-11.57376315,53.15749816,2.689450008,-0.3887138128,0,0.04063138455,0.5973836887,0.3285416401,0.5468751062,0.01062773483
2023-05-15,69.29000092,69.38999939,67.87999725,63.08208084,13185100,63.83081398,62.68636162,63.67448009,0.05634806956,-0.009484859482,0.3853793053,TRUE,FALSE,-0.9881184769,0.07445488835,-23.01606903,10.79654171,46.48428918,-9.732568688,0.129987129,-0.1226114914,0.7961920682,0.5434906853,-0.480578155,-201.2583382,-1.602420342,8.871377802,50.70932538,1.150863834,0.5012126906,0.08906207942,1.077373807,0.1783566123,-11.30716689,1.209737094,19828200,68.8903406,-59477909360,-11.30192642,46.11196021,0.5905866376,-3.654588917,0,0.02117438599,0.3060150338,0.298432705,0.5012126906,-1.476519621
2023-05-16,68.08000183,68.20999908,66.61000061,61.68457794,14004000,63.72623234,62.69685822,63.64822689,0.03913064627,-0.00564698583,0.3810501659,FALSE,FALSE,-0.9513686752,0.0742212861,-21.66913531,12.33065168,37.69485576,-12.53795649,-0.03648699331,-0.231268491,-1.01541241,-0.5719700899,-3.829686053,-155.8680017,-3.279644271,9.1001982,69.85070175,1.178196252,0.5976325875,0.1308624687,1.439269195,-0.5652237477,-11.30716689,1.249220575,5824200,79.9283062,-59578132966,-10.97231133,46.4041366,0.3996207412,-2.685307059,0,-0.02411106512,-0.3484614806,0.3617491793,0.5976325875,-2.922883156
2023-05-17,66.86000061,66.87999725,66.12999725,61.46246338,17088300,63.58601933,62.7229406,63.62050102,0.0209765909,-0.001924461898,0.3766214135,FALSE,FALSE,-0.8975604248,0.07169871265,-38.97846551,14.10995816,36.51314042,-16.59651162,-0.1842181712,-0.3031997351,-2.007488221,0.2629410442,-4.470211005,-128.2289741,-4.363471631,9.043605805,84.94473218,1.154043776,0.5484678353,0.1101862774,1.8308341,-0.2310778002,-11.30716689,1.479667912,-11264100,65.62763514,-59807915184,-10.97236256,38.02710232,-0.6898378977,-2.849554543,0,-0.01108149429,-0.1615945705,0.3319431839,0.5484678353,-2.49992659
2023-05-18,66.09999847,66.27999878,65.62999725,61.27735901,16167800,63.43747692,62.7361335,63.59252846,0.003169420572,0.001682658359,0.3720930529,FALSE,FALSE,-0.8563949585,0.06848317576,-39.85653751,16.10293288,35.51393696,-10.97035223,-0.3126287797,-0.3452882749,-1.552768594,-1.1267013,-5.731510579,-105.136205,-4.624017102,8.996448504,97.76388635,1.153610787,0.5466112457,0.1089796789,2.191747217,-0.2115025381,-11.30716689,1.348587148,-27431900,119.4118366,-60040613505,-11.07905495,30.33624989,-0.8914780231,-3.80377381,0,-0.01261053418,-0.1838360335,0.3301207035,0.5466112457,-2.209525412
2023-05-19,66.51999664,66.88999939,66.06999969,61.18481445,12472500,63.27505245,62.75721436,63.56201141,-0.01328533603,0.005127988418,0.3674647464,FALSE,FALSE,-0.8047970581,0.06458326426,-43.14600045,17.03246558,34.99826894,-2.696586812,-0.4170551323,-0.359771702,-2.74931277,-2.153620194,-4.954817007,-113.6874332,-5.041630937,8.973123793,106.9061566,1.151748826,0.5418882463,0.1076509022,2.52229628,-0.1264271704,-11.30716689,1.017297109,-39904400,77.22157492,-60201696970,-11.15706633,30.91355369,-2.851863173,-5.128121763,0,-0.009799474624,-0.1429808551,0.3281019692,0.5418882463,-1.955208256
2023-05-22,66.27999878,66.62000275,65.88999939,61.20331955,9494700,63.09735603,62.79759102,63.53086279,-0.02914791982,0.008379123291,0.3627364455,FALSE,FALSE,-0.7332717705,0.06074448755,-34.86125831,18.03760548,35.20088116,-1.312259251,-0.4926416957,-0.3482866123,-0.866921822,-0.3819293854,-4.72672138,-113.2141575,-5.488078152,8.989928828,110.4503066,1.15174889,0.001336713729,0.0002252779719,2.780530163,-0.1263849526,-11.30716689,0.7659678485,-30409700,39.84387657,-60333105134,-11.27178389,31.31718027,99.13307818,99.61807061,,0.00889415323,0.1226015609,0.01500926287,0.001336713729,-1.714831349
2023-05-23,65.87999725,66.55000305,65.72000122,60.99045944,12064000,62.91225643,62.81551971,63.49987171,-0.04406864582,0.01144228502,0.3579082203,FALSE,FALSE,-0.6843519974,0.05585564743,-35.28481744,19.10743368,33.89221675,-1.62172021,-0.5632280808,-0.3350983979,-0.8280045146,-2.790243932,-5.322753214,-118.6581449,-5.722448215,8.959387857,113.2952825,1.149232363,0.001470834629,0.0002743108407,3.04331172,-0.05119798707,-11.30716689,0.9661781583,-42473700,17.67919154,-60482656041,-11.05233724,31.35338384,-1.219274137,-4.3108951,0,0.02072549687,0.2841269564,0.01656233198,0.001470834629,-1.696272737
2023-05-24,65.80999756,66.05000305,65.36000061,60.59248352,11563800,62.78314877,62.80968681,63.46639301,-0.05801168298,0.01426630912,0.3529797462,FALSE,FALSE,-0.6567061996,0.04849653952,-51.48575595,20.3854718,31.53189082,-3.466378125,-0.6438596175,-0.3325839477,-0.9572640385,-3.857449086,-7.054753352,-114.0554244,-4.087325942,8.923730065,124.3238281,1.129181375,0.001671557282,0.0003670205525,3.379417026,0.2058212316,-11.30716689,0.9381133811,-54037500,-21.6380134,-60654018157,-11.4027042,31.99819085,-0.4825114964,-4.384167377,0,0.03973768828,0.5545329779,0.01915778047,0.001671557282,-1.76206386
2023-05-25,65.34999847,65.37999725,64.12999725,59.77804565,16126100,62.57537365,62.77102791,63.42508575,-0.07184826672,0.01683695252,0.3479499048,FALSE,FALSE,-0.6540578461,0.03808749253,-68.30826536,22.38032073,27.33626272,-7.864618441,-0.7646644447,-0.36271102,-2.317884882,-5.952042219,-10.0996104,-80.44267381,-6.499721118,8.933894001,138.0522469,1.122232161,0.001867682597,0.0004638000787,3.844805626,0.2783004462,-11.30716689,1.289095397,-70163600,29.35339745,-60782432268,-11.09785173,24.73921738,-0.8595247356,-4.488055322,0,0.04521804919,0.6349730128,0.02153601817,0.001867682597,-2.02628212
2023-05-26,64.48999786,64.63999939,63.93000031,59.77804565,16593900,62.37222595,62.72410049,63.38228497,-0.08533378501,0.0191528457,0.3428185352,FALSE,FALSE,-0.6581844711,0.02950460715,-67.25027096,24.34523367,27.33626272,-6.555954023,-0.8505979767,-0.3589156415,-1.653472696,-6.992147089,-10.03886529,-74.00987877,-6.364176586,8.848963024,147.9844561,1.095425699,0.001453460104,0.0002947809786,4.256463006,-0.1720244387,-11.30716689,1.303204627,-70163600,36.87496907,-60993102813,-11.14892747,19.16671776,-0.7254538082,-5.996833491,0,0.01242627736,0.1787297161,0.01716918689,0.001453460104,-1.753008638
2023-05-30,64.69999695,65.02999878,64.23999786,59.54667282,15582900,62.15195694,62.68448898,63.33837267,-0.09855383851,0.021172579,0.3375855357,FALSE,FALSE,-0.6538836861,0.02227468106,-68.06264622,25.52559078,26.1881727,-5.343718115,-0.9266884859,-0.3480049206,-0.285802001,-7.88760541,-10.6406056,-78.13417125,-6.888567352,8.887529568,155.8109289,1.07346556,0.0009245329598,0.0001240710216,4.669066202,-0.6909343319,-11.30716689,1.199894663,-85746500,48.29417307,-61193838954,-11.27830619,26.59719704,1.271913142,-5.534994556,0,-0.02387905348,-0.3504053427,0.01113871723,0.0009245329598,-1.672080474
2023-05-31,64.37000275,65.22000122,63.95999908,60.09272003,17133100,61.9978611,62.64617348,63.29162405,-0.110411391,0.02298851646,0.3322505489,FALSE,FALSE,-0.645450573,0.01651148212,-69.11101823,26.80939043,33.30716454,5.970901821,-0.932183683,-0.2828000941,2.312804693,-6.076400161,-11.20910915,-69.26497544,-4.87840843,8.776217386,160.3385538,1.078437596,0.000928297059,0.0001239206983,4.564995684,-0.5812707076,-11.30716689,1.291089028,-68613400,49.43177358,-61316144064,-11.15458397,28.65271511,4.916692099,-3.499450325,0,-0.01650617734,-0.2411043926,0.01113196741,0.000928297059,-1.188198984
2023-06-01,65.05000305,65.13999939,64.05000305,59.64847565,18653200,61.83034554,62.62396141,63.23975763,-0.1211820056,0.0245143175,0.3268128811,FALSE,FALSE,-0.6157962227,0.008382014905,-67.9614927,28.0014901,30.71193291,3.375670188,-0.9613041594,-0.2495364565,-0.3299983344,-6.07509204,-10.63235855,-77.28382582,-5.318056812,8.820020624,166.7058372,1.061763637,0.0008460653579,0.0001062663965,4.895085556,-0.3666081278,-11.30716689,1.370544016,-87266600,57.31538643,-61485444689,-11.04427473,28.26379996,2.290951896,-3.704262366,0,-0.001451565985,-0.02153785648,0.01030855938,0.0008460653579,-1.308814331
2023-06-02,64.12000275,65.37000275,63.97000122,60.26856613,23045800,61.66977139,62.63802902,63.18999603,-0.1313785245,0.02574881607,0.3212729241,FALSE,FALSE,-0.5519670105,0.002076016018,-60.4326648,28.69198837,37.9765419,11.78836919,-0.9236984068,-0.1695445631,-0.9811854737,-7.410422069,-9.557288166,-67.05924519,-5.059043031,8.704042119,165.4412608,1.065755975,0.001059697421,0.0001656051606,3.985891545,-0.2967239898,-11.30716689,1.642514453,-64220800,57.51242217,-61630351118,-10.85336648,31.72083116,0.986333782,-6.172905799,0,0.003564794357,0.05269757664,0.01286876686,0.001059697421,-0.8469502992
2023-06-05,65.26000214,66.13999939,65.12000275,60.55546951,12044500,61.50318165,62.67005135,63.14225729,-0.1409327569,0.02669036207,0.3156310546,FALSE,FALSE,-0.4722059441,-0.004565572884,-46.19283747,28.07678019,41.05589478,7.748730231,-0.8608218533,-0.08533440763,-0.9880331157,-6.891464417,-9.7349329,-78.84419988,-5.215115685,8.70629359,158.5690813,1.062286589,0.001153865021,0.0001977034825,2.130136153,0.02094224236,-11.30716689,0.8565160501,-52176300,5.499886131,-61750195032,-10.78236882,37.67360751,1.180927803,-4.916283188,0,0.02539225713,0.3766459444,0.01406070704,0.001153865021,-0.5976651486
2023-06-06,65.73000336,65.83999634,65.19999695,60.50918961,12861600,61.3439949,62.66431305,63.0929747,-0.1495938463,0.02729820397,0.3098871137,FALSE,FALSE,-0.4286616516,-0.01291050467,-28.53936747,27.50551545,40.70482706,9.992894148,-0.805441505,-0.02396324753,0.5832031137,-6.517273428,-9.367201393,-115.5679648,-4.99856918,8.731439509,151.2407105,1.041664997,0.001157306191,0.0002070183893,1.886731999,0.4016564184,-11.30716689,0.8999824714,-65037900,55.20774253,-61951592086,-10.9590322,37.94312368,0.9544684426,-5.314122057,0,0.05073576646,0.7676172426,0.01438813363,0.001157306191,-0.5519712881
2023-06-07,65.43000031,66.65000153,65.02999878,61.53649902,19264800,61.24033852,62.67764038,63.04900978,-0.1564978871,0.02763300796,0.304041969,FALSE,FALSE,-0.3713694,-0.01810334744,1.503666194,25.81837859,50.76841148,12.79186958,-0.6709229139,0.08844427486,1.515703968,-4.391758859,-8.235743579,-80.8615548,-3.259141504,8.695410718,141.6987295,1.045779188,0.001273292391,0.0002486580397,1.985978832,0.4408054753,-11.30716689,1.306962693,-45773100,87.38072774,-62053945108,-10.45535651,46.71946374,2.633989853,-3.815635226,0,0.05364067196,0.8083973855,0.01576889469,0.001273292391,0.2090071719
2023-06-08,66.47000122,66.87999725,65.97000122,61.80489349,14659100,61.12094917,62.69300385,63.01118401,-0.1612718938,0.02770872921,0.2980966028,FALSE,FALSE,-0.3181801605,-0.02159719984,10.53601169,23.99054382,53.01216806,11.95627328,-0.5364746251,0.1783140509,2.784134996,-4.569240536,-8.387522939,-71.79417124,-3.719718279,8.718436034,124.5339323,1.033778935,0.001060680166,0.000176519318,2.346663838,0.221055947,-11.30716689,0.9813511746,-31114000,36.8947452,-62202795410,-10.41556848,54.0915052,2.736180324,-5.129196518,0,0.03841295632,0.5855686281,0.01328605728,0.001060680166,0.5492031833
2023-06-09,66.80000305,66.84999847,66.34999847,61.44394684,13316300,61.01636734,62.68337837,62.97363525,-0.1640717296,0.02750447619,0.2920511133,FALSE,FALSE,-0.2902568817,-0.0243324743,4.91211984,22.29326868,49.72969034,9.024863284,-0.4538174411,0.2087769879,3.817656597,-4.68397199,-7.104981561,-84.27308605,-3.292071218,8.703675687,111.2646252,1.02183447,0.0009568009379,0.0001469958666,2.336513331,-0.2792123491,-11.30716689,0.8961303599,-44430300,-10.47323872,-62477433532,-10.90393385,47.89832049,2.472409477,-5.208778283,0,0.005304702992,0.08179551679,0.01212418519,0.0009568009379,0.3842906023
2023-06-12,66.44000244,66.62000275,66,61.33288574,11483700,60.88864841,62.66616417,62.93444508,-0.1642940774,0.02708665754,0.2859053116,FALSE,FALSE,-0.2682809067,-0.02653425513,2.413711502,21.15226833,48.72986296,-2.03854852,-0.392745405,0.2158792192,2.061537883,-5.470956423,-4.98985549,-88.03787287,-3.998259339,8.689257552,89.01077493,1.018247213,0.0007523606619,0.00009148651112,2.330940537,-0.5012340958,-11.30716689,0.7738206743,-55914000,-3.28782813,-62661805950,-11.05395386,47.44471704,-0.4761302656,-6.128944748,0,-0.009433940012,-0.1459637809,0.009564858134,0.0007523606619,0.4990826424
2023-06-13,65.87000275,66.48999786,65.76000214,61.32362747,11868600,60.80072575,62.6396946,62.89308146,-0.1620819412,0.02648564125,0.2796589322,FALSE,FALSE,-0.2533868599,-0.02971937641,6.451341266,20.40073176,48.64206713,-4.370100922,-0.3411597641,0.2139718881,0.7218612004,-4.991497732,-4.271813244,-88.35171287,-2.787563989,8.668488497,73.54553677,1.010662932,0.0008216129714,0.0001108097986,2.313560328,-0.2573087736,-11.30716689,0.8033200593,-67782600,-9.984755519,-62817931713,-11.30338437,47.48417098,-1.706055029,-6.115284753,0,0.006697549495,0.1044153388,0.01052662332,0.0008216129714,0.7109904268
2023-06-14,66.5,67.01000214,66.08999634,61.28661346,14023600,60.78082752,62.62099945,62.85687315,-0.1572488307,0.02568184666,0.2733128066,FALSE,FALSE,-0.2358736992,-0.03213818819,14.45092489,18.95051493,48.26764994,-1.462040401,-0.2998084874,0.2042585318,-0.6876853461,-7.171969744,0.2810079685,-85.82419706,-0.6451604126,8.746779985,71.53935518,1.005443667,0.0006287892519,0.00006555610796,2.26449151,-0.4803493457,-11.30716689,0.9491171652,-81806200,0.1399600114,-62978390738,-11.5064713,53.48178158,-4.95588382,-8.330292422,0,-0.007887966877,-0.1236008264,0.008096672648,0.0006287892519,0.7070037755
2023-06-15,66.47000122,67.09999847,66.33000183,61.95297241,13701200,60.80535297,62.60933815,62.82295576,-0.1498500662,0.02470547677,0.266867331,FALSE,FALSE,-0.2136176109,-0.03554214738,46.71955842,17.73057192,54.9854016,6.255538637,-0.2108373035,0.2345837726,-0.275968692,-6.446766317,3.999637295,-62.36684653,0.7980627626,8.770978289,74.76713671,0.9802827552,0.001312071819,0.0003004319365,2.276421754,0.3445937772,-11.30690122,0.9380490016,-68105000,-19.82116419,-63147860294,-11.43342253,60.48850186,-3.732083374,-7.903887632,0,0.04580863026,0.7365926451,0.01733297252,0.001312071819,1.534924953
2023-06-16,67.09999847,67.83999634,67.05000305,62.28615952,13685400,60.855793,62.57194824,62.79572781,-0.1398946831,0.02355860618,0.2603235548,FALSE,FALSE,-0.2237795639,-0.04048979225,50.27823724,17.54997419,57.92729419,9.285227058,-0.1121488029,0.2666178186,1.233455343,-5.826997916,3.885561333,-43.14022562,1.646285876,8.841612811,81.24152226,0.9463049768,0.001557384203,0.0004546469814,2.499962018,1.056709974,-11.30690122,0.9449977006,-54419600,-15.35397519,-63326597993,-11.34511152,67.76298331,-2.828057914,-7.651284072,0,0.08861537671,1.476818607,0.02132245252,0.001557384203,1.760634804
2023-06-20,66.56999969,66.70999908,65.91000366,61.55567169,12925400,60.87433586,62.5108786,62.76706505,-0.1283567674,0.02225402781,0.2536813046,FALSE,FALSE,-0.2561864471,-0.04782147419,36.60990298,16.72403408,50.18365354,1.9160036,-0.09182323651,0.229554708,-0.7302606465,-5.78917986,4.689825466,-61.96724471,0.6061262784,8.850443738,82.4463133,0.9494047238,0.001630441806,0.0004949613962,2.22852264,1.012208894,-11.30690122,0.8911251166,-67345000,3.631188615,-63480227905,-11.30170541,61.17492021,-2.932853898,-7.921387747,0,0.08625652975,1.432797653,0.02224772789,0.001630441806,0.8263993906
2023-06-21,65.75,66.58000183,65.02999878,62.05011368,10722700,60.91667557,62.4622892,62.73603201,-0.1154096315,0.02081321365,0.2469402696,FALSE,FALSE,-0.2737428093,-0.05136554132,36.00812346,16.84769082,54.60687863,-0.3785229713,-0.03540956325,0.228774705,2.124842444,-3.388555943,6.523081775,-49.60955982,1.38357549,8.705210598,86.30856483,0.8668208894,0.001136943539,0.000288664857,2.022563333,0.4002831533,-11.30690122,0.7361465771,-56622300,12.93353134,-63532179445,-10.98131815,54.69705657,0.9117706855,-6.245269212,0,0.04612681217,0.8391056553,0.01699013999,0.001136943539,1.313239436
2023-06-22,66.76000214,66.88999939,65.80999756,61.57431793,10000400,60.94586849,62.40307289,62.70628572,-0.1016888604,0.01922082908,0.2401006885,FALSE,FALSE,-0.3032128334,-0.05563381679,35.22326412,16.55720446,50.00562743,-7.92166676,-0.0287625048,0.1883374107,3.372997778,-3.746600476,3.731732133,-61.90403905,0.9572947889,8.748418856,87.5497596,0.8729296617,0.001031683626,0.00023419733,1.703848716,0.128170332,-11.30690122,0.6914564637,-66622700,-17.10543767,-63620621361,-10.84839808,62.18859113,2.021113123,-7.031154784,0,0.03091701017,0.5583846028,0.01530350711,0.001031683626,0.7178197209
2023-06-23,66.19000244,66.41999817,64.94000244,60.66936493,12719600,60.94971256,62.3270533,62.67115484,-0.08699474177,0.01745618927,0.2331618023,FALSE,FALSE,-0.3441015434,-0.06114240182,6.967515609,17.07535959,42.64540429,-7.538249249,-0.09541690078,0.09734641182,2.909049968,-5.188486061,1.14302787,-147.2636724,0.1268827489,8.775794433,87.40318709,0.8932204688,0.0008456010364,0.0001501432627,1.623239968,-0.3911336635,-11.30690122,0.8759696142,-79342300,9.994984348,-63706747660,-10.51172319,53.26551497,1.896600564,-7.154472765,0,0.001071473639,0.01890566609,0.01225329599,0.0008456010364,-0.3207521862
2023-06-26,65.13999939,65.87000275,64.88999939,61.26644516,10267600,61.02413254,62.26279053,62.62841919,-0.07176109343,0.01553457309,0.2261225284,FALSE,FALSE,-0.3656286621,-0.06414581992,11.72730053,17.59877277,48.07582023,-6.531058401,-0.098921302,0.07507360847,0.7736362932,-5.570470706,-0.2106305552,-122.8324738,2.489876491,8.612062894,83.13417201,0.8821467034,0.0007181793297,0.0001110317491,1.508269472,-0.5374649366,-11.30690122,0.7216641938,-69074700,-36.32930467,-63792943991,-10.57977773,47.21473029,-0.8511220617,-7.158607514,0,-0.007133553436,-0.1274424297,0.01053716039,0.0007181793297,0.2914717453
2023-06-27,65.72000122,65.91999817,65.48000336,61.28511429,8510400,61.09948597,62.213339,62.58604841,-0.05632586931,0.01345817393,0.2189829856,FALSE,FALSE,-0.3727094078,-0.06662715054,12.85716814,18.01109956,48.24083702,-1.764790409,-0.09905033201,0.05995566277,0.6817495303,-4.963016352,-1.887029706,-122.1996214,2.521107235,8.535898631,77.91111067,0.8802148053,0.0006275810106,0.00008515880603,1.370405629,-0.6597526014,-11.30690122,0.61564749,-60564300,-48.71368394,-63963729868,-10.74484801,53.11629557,-1.005087321,-8.477119696,0,-0.01411653461,-0.2527339691,0.009228152904,0.0006275810106,0.2382565429
2023-06-28,65.66999817,65.66999817,64.55000305,60.38015747,14723800,61.1411602,62.1387545,62.53774988,-0.04185933608,0.01118341218,0.2117423527,FALSE,FALSE,-0.3989953804,-0.06977287021,-19.55722557,19.17382057,41.37647077,-1.26893352,-0.1702129326,-0.008965550284,-1.075684936,-7.317114873,-4.11389031,-126.7432854,1.399716576,8.456108785,71.09940483,0.8943151918,0.0001363680117,0.000003892373263,1.563138275,-1.301924116,-11.30690122,1.068448696,-75288100,-5.513094482,-64088089811,-10.5012244,43.44604052,-3.099405936,-10.44103959,0,-0.05232374517,-0.9217053528,0.001972909847,0.0001363680117,-1.070336289
2023-06-29,64.20999908,65.08000183,64.06999969,60.38015747,14653900,61.15553207,62.07083344,62.48610235,-0.02810058752,0.008782801355,0.2044002022,FALSE,FALSE,-0.4152689171,-0.07351419884,-25.24243104,20.59792006,41.37647077,-6.699349452,-0.2240273584,-0.05022398083,-2.495046455,-7.888642081,-3.754220555,-97.8738862,0.4783232292,8.379965763,69.13185552,0.8905984688,0.0003284549476,0.0000227662459,1.752032444,-1.10547156,-11.30690122,1.073028533,-75288100,-14.47023598,-64209813937,-10.59441629,34.99793967,-4.106292442,,0,-0.04048017552,-0.7161161062,0.004771398736,0.0003284549476,-1.121588011
2023-06-30,64.80999756,65.51000214,64.77999878,61.05187988,13929300,61.22570229,62.00653656,62.44722696,-0.01471772975,0.006271978822,0.1969585179,FALSE,FALSE,-0.440690403,-0.07551869167,-6.583842815,21.26335287,47.77388777,-0.4669492535,-0.2100519456,-0.02899885443,-1.835745284,-5.96775507,-2.753621542,-80.05629972,2.352791451,8.297679561,59.47822724,0.9003625797,0.0005624223729,0.00006535066448,1.794299312,-0.9151821171,-11.30690122,1.037921043,-61358800,-25.32487723,-64366016793,-10.732077,42.88714917,-4.074782919,-12.04175343,0,-0.02981154666,-0.5216974758,0.008083975784,0.0005624223729,-0.2922454334
2023-07-03,65.30000305,65.95999908,65.08000183,61.50901413,8164600,61.28772469,61.9517527,62.40783115,-0.002074981058,0.003682525371,0.1894172804,FALSE,FALSE,-0.4560784531,-0.07394619364,2.795218506,21.23777108,51.64150988,10.26503911,-0.1602422441,0.01664867762,-1.816671369,-5.942466551,-3.101211885,-67.93071208,2.058200614,8.204896622,55.29239741,0.8386068397,-0.003993163792,0.00745467064,1.778593894,-1.563442069,-11.30690122,0.6440825712,-53194200,-64.57228649,-64440444523,-11.0840224,48.53626815,98.18332863,94.05753345,,-0.07535220833,-1.420926242,-0.08634043456,-0.003993163792,0.4002167646
2023-07-05,65.69999695,67.18000031,65.61000061,62.20872116,19169000,61.37038727,61.90726105,62.38057802,0.00969280372,0.001107331601,0.1817783612,TRUE,FALSE,-0.4733169746,-0.07031091635,12.65955253,19.75992943,56.90247941,15.52600864,-0.06357434172,0.09065326404,-0.02032988986,-3.954948301,-4.344933807,-49.37082735,2.730144215,8.171613589,56.12086731,0.8471407221,-0.004140672758,0.008128213293,1.730295871,-1.413179482,-11.30690122,1.470855665,-34025200,59.15147993,-64542669750,-10.71346252,57.4102597,-0.1433704897,-9.288007926,0,-0.08935850718,-1.683287519,-0.09015660427,-0.004140672758,1.493800672
2023-07-06,66.15000153,66.33999634,65.51000214,61.45304108,15422800,61.41757984,61.84117691,62.35081381,0.019820984,-0.001437888039,0.1740414264,FALSE,FALSE,-0.509636898,-0.06800067464,2.158545322,18.49168053,50.51120839,2.737320624,-0.04739505917,0.08546603727,-1.731795638,-5.121655017,-2.171062028,-69.41540977,1.559848144,8.091345343,52.33885433,0.8600224437,-0.004231591482,0.008229573739,1.713991735,-1.704019865,-11.30690122,1.171890969,-49448000,19.91354108,-64708863963,-10.47547141,49.08374533,-0.1919341743,-8.351072552,0,-0.1072862532,-1.990487668,-0.09071699807,-0.004231591482,0.067753174
2023-07-07,65.44000244,65.84999847,65.22000122,61.00522232,12893800,61.39101601,61.76743233,62.31429508,0.02782234708,-0.004020156838,0.1662055125,FALSE,FALSE,-0.5468627548,-0.06616222215,-12.65077879,17.62016803,47.13268296,-4.508826919,-0.06990230199,0.05036703555,-4.910607789,-6.660382217,-3.881146256,-81.29390194,-0.8633521752,7.984897343,53.04695033,0.8638368587,-0.004387995896,0.008771372497,1.794275368,-1.94607239,-11.30690122,1.004028949,-62341800,-33.07067813,-64894280788,-11.05872298,41.56557769,-3.916462942,-9.267961443,0,-0.1219286458,-2.253119696,-0.0936556058,-0.004387995896,-0.7272683604
2023-07-10,65.27999878,65.5,64.58999634,60.74399948,12410100,61.33797131,61.71881958,62.28143675,0.03295425114,-0.006661276677,0.1582712206,FALSE,FALSE,-0.5626171684,-0.06466565473,-20.78475205,17.43224331,45.23212981,-11.6703496,-0.1075778635,0.01015317928,-5.982363244,-5.003648939,-4.197111307,-106.9453235,-1.716521059,7.855521955,53.98645537,0.864939449,-0.004444085649,0.008974443463,1.804644361,-2.043863251,-11.30690122,0.9749002522,-74751900,-15.34200599,-65011589819,-11.03252342,34.02560966,-4.567156831,-7.750669119,0,-0.1278020317,-2.359078178,-0.09473353927,-0.004444085649,-1.100223789
2023-07-11,65.23999786,65.94000244,65,61.49968719,11435900,61.34075832,61.67014236,62.25695868,0.03614832857,-0.009305374523,0.1502398507,FALSE,FALSE,-0.5868163109,-0.06170751864,-0.7519875714,16.72171484,51.34445059,0.8332421992,-0.07558701435,0.0337152227,-4.621457479,-5.718304192,-2.685729231,-82.64668796,0.09071740881,7.848678528,54.05838391,0.8819873972,-0.004211037519,0.0077301715,1.80853975,-1.635470084,-11.30690122,0.9050546908,-63316000,-14.12103963,-65108194066,-10.41012147,40.87629101,-3.179466732,-7.07302248,0,-0.1058148636,-1.912009262,-0.08792139387,-0.004211037519,0.2939948619
2023-07-12,66.12000275,66.95999908,66,62.39530563,13327500,61.39387932,61.64122849,62.23814339,0.03759685674,-0.01192250148,0.1421122849,TRUE,TRUE,-0.5969149017,-0.05833910778,4.399565537,16.06828187,57.41101636,10.2783334,0.02178377723,0.1048688114,-3.315756266,-4.98762604,-1.886868168,-53.84867307,1.732218986,7.785929162,58.97349139,0.8929036159,-0.003668008537,0.005709516693,2.065609672,-0.8522239222,-11.30690122,1.047118979,-49988500,16.05580083,-65221608254,-10.05596539,47.86203199,-2.020851956,-7.113278969,0,-0.0594677306,-1.058949205,-0.07556134391,-0.003668008537,1.69809569
2023-07-13,66.87999725,67.12999725,66.63999939,62.60988998,9917700,61.45819244,61.61438522,62.22422838,0.03781614547,-0.01447402018,0.1338892826,TRUE,TRUE,-0.6098431587,-0.05394712174,13.65319146,15.62345992,58.73845874,13.50632893,0.1149410262,0.1584208483,-2.885752469,-4.68753194,-1.070706856,-46.94885608,2.097499064,7.747243183,64.88443638,0.8910030686,-0.003691679432,0.005811768275,2.327996999,-0.9157152932,-11.30690122,0.7852347957,-40070800,-16.43749052,-65394667139,-10.20066304,47.86937582,-2.596222503,-7.950977587,0,-0.06307971498,-1.12587644,-0.07623495442,-0.003691679432,1.774998142
2023-07-14,66.94000244,67.13999939,66.47000122,62.36732483,10142800,61.51222801,61.59823898,62.21698303,0.03750451669,-0.01699982879,0.1255718602,TRUE,TRUE,-0.6187440491,-0.05043415325,24.52831852,15.00849258,56.59120963,5.246759042,0.1672676787,0.1685980007,-3.275856928,-5.820783666,-1.043523135,-54.74837722,1.763372625,7.741232566,67.81424573,0.8899478523,-0.003664267863,0.005738983825,2.178102956,-0.8774782166,-10.69980336,0.8155870827,-50213600,-27.67335064,-65529027073,-10.2548904,48.51467277,-2.478120124,-8.542889388,0,-0.0607147741,-1.084906293,-0.07575608111,-0.003664267863,1.260939804
2023-07-17,66.62999725,66.77999878,66.05000305,61.64894485,10630400,61.49702663,61.57124214,62.21152231,0.03626311897,-0.01947442156,0.117160295,TRUE,FALSE,-0.6402801704,-0.04718918595,5.430344072,13.9475866,50.68206435,-6.728952006,0.1490514948,0.1203054534,-3.307437206,-6.268365388,-2.183356397,-77.84740723,-0.4907392584,7.74014306,67.11137988,0.8951293449,-0.003994061745,0.006745254523,2.140916224,-1.440183407,-10.37430233,0.865480631,-60844000,-22.41263539,-65667836330,-10.25827086,48.37738548,-2.12655998,-7.859588101,0,-0.09499162807,-1.689191765,-0.0821294985,-0.003994061745,0.2263673028
2023-07-18,66.01999664,66.58999634,64.98999786,61.17316055,18132300,61.44137669,61.52510437,62.20031097,0.03398303269,-0.02190255106,0.1086537368,FALSE,FALSE,-0.675206604,-0.04461010432,-1.492544904,14.00145958,47.16909916,-11.56935958,0.09512665997,0.05310449486,-4.580019267,-6.65273536,-3.11916477,-93.14593483,-1.786912166,7.833912926,64.79807131,0.8997423653,-0.004146403351,0.00719870994,2.15403256,-1.651269384,-10.24849702,1.450003998,-78976300,32.49375247,-65772478761,-9.779611228,41.26745738,-3.63069395,-7.983051498,0,-0.1082692661,-1.916033338,-0.08484521165,-0.004146403351,-0.4139261057
2023-07-19,65.62000275,66.62999725,65.62000275,61.7982254,13577000,61.45350437,61.48332359,62.20493711,0.03128840411,-0.02423003562,0.1000545663,TRUE,FALSE,-0.7216135216,-0.04052171954,19.63819129,14.00238788,51.88732482,-4.703884811,0.1016565163,0.04770748099,-3.101447009,-5.566548804,-0.7491584833,-73.04739055,0.3940395812,7.878576057,65.24866254,0.9097287956,-0.00399228435,0.006520238539,1.963154668,-1.419761991,-8.146562722,1.082904356,-65399300,5.041236635,-65888805372,-9.605432097,48.88518932,-2.474737323,-6.898699947,0,-0.09507572116,-1.662479789,-0.08074799403,-0.00399228435,0.528318923
2023-07-20,66.41999817,67.55000305,66.08000183,62.92708588,16664500,61.49735298,61.46800682,62.22108532,0.02901777583,-0.02639581023,0.09136449628,TRUE,TRUE,-0.7530784988,-0.03388725211,30.50275532,13.05373513,59.00755995,8.325495596,0.1956655696,0.1133732274,-2.084496736,-1.476312178,0.4215023097,-56.17928005,1.413328915,7.856645852,72.06021935,0.9393199712,-0.003773110244,0.005447062756,2.140248546,-1.002128959,-8.146562722,1.298397232,-48734800,55.4132821,-65976955211,-9.524108396,57.30419761,-1.266778775,-3.068464568,0,-0.07150710919,-1.208606832,-0.07380421909,-0.003773110244,1.984080687
2023-07-21,67.72000122,68.73000336,67.59999847,63.86935806,18373000,61.61210499,61.47320145,62.23319664,0.02797420373,-0.02832917686,0.08258289992,TRUE,TRUE,-0.7599951935,-0.02571619675,32.68391937,13.24702683,63.82057558,16.65147642,0.3422565912,0.2079713992,-0.5896647497,1.016124057,3.297971055,-17.40669211,3.727268458,7.816009216,89.51097241,0.9600971831,-0.003443237279,0.004335233446,3.272116959,-0.5402271579,-8.146562722,1.386296243,-30361800,83.72265109,-66116642830,-9.416603675,58.47230215,-0.5681114467,-1.295749411,0,-0.04272325462,-0.7053228478,-0.06584248967,-0.003443237279,2.521761315
2023-07-24,68.55999756,68.68000031,67.95999908,63.70141983,13242300,61.76370773,61.46337624,62.23795265,0.02815522158,-0.02997978924,0.07370866129,TRUE,TRUE,-0.774576416,-0.02034727702,26.31565452,13.42651199,62.41403061,10.52670579,0.4398099647,0.2444198181,-1.135878434,0.1538388183,2.755586673,-21.46316428,4.997670413,7.825684711,97.97963481,0.9108345534,-0.003110321132,0.003938426827,3.120282831,0.03569066955,-8.146562722,0.9972035708,-43604100,4.109405956,-66286533154,-9.713461053,59.65020704,-1.021436154,-1.601311401,0,-0.005645402749,-0.09831334047,-0.06275688669,-0.003110321132,1.977668217
2023-07-25,68.19999695,68.61000061,67.98999786,63.81339264,8350800,61.89105511,61.46893242,62.25023981,0.03010648699,-0.0312859518,0.06474289731,TRUE,TRUE,-0.7813073921,-0.01353777912,20.72295223,13.59317678,62.99955837,3.991998423,0.5201608948,0.2598165986,-1.457528409,0.3009093595,1.542566052,-18.75851164,4.157165431,7.726614336,107.2861591,0.897780518,-0.003348193891,0.004702409734,3.04201195,-0.2660082399,-8.146562722,0.6334235844,-35253300,-18.66843274,-66407393116,-9.915539447,57.33923901,-1.119987794,-0.6468069648,0,-0.02419772563,-0.4279995284,-0.06857411855,-0.003348193891,1.791785211
2023-07-26,68.22000122,69.16000366,68.08000183,63.81339264,11579100,62.01746902,61.46745499,62.27264206,0.03374981357,-0.032292749,0.05568709924,TRUE,TRUE,-0.8051870728,-0.006878465704,33.7783232,14.23555118,62.99955837,-0.8210172059,0.5771861433,0.2534734777,-1.358827526,-0.2034850961,0.2859128739,-16.99348915,4.125436299,7.862651145,114.4281333,0.8975771322,-0.003319687586,0.004623604108,2.869154359,-0.2233990496,-8.046319556,0.8681917938,-35253300,36.05823463,-66510460014,-9.54759098,64.97583038,-2.265059745,-1.183492101,0,-0.02163181404,-0.3826726797,-0.06799708896,-0.003319687586,1.569477333
2023-07-27,68.12999725,68.41999817,67.05000305,62.68452454,16065100,62.13268738,61.45950386,62.29555109,0.03831670517,-0.03309689599,0.04654130914,TRUE,TRUE,-0.8360472298,-0.001879995377,21.89779315,13.60201615,53.29249654,-9.12153407,0.5252342683,0.1612172821,-0.775805496,-0.6267773326,-2.073197912,-41.6951586,3.81643103,8.028136691,108.5233037,0.9259156516,-0.003594474216,0.005089196806,2.65357538,-0.7717536536,-8.046319556,1.198521795,-51318400,9.109740692,-66628907740,-9.477767539,63.70357206,-1.164730557,-0.8956568697,0,-0.05611197578,-0.9621232924,-0.0713386067,-0.003594474216,0.5084964604
2023-07-28,67.62999725,67.90000153,66.70999908,62.54459763,13216100,62.24090939,61.47670425,62.31725931,0.04316553145,-0.03371704004,0.03730531341,TRUE,TRUE,-0.8405550575,0.001641869764,23.8568074,12.65576844,52.2184648,-10.78109357,0.4673833959,0.08269312782,-2.172490644,-1.179622681,-2.374640507,-58.64261002,3.584687827,8.128404417,100.6320894,0.9131374609,-0.003488687174,0.004933144289,2.374532667,-0.4950125954,-8.046319556,0.991291388,-64534500,-9.811722477,-66734645268,-9.468918795,63.2874405,-2.308787467,-1.552118444,0,-0.03853660192,-0.670045457,-0.07023634592,-0.003488687174,0.3017807163
2023-07-31,67.30999756,67.58000183,66.76000214,62.57255936,12523500,62.31694336,61.49890617,62.34015528,0.04857636172,-0.0341038874,0.02797925676,TRUE,TRUE,-0.8412491035,0.004946535009,15.73173044,11.77710986,52.42480276,-10.57475561,0.4189628973,0.02741810337,-1.986874038,-1.135443185,-5.71450529,-57.97206584,2.490798771,8.106439226,96.84912389,0.9124961189,-0.003432136786,0.004781814178,2.224774502,-0.4016897563,-8.046319556,0.9443206354,-52011000,-10.09239517,-66875074766,-9.459636759,56.81567421,-2.126754734,-1.958439595,0,-0.03273034955,-0.5694056691,-0.06915066289,-0.003432136786,0.2639321731
2023-08-01,66.98999786,67.33999634,66.20999908,61.80756378,13459800,62.33187084,61.50951027,62.36888577,0.05353877878,-0.03431592048,0.01856397567,TRUE,FALSE,-0.8593754959,0.007836493693,-8.78646294,11.49779168,46.50752662,-6.784969927,0.3152268152,-0.06105438296,-3.35327669,-1.902717054,-7.660623391,-76.31725796,0.4853754467,8.126700236,95.76229242,0.920049434,-0.003732589718,0.005566981854,2.305104964,-0.969641299,-8.046319556,0.9950560651,-65470800,64.85559611,-66993412517,-9.436790617,49.66679836,-3.140883883,-2.881811595,0,-0.06800179014,-1.174174486,-0.07461220982,-0.003732589718,-0.5475088858
2023-08-02,65.98000336,66.55999756,65.87000275,61.80756378,15167500,62.31181297,61.52196526,62.39059942,0.05794970892,-0.03432921817,0.00905837976,TRUE,FALSE,-0.8686341667,0.01150958916,-12.39192235,11.57876958,46.50752662,-5.710938184,0.2303597787,-0.1167371356,-2.163958714,-2.626839613,-7.760418772,-76.31725796,-0.6448571385,8.128750627,96.45145308,0.9157091269,-0.003907586709,0.006157040687,2.404184873,-1.159581058,-8.046319556,1.138137259,-65470800,-20.87485002,-67187181485,-9.921929579,43.17212957,-1.45574832,-1.021237682,0,-0.07985926928,-1.386347309,-0.07846681265,-0.003907586709,-0.5228010312
2023-08-03,66.05000305,66.09999847,64.68000031,60.39881134,20633200,62.25910149,61.50587509,62.40941563,0.06093708598,-0.03416286207,-0.0005379960011,FALSE,FALSE,-0.903540535,0.01265943601,-25.76326121,12.67201882,37.4739517,-14.95085106,0.04886421594,-0.2385861587,-4.127024841,-5.011207382,-9.679795734,-95.56218207,-1.715504583,8.290239248,103.978726,0.9594207881,-0.004185164723,0.006421678207,2.737533555,-1.651404478,-8.046319556,1.518585248,-86104000,33.78374874,-67332229814,-9.653870179,41.03769531,-2.994614183,-2.981447047,0,-0.1149316949,-1.903014921,-0.08013537425,-0.004185164723,-1.7891065
2023-08-04,64.91000366,65.33000183,63.70999908,59.69910049,18248900,62.19379539,61.48004791,62.41881002,0.06130664381,-0.03388931446,-0.01022658608,FALSE,FALSE,-0.9387621117,0.01270409044,-25.58143027,14.34138243,33.94694922,-12.56057739,-0.1497074089,-0.3497262268,-5.95612116,-6.314673046,-11.27853048,-73.59440773,-2.141000027,8.44944533,115.7085444,0.969393199,-0.004399725247,0.006953906987,3.11062405,-1.914905922,-8.046319556,1.317146492,-104352900,41.53236439,-67440842126,-9.190127437,39.65810921,-5.855065674,-4.893217161,0,-0.1333366816,-2.185666541,-0.08339008926,-0.004399725247,-2.156016146
2023-08-07,64.23000336,64.52999878,63.95999908,59.68977356,12565900,62.1410841,61.46199371,62.42287237,0.05887844817,-0.03354427536,-0.01033884669,FALSE,FALSE,-0.9608786583,0.01393899305,-20.73028679,15.89150578,33.90114604,-12.60638058,-0.3043214298,-0.4034721982,-6.570152504,-4.329277218,-11.48290269,-73.765544,-1.735522736,8.437583983,124.711742,0.9602332048,-0.003506397988,0.006636988437,3.385543952,-2.19003371,-8.046319556,0.9064562983,-116918800,1.255429046,-67641686116,-9.486257861,40.78372131,93.4298475,95.67072278,,-0.1523573475,-2.522374531,-0.08146771408,-0.003506397988,-1.965581187
2023-08-08,63.97000122,64.30999756,63.38000107,59.96965408,15175100,62.06458244,61.46582588,62.43216148,0.05419368887,-0.03315546397,-0.01045099221,FALSE,FALSE,-0.9663356018,0.0147692237,-26.84942725,17.69602691,36.66281792,-0.8111337865,-0.3996630691,-0.39905107,-5.845657811,-4.694656683,-10.74440127,-59.00251651,-2.487871372,8.298558328,133.2536236,0.9556592096,-0.003355121048,0.006165624405,3.657002929,-1.787309054,-8.046319556,1.08010712,-101743700,32.69703303,-67768157026,-9.466313014,33.98675077,-3.93771712,-3.486803844,0,-0.1362576159,-2.252677694,-0.07852149009,-0.003355121048,-1.572136129
2023-08-09,64.25,64.98999786,64.13999939,60.1002655,13193700,61.94983044,61.47227028,62.44943939,0.04761991042,-0.03274106402,-0.01056284045,FALSE,FALSE,-0.9771691132,0.01660780275,-48.63583082,18.44746745,37.96540056,4.018451336,-0.4593872252,-0.3670201808,-5.517028546,-4.445243282,-10.68234145,-56.74280438,-3.678225641,8.193593499,139.9684294,0.9527958297,-0.003412974177,0.006423173678,3.963040236,-1.885904594,-8.046319556,0.9395258185,-88550000,-1.003939223,-67906760450,-9.560509239,32.67716294,-4.245208698,-3.375810316,0,-0.1424278252,-2.362749302,-0.08014470462,-0.003412974177,-1.321415795
2023-08-10,64.68000031,65.06999969,64.02999878,59.91367722,13692200,61.8150198,61.47961037,62.46054451,0.03929971939,-0.03228617728,-0.01067456965,FALSE,FALSE,-0.9809341431,0.01698622898,-78.22909908,19.22582359,36.80102163,2.899875597,-0.5158290088,-0.3387695716,-6.665873927,-3.11438965,-11.94279863,-59.97097399,-4.306368801,8.119779291,146.1253419,0.9409623525,-0.003216573401,0.005848838755,4.22659681,-1.642545387,-8.046319556,0.9620943727,-102242200,38.05821914,-68028840051,-9.254622835,23.97426124,-6.094502958,-2.71353383,0,-0.1247438015,-2.094749362,-0.07647770103,-0.003216573401,-1.301172376
2023-08-11,64.27999878,64.66000366,64.08000183,60.24021149,12168100,61.70866413,61.4825602,62.47086744,0.02977677238,-0.03180246902,-0.01078549801,FALSE,FALSE,-0.9883072472,0.01570737965,-66.36859372,19.94858286,40.25437885,3.591560933,-0.5281230683,-0.2808509048,-5.186655773,-1.236451104,-11.84987538,-54.32159467,-3.410621424,8.068139619,149.5936941,0.9015170292,-0.002819706021,0.004901280888,4.483465064,-0.9043039811,-8.046319556,0.8489613948,-90074100,19.96785897,-68202121273,-9.325012865,17.18315008,-5.222941117,-1.442135043,0,-0.07414003896,-1.299084325,-0.0700091486,-0.002819706021,-0.9816273692
2023-08-14,64.52999878,64.56999969,63.77999878,59.76440811,10774800,61.61443729,61.48487885,62.47297922,0.01837231328,-0.03125595044,-0.01089637489,FALSE,FALSE,-0.9881003761,0.01335232431,-72.57596799,20.85873378,37.07531178,-0.8900887811,-0.5696924944,-0.2579362648,-6.453330235,-3.926726694,-12.53451304,-62.55348329,-3.056884019,8.063197135,155.7962746,0.9058366494,-0.002883299606,0.005075177362,4.793447486,-1.025515859,-8.046319556,0.7513731556,-100848900,1.358368453,-68322433127,-9.255822716,12.63960442,-5.846633951,-3.331412569,0,-0.08204892076,-1.430992168,-0.07124027907,-0.002883299606,-1.187466893
2023-08-15,63.68999863,63.72000122,62.97999954,58.79414368,15189500,61.49548645,61.4553904,62.47037638,0.004213315634,-0.03063496947,-0.01100764442,FALSE,FALSE,-1.014985981,0.009187297922,-76.63882482,22.27948074,31.59557065,-5.205450987,-0.6731689229,-0.2891301546,-6.797393344,-6.055321582,-15.333994,-76.9458993,-3.888988005,8.027268237,167.9505807,0.92804635,-0.003020064343,0.005299190727,3.717875064,-1.377950195,-9.208396649,1.07021029,-116038400,-16.22960132,-68509462933,-9.642017924,6.457867022,-3.607996013,-3.064972108,0,-0.1060672759,-1.805405913,-0.07279554057,-0.003020064343,-1.608415263
2023-08-16,63.29000092,63.58000183,63.04999924,59.05537033,12514200,61.3583437,61.42538841,62.46671032,-0.0117947425,-0.02989258064,-0.01111870371,FALSE,FALSE,-1.041321907,0.005431651513,-63.87575341,23.59874578,34.4064886,-5.847890249,-0.7257301646,-0.273353117,-4.262341899,-5.234473961,-15.66140133,-79.76885425,-4.438404265,8.013441204,176.3376075,0.930287378,-0.002908867218,0.004888140779,3.877018073,-1.205317173,-9.208396649,0.8850296661,-103524200,-7.827944318,-68710616154,-9.978209771,12.75195228,-2.665908198,-2.245597174,0,-0.09505061387,-1.613018299,-0.06991523996,-0.002908867218,-1.306002389
2023-08-17,63.36999893,63.99000168,63.13000107,58.9247551,11876400,61.15822716,61.39369972,62.45418978,-0.0298261631,-0.02911927095,-0.01122979568,FALSE,FALSE,-1.060490055,0.001611581661,-63.81645137,24.1558868,33.66165302,-3.413658755,-0.7690596442,-0.2533460774,-4.128874996,-6.053476538,-16.08656874,-88.15744409,-6.360267164,7.997160054,180.2642465,0.9304642113,-0.003756042804,0.005535090606,4.178357438,-1.276578394,-9.208396649,0.8543889914,-115400600,-28.7323352,-68838639409,-10.2934874,18.79408614,-1.920680085,-2.556727591,0,-0.09736340562,-1.652689764,-0.07439818954,-0.003756042804,-1.238998916
2023-08-18,63.15000153,63.63999939,63.09000015,59.23263168,12837800,60.92639084,61.34762238,62.44607914,-0.04884769368,-0.02829971249,-0.01134090921,FALSE,FALSE,-1.098456764,-0.001937930231,-56.1126172,24.70719783,37.11721994,5.521649296,-0.7696830741,-0.2031756058,-3.336839835,-4.837795029,-15.50654405,-85.94886727,-7.259704058,7.916984739,173.2409379,0.9326659412,-0.003644029688,0.005175222678,3.322013798,-1.026686264,-9.208396649,0.942313762,-102562800,-30.12681652,-69031550640,-10.69793011,18.83370404,-1.192571524,-2.04641599,0,-0.08628652595,-1.472023324,-0.07193902055,-0.003644029688,-0.9776899016
2023-08-21,63.29999924,63.47000122,62.59000015,58.85945129,12081000,60.68429241,61.28871353,62.43491787,-0.06790289657,-0.02745340545,-0.01145199721,FALSE,FALSE,-1.146204338,-0.006676064481,-53.02006424,25.63443042,34.75409095,0.3476023445,-0.7911695751,-0.1797296854,-3.800556037,-6.445379634,-16.35207906,-93.9685465,-7.601037072,7.902853915,166.1052664,0.9324218345,-0.003664020252,0.005236156551,3.558210704,-1.020571629,-9.208396649,0.8905591224,-114643800,-8.769624612,-69146060518,-10.53960011,19.0353795,-1.244200688,-3.988953136,0,-0.08591558359,-1.466117567,-0.0723612918,-0.003664020252,-1.098605214
2023-08-22,63.04999924,63.45000076,62.81000137,59.0273819,13528900,60.44499187,61.24038223,62.42755798,-0.08674274961,-0.02660952588,-0.01156237009,FALSE,FALSE,-1.187175751,-0.0124229995,-48.53413601,26.49543211,36.70691873,3.045265706,-0.7855913773,-0.1393211901,-3.55526084,-4.39136133,-16.07021785,-101.4991441,-7.500009864,7.86078111,152.5771804,0.9175254623,-0.0034392162,0.00476074826,1.661073327,-0.5672826192,-9.208396649,0.97861484,-101114900,62.00723284,-69319510447,-10.53242036,26.13397182,,-2.445098957,0,-0.05703370898,-0.9884173481,-0.06899817577,-0.0034392162,-0.9291100897
2023-08-23,63.61000061,63.68000031,63.08000183,59.2606163,13386000,60.21735306,61.19893684,62.42004288,-0.1046640453,-0.02576673904,-0.01167205419,FALSE,FALSE,-1.221106033,-0.01774586791,-24.99997905,26.86664309,39.41895128,2.301731333,-0.7536627925,-0.08591408425,-2.836252023,-3.640772243,-14.57319468,-121.5102851,-7.134515418,7.873257123,132.2912368,0.9190656434,-0.003347717684,0.004493525235,1.51099975,-0.4525845329,-9.208396649,0.9619914214,-87728900,15.60483975,-69503317863,-10.75415948,34.32595924,-1.843871882,-3.035778841,0,-0.04989453889,-0.8628799906,-0.0670337619,-0.003347717684,-0.7232049368
2023-08-24,63.40999985,64.27999878,63.09000015,58.91542816,12966900,60.02889824,61.15077286,62.40893373,-0.1207513743,-0.02496119249,-0.01178135864,FALSE,FALSE,-1.258160877,-0.0239980218,-18.66659276,26.18596057,36.89895087,2.144859921,-0.7475951457,-0.06387714993,-2.767761381,-3.698530635,-14.55798521,-148.1682528,-6.012802047,7.930079213,121.7192942,0.9207681932,-0.003384712538,0.004577451098,1.603415094,-0.5079053055,-9.208396649,0.9423636307,-100695800,-19.285283,-69607261771,-10.82252704,42.46718271,-2.238636698,-2.697165443,0,-0.05336627843,-0.9213011553,-0.0676568629,-0.003384712538,-0.914785191
2023-08-25,63.24000168,63.95000076,63.20000076,59.36324692,12490500,59.8698307,61.11230553,62.40589582,-0.1342387354,-0.02414894765,-0.01188985678,FALSE,FALSE,-1.293590298,-0.02855546394,-7.042139964,25.55389822,42.07274988,5.365831152,-0.698598255,-0.01190420739,-0.6938981227,-2.995699245,-14.17889804,-130.1110416,-5.086531577,7.894764068,107.0118369,0.9182999452,-0.0033546064,0.004523950612,1.631772376,-0.5544763505,-9.208396649,0.9101411828,-88205300,-5.490273227,-69747546869,-10.97700583,49.36827679,-1.279764522,-2.114661456,0,-0.05589958162,-0.9677785458,-0.06726031975,-0.0033546064,-0.4733904218
2023-08-28,63.74000168,64.08999634,63.49000168,59.35391617,8663200,59.70889854,61.0603244,62.40071537,-0.1452590591,-0.02334267705,-0.01199711488,FALSE,FALSE,-1.340390968,-0.03384062144,-14.10236472,24.72684178,41.99548635,2.576535078,-0.6529934773,0.02696045625,-0.7095071133,-2.351248302,-14.71691434,-130.4872815,-5.143857342,7.908824807,86.45459892,0.9133813837,-0.003209623491,0.004184910745,1.674183126,-0.3478756062,-9.208396649,0.6402634605,-96868500,-30.82445003,-69875650252,-11.08804393,56.16583652,-1.430640255,-2.137670305,0,-0.04290260642,-0.746454081,-0.06469088611,-0.003209623491,-0.4105997605
2023-08-29,63.70000076,64.05000305,63.43999863,59.57781982,11873100,59.59741135,61.00615761,62.3990237,-0.153714488,-0.02260666002,-0.01210224541,FALSE,FALSE,-1.392866096,-0.03769135397,-11.71535375,24.02584349,44.62350491,7.724554045,-0.5919604569,0.07039478129,0.05230687408,-0.233644621,-13.06096611,-121.4589066,-3.607558398,7.840226535,70.95422368,0.9045127769,-0.003399836136,0.00479396003,1.698645748,-0.5450246565,-9.208396649,0.8826700973,-84995400,-11.78843668,-70037869917,-11.31655385,55.79380667,-3.024331816,-1.704642902,0,-0.05499599729,-0.9672411595,-0.06923842885,-0.003399836136,-0.02761149541
2023-08-30,63.65000153,64.06999969,63.33000183,59.30726624,11240400,59.47239647,60.9611895,62.38185459,-0.1601605778,-0.02197563256,-0.01220505634,FALSE,FALSE,-1.420665092,-0.0414609546,-13.3468957,23.52791859,42.1390659,0.06631602121,-0.5589791978,0.0827008323,-1.307069801,0.9755049199,-13.7178803,-158.5859107,-4.045293801,7.818477078,48.40829385,0.9039218031,-0.003556664012,0.005260942248,1.74233503,-0.8176358021,-9.208396649,0.8480127107,-96235800,-25.89154442,-70171319203,-11.25665775,56.64755325,-5.66105372,-0.6612187538,0,-0.07151968884,-1.259714039,-0.07253235311,-0.003556664012,-0.3411197144
2023-08-31,63.81999969,63.88000107,62.93999863,58.73817444,13771100,59.38936462,60.89495071,62.36534834,-0.1643553242,-0.02147062584,-0.01230632329,FALSE,FALSE,-1.470397625,-0.04617256923,-31.38385463,23.58512147,37.41974804,-4.575738319,-0.5721666829,0.05561067775,-1.52610976,-1.851071958,-13.27822769,-194.5366972,-2.749452953,7.873117712,45.85641932,0.9118349046,-0.003708015304,0.00562062155,1.130877958,-1.066789116,-9.294825953,1.066544505,-110006900,-33.25756548,-70308204326,-11.52416751,56.1980187,-5.323575166,-2.928057455,0,-0.087302468,-1.524989908,-0.07497080465,-0.003708015304,-1.420063309
2023-09-01,63.29000092,63.50999832,62.15000153,58.43962479,14387700,59.32639084,60.83225685,62.35104008,-0.1661654511,-0.02110762891,-0.01240677838,FALSE,FALSE,-1.518783226,-0.04953399005,-28.74486823,24.50619476,35.1930074,-9.430497508,-0.5997942668,0.02238647512,-3.034652162,-3.98606207,-13.15029295,-174.1963157,-2.10970634,7.967367362,49.85292455,0.8844187827,-0.004082800329,0.007286221679,0.999165423,-1.759800368,-9.75585489,1.131212985,-124394600,-21.15853558,-70401097781,-11.63730004,55.13438981,-6.246850289,-5.167540324,0,-0.12649764,-2.286052178,-0.08535936785,-0.004082800329,-1.778764356
2023-09-05,62.59999847,62.63999939,61.34000015,57.54400253,18825300,59.21910229,60.7697496,62.32888189,-0.1660286687,-0.02092701961,-0.0125079257,FALSE,FALSE,-1.55913229,-0.05373664182,-27.57184335,26.04480568,29.51819442,-12.62087148,-0.6860501973,-0.05109556426,-4.973071804,-5.911969323,-15.69474585,-129.1156256,-3.594872117,8.121756879,62.98179006,0.9012229666,-0.004374529858,0.008063095752,1.306573068,-2.304949561,-11.13890047,1.444566923,-143219900,49.81258804,-70529862828,-11.08126974,54.1461698,-7.929453172,-6.635267016,0,-0.161475142,-2.866480633,-0.08979474234,-0.004374529858,-2.659657264
2023-09-06,61.77000046,61.88999939,61.41999817,57.67461014,19470100,59.10435009,60.6979129,62.30459742,-0.1643451666,-0.02092325507,-0.01260901026,FALSE,FALSE,-1.606684513,-0.05810017481,-31.35594689,27.47351582,31.25895708,-6.160790952,-0.7353925538,-0.08035033664,-4.684543763,-4.128661055,-14.58596456,-124.673188,-3.82700881,8.048888946,69.18893977,0.9001501885,-0.004256173714,0.007641459621,1.543087504,-2.069330671,-11.13890047,1.469824773,-123749800,28.30294364,-70859643099,-11.66902793,45.56641918,-6.069718259,-5.137427549,0,-0.1471482849,-2.613390779,-0.08741544269,-0.004256173714,-2.066428474
2023-09-07,62.34999847,63.13000107,62.18999863,58.43029785,16874300,59.02085171,60.64081657,62.28955906,-0.1612148952,-0.02102465224,-0.01271010711,FALSE,FALSE,-1.648742485,-0.06120364885,-9.832947836,26.59924775,40.42688939,5.233881985,-0.7053877727,-0.04027644447,-5.047737881,-3.608542677,-13.68663776,-98.96951225,-2.778636063,8.008452131,66.56444107,0.918321857,-0.004018112726,0.006519454214,1.600087777,-1.598811514,-11.13890047,1.25640935,-106875500,27.89664764,-71011500705,-11.55847853,46.9309446,-6.501753087,-3.92801195,0,-0.120662815,-2.095685237,-0.08074313726,-0.004018112726,-0.8871911886
2023-09-08,62.74000168,63.29000092,62.54000092,58.94342422,16260700,58.97233906,60.61208191,62.27057074,-0.1565017713,-0.02122529375,-0.01281059566,FALSE,FALSE,-1.658488827,-0.06332032441,-5.525737309,25.55299033,45.72056426,16.20236984,-0.6329079883,0.02576267196,-4.629842569,-1.97460864,-15.57025464,-81.51622609,-1.619418196,7.956241054,63.16376056,0.926540398,-0.003879689495,0.005958540752,1.617804456,-1.329552104,-11.13890047,1.199255107,-90614800,18.75885541,-71183715684,-11.6338802,54.43778783,-5.817637028,-3.210927375,0,-0.1048377392,-1.802575031,-0.07719158472,-0.003879689495,-0.04577756741
2023-09-11,63.11000061,63.77000046,63.09000015,59.18598175,13511800,58.91962757,60.58819839,62.25138271,-0.1499462608,-0.02150184986,-0.01290988576,FALSE,FALSE,-1.663184319,-0.06496983004,6.398539664,23.9076322,48.06967312,16.81071604,-0.5495598875,0.08728861822,-3.674837318,0.002526610298,-15.15682146,-73.26596627,-1.750043219,7.99474296,56.02127377,0.9285526393,-0.003780847797,0.00563094143,1.595098876,-1.192220318,-11.13890047,0.9916055007,-77103000,11.04280866,-71352375402,-11.55956025,60.91734542,-5.664864353,-3.359518326,0,-0.09634221317,-1.652040329,-0.07503959908,-0.003780847797,0.4754518444
2023-09-12,63.43000031,63.70000076,63.00999832,59.2606163,11047400,58.89443798,60.55237312,62.22987961,-0.1410443538,-0.02187777253,-0.01300780709,FALSE,FALSE,-1.677506485,-0.0652508278,4.655463989,22.48354554,48.8038738,8.376984411,-0.4720421247,0.1318451048,-3.37872483,-1.386840639,-15.39016031,-70.72737488,-0.8429629356,7.975449705,53.0781785,0.9167477863,-0.003956294513,0.006339049951,1.582282468,-1.484971122,-11.13890047,0.8099376714,-66055600,2.529977355,-71483483024,-11.58758347,54.71826751,-5.43390936,-6.031847081,0,-0.1135095651,-1.974277122,-0.07961815089,-0.003956294513,0.6898848683
2023-09-13,63.54999924,64.56999969,63.54999924,59.96965408,15060400,58.9532135,60.52158592,62.20836767,-0.1290907432,-0.02232064468,-0.01310380733,FALSE,FALSE,-1.68678175,-0.06365512775,12.92517764,21.69731621,55.27341644,9.55285218,-0.349368019,0.2036153684,-2.207914705,-1.501991584,-15.18888479,-42.42558091,1.99936649,7.959379633,58.17304606,0.9280223821,-0.003801239202,0.005702277334,2.090274262,-1.279146932,-11.13890047,1.104672656,-50995200,-0.8499292274,-71604271671,-11.35013209,55.14525862,-4.291436021,-6.064015282,0,-0.1015762082,-1.743202615,-0.07551342486,-0.003801239202,1.747270688
2023-09-14,64.68000031,65.26000214,64.58999634,60.84662628,13100500,59.0427763,60.49434402,62.18937246,-0.1142001092,-0.02279922361,-0.01319737438,TRUE,FALSE,-1.695028439,-0.0617311528,32.09306159,21.67926577,61.71720458,13.64753146,-0.1793165298,0.2989334861,-0.7179172706,-1.400665605,-11.59477578,-12.58606176,3.033180456,7.8764714,71.97931828,0.9367277838,-0.003280899239,0.004158028733,3.261006965,-0.5229705063,-11.13890047,0.958853226,-37894700,4.685077752,-71763759021,-11.1732983,55.24708731,-4.090273108,-9.185158756,0,-0.05422117685,-0.9194469214,-0.06448277858,-0.003280899239,2.506067057
2023-09-15,65.11000061,65.61000061,64.87000275,60.58540344,17401000,59.12580872,60.47699127,62.17239735,-0.09780097632,-0.02334477694,-0.01328748475,TRUE,FALSE,-1.695406075,-0.0593579724,20.96000419,21.98765469,58.99092293,10.18704913,-0.06488010197,0.3306959311,-2.20743076,-2.477307634,-12.68627169,-17.67205221,2.818252436,7.878458408,79.70942012,0.9319827943,-0.00348820516,0.004756958827,3.197312354,-0.8755365302,-11.13890047,1.248376397,-55295700,46.5174632,-71982664150,-11.27787563,56.43737898,-5.609540947,-9.453113334,0,-0.07614683234,-1.299346894,-0.06897070992,-0.00348820516,1.83114458
2023-09-18,64.45999908,64.58000183,63.91999817,60.54025269,9567500,59.19118977,60.46769188,62.15756582,-0.08107213357,-0.02396179595,-0.01337414543,TRUE,FALSE,-1.689873943,-0.05778384769,20.22146724,20.97038985,58.5098268,3.236410359,0.02191567255,0.3339933645,-2.803041387,-1.604160308,-10.52196793,-18.72944687,2.207602406,7.797951115,85.76458326,0.9270484496,-0.003389882974,0.004538472015,3.132256846,-0.6826266073,-11.13890047,0.6945356901,-64863200,-25.47399087,-72090218122,-11.10192699,51.84668742,-5.880922098,-8.86856281,0,-0.06388196783,-1.095498555,-0.06736818251,-0.003389882974,1.572983705
2023-09-19,64.31999969,64.55000305,64,60.21107101,12444500,59.25877075,60.45703331,62.13316032,-0.06459112999,-0.02459812055,-0.0134571568,FALSE,FALSE,-1.676127014,-0.05822571969,10.60367685,20.02578679,54.98874762,-6.728456967,0.06340880222,0.3003891953,-2.18436521,-2.898674297,-10.67386461,-26.43861867,2.296351207,7.759163213,88.30072618,0.9101267259,-0.003251822911,0.004333156859,3.094894425,-0.4261428906,-11.13890047,0.9021960603,-77307700,3.008856883,-72274121040,-11.33883997,45.78419197,-5.119963411,-8.101525037,0,-0.04748339169,-0.8293981009,-0.06582671843,-0.003251822911,1.078473874
2023-09-20,64.27999878,64.75,63.88999939,60.26750183,9368000,59.32077675,60.4323896,62.1093103,-0.0488591144,-0.0252904599,-0.01353618857,FALSE,FALSE,-1.6769207,-0.05753761391,16.67691362,19.37374335,55.48332592,-3.507597004,0.09969666066,0.269341643,-2.87285831,-0.8090595787,-11.77219631,-25.11705402,2.100923155,7.757438674,90.90607466,0.9008778763,-0.003456365162,0.005003550582,3.030825877,-0.6920254246,-11.13890047,0.6895577056,-67939700,-30.75564163,-72362408885,-11.1990503,50.91846962,-6.014467464,-5.201850464,0,-0.06357769545,-1.123297632,-0.07073578007,-0.003456365162,1.041432144
2023-09-21,64.02999878,64.15000153,63.38000107,59.63737106,12814300,59.33961449,60.37723091,62.08385881,-0.0347617363,-0.0260645221,-0.01361173312,FALSE,FALSE,-1.706627903,-0.05779535453,15.45300129,18.08894947,49.00775838,-9.502068419,0.07672433283,0.1970954522,-3.145705765,0.121187428,-11.40640147,-39.87421327,0.6357590998,7.756733576,91.16483871,0.9104467294,-0.003542575977,0.005145094066,2.934338783,-0.9974452627,-11.13890047,0.9452210253,-80754000,-4.270880024,-72499792419,-11.05144546,51.13300164,-4.677366816,-2.783064569,0,-0.08259958572,-1.444556587,-0.07172931106,-0.003542575977,0.326613397
2023-09-22,63.13000107,63.70999908,62.86999893,59.52450943,12297700,59.37006855,60.3155233,62.05966549,-0.02188499494,-0.02692812495,-0.01368382422,FALSE,FALSE,-1.744142189,-0.05968037261,19.25867939,17.31013189,47.92878167,-7.059965942,0.0488485117,0.1353757048,-1.88704052,0.9671144965,-10.3483111,-42.51734258,1.033823036,7.687538238,90.68933656,0.8910101759,-0.003282372167,0.004610646479,2.79818079,-0.6369288268,-11.13890047,0.9093594657,-93051700,-5.160832581,-72610046830,-11.10212079,51.63222426,-4.037515277,-2.217582133,0,-0.05954330669,-1.06373655,-0.06790174136,-0.003282372167,0.1702966255
2023-09-25,62.91999817,63.25,62.54000092,59.4398613,12364900,59.37389927,60.25697403,62.03304419,-0.01047440034,-0.02784429196,-0.01375236614,FALSE,FALSE,-1.776070156,-0.06165660891,39.31481405,16.95580155,47.09136,-8.39196592,0.01969924514,0.08498115061,-2.981377257,-2.23080598,-10.15518176,-47.25860901,0.1290602921,7.641419472,90.70248346,0.8911455347,-0.003310284178,0.004688090385,2.471290166,-0.6790524425,-11.13890047,0.9147533937,-105416600,-1.005564229,-72730391915,-11.03352081,53.25939899,-4.376757406,-5.27361604,0,-0.06211181113,-1.109590411,-0.06846963111,-0.003310284178,0.07272350876
2023-09-26,62.93999863,63.00999832,61.13999939,57.66231155,23416700,59.28931904,60.17724136,61.99903877,-0.002067367296,-0.02888536699,-0.01381855796,FALSE,FALSE,-1.821797409,-0.06535609543,-0.1901100327,17.89569613,33.7541707,-15.25358768,-0.1451618321,-0.06390394129,-5.911391007,-5.269942357,-11.8217428,-77.80060148,-2.850030332,7.780871864,98.4544881,0.9575446601,-0.003946691075,0.005765903124,2.474339739,-1.76564467,-11.13890047,1.642715788,-128833300,170.3008126,-72840905962,-10.40085147,52.18862421,-5.358364767,-6.394424318,0,-0.1352047167,-2.24888309,-0.07593354413,-0.003946691075,-1.652547807
2023-09-27,61.18999863,61.34000015,59.97000122,56.55251312,26021100,59.1380537,60.08482841,61.95738842,0.00304935484,-0.0301229971,-0.01388237976,FALSE,FALSE,-1.872560005,-0.06991175816,-27.52017121,19.53854262,28.35465847,-19.57412321,-0.3612031568,-0.2239562128,-6.339242076,-7.34673674,-11.38246951,-60.59376716,-5.077907702,7.709032892,115.5456021,0.9797660391,0.0007136755512,0.00009192861532,2.92462274,-2.447525864,-12.66998686,1.739114453,-154854400,119.1601183,-72996747309,-9.887795741,41.9362302,-4.790918392,-7.790800304,0,-0.1662828481,-2.697395315,0.009587941141,0.0007136755512,-2.237679785
2023-09-28,60.36000061,60.47999954,58.74000168,55.3298645,38594900,58.93918362,59.9554612,61.91131069,0.004041919995,-0.03162901911,-0.01394498206,FALSE,FALSE,-1.955849495,-0.07501038109,-47.97084092,21.69176243,23.83168468,-23.25967532,-0.623883251,-0.3893090456,-8.364159983,-10.65051676,-11.8123936,-49.63810345,-6.706432425,7.759037499,143.3603843,0.9995172069,0.0001859311641,0.000005826576418,3.704907665,-3.27255858,-14.55803593,2.363436119,-193449300,243.3587773,-73186622743,-9.232408033,30.99116872,-7.160287531,-11.03849295,0,-0.2010291954,-3.177546262,0.002413830238,0.0001859311641,-2.517654464
2023-09-29,59.34000015,59.81999969,58.61000061,55.42391586,22868900,58.77347069,59.8053978,61.85832193,0.002157952301,-0.03337890845,-0.01400753381,FALSE,FALSE,-2.052924137,-0.08085337027,-50.94668489,23.75099346,24.82507689,-8.929093813,-0.8150742903,-0.4644000679,-9.218330427,-10.88485065,-12.60184238,-45.51549639,-5.642426935,7.70251139,163.5408637,0.9914127819,0.0002597919747,0.00001155994762,4.343678069,-2.929771435,-14.55803593,1.362469865,-170580400,66.0644393,-73329925211,-9.001315425,24.12539448,-6.660227211,-10.50850817,0,-0.1774375928,-2.827011996,0.003399992298,0.0002597919747,-2.04814549
2023-10-02,58.59000015,58.59000015,55.52000046,52.84692764,55822700,58.49383583,59.58494919,61.79144577,-0.003788965698,-0.03547510453,-0.01407206942,FALSE,FALSE,-2.206496582,-0.09134490068,-64.87206239,26.71893691,17.92633452,-10.42832395,-1.161150954,-0.6483813849,-14.08262937,-15.64346564,-13.18494242,-26.49229707,-9.570042867,7.895922368,210.5946632,1.146196302,0.0003833582235,0.00001881417379,5.543356874,-3.439183969,-18.39225826,2.960374425,-226403100,287.9890462,-73482958437,-8.171820306,20.65297654,,-12.81609794,0,-0.2436707559,-3.356932649,0.004337530841,0.0003833582235,-2.681410869
2023-10-03,55.75,57.02999878,54.93000031,53.45825577,57618200,58.28954849,59.38008591,61.72803633,-0.01309634158,-0.03789604885,-0.01413759405,FALSE,FALSE,-2.34795042,-0.1008236399,-66.51775172,29.61831786,23.36688016,-0.4648045254,-1.370294233,-0.6860197315,-14.06630008,-14.0837703,-10.4513504,-13.78037917,-7.100213029,7.655134733,238.289331,1.159792415,0.0005337263751,0.00003559001457,6.411869773,-3.037294906,-18.39225826,2.770601281,-168784900,206.067898,-73621337906,-7.432759796,13.27917031,-9.163876683,-9.298355539,0,-0.2165395502,-2.947298866,0.005965736716,0.0005337263751,-2.027490154
2023-10-04,57.13000107,57.24000168,55.88999939,53.40182114,29498600,58.07590904,59.17185448,61.66835434,-0.02586976116,-0.04059326659,-0.01420456651,FALSE,FALSE,-2.496499863,-0.1087091922,-83.01128149,32.05124192,23.21389733,-1.61117956,-1.523038947,-0.6710115563,-13.10141825,-14.6063241,-13.09300784,-14.30879331,-7.408440198,7.461438813,262.0609846,1.144174459,0.0002616336692,0.000008791962942,6.903870882,-3.390835811,-18.39225826,1.385060033,-198283500,51.50718281,-73759573766,-6.808082531,16.7925108,-9.813581284,-9.829253803,0,-0.239889071,-3.310575201,0.00296512444,0.0002616336692,-1.78358786
2023-10-05,56.63000107,56.79999924,55.90000153,53.09146118,28145000,57.80896721,58.95741585,61.61267933,-0.04222850312,-0.04357805629,-0.01427391,FALSE,FALSE,-2.655263481,-0.1151355276,-83.1038538,34.31038569,22.34738771,4.421053187,-1.650112221,-0.6384678645,-12.97226834,-17.24585891,-15.39238691,-18.72239492,-9.137103294,7.321384845,284.4924321,1.123369048,-0.0002806229008,0.0000105003515,7.602017753,-3.93350098,-18.39225826,1.287438407,-226428500,66.79210397,-73963377808,-6.751394484,10.96642143,-10.18791853,-13.49504472,0,-0.2753716883,-3.872395344,-0.003240424587,-0.0002806229008,-1.65821846
2023-10-06,55.75,57.38999939,54.77000046,53.84386063,34103700,57.55398903,58.78060257,61.56204334,-0.06117339701,-0.04675728919,-0.01434599246,FALSE,FALSE,-2.781440773,-0.1194476951,-68.85883621,36.71761396,29.2428463,5.875966139,-1.670845888,-0.5273612252,-11.35937527,-16.66217942,-12.24347254,-9.279958658,-8.651624275,7.259398071,296.393314,1.141585772,-0.00008587123708,0.0000009511820737,7.825412951,-3.621991562,-18.39225826,1.498840393,-192324800,109.7308234,-74021592049,-6.236161654,19.05287096,-9.203426059,-13.12153493,0,-0.2568404068,-3.553123045,-0.000975285637,-0.00008587123708,-1.251758467
2023-10-09,57.15000153,57.81999969,56.90999985,54.37995529,20243800,57.31368771,58.61730972,61.51399588,-0.08225059638,-0.05002133971,-0.01442095077,FALSE,FALSE,-2.896686153,-0.1228050093,-58.71201617,38.39362163,33.75649827,10.54260094,-1.625283849,-0.3854393487,-11.57685873,-15.6632966,-8.347786952,-3.908268376,-8.12021076,7.183417772,301.8968881,1.152563738,-0.006275046115,0.009771227297,8.249434122,-3.270004099,-18.39225826,0.8767348968,-172081000,49.82311757,-74154402276,-6.067622537,23.94010734,88.42314127,84.3367034,,-0.254964927,-3.509807409,-0.09884951845,-0.006275046115,-0.9717663647
2023-10-10,57.81999969,58.63999939,57.81999969,55.12294388,30707200,57.10680408,58.46831741,61.4652076,-0.1042660593,-0.0533069766,-0.01449740584,FALSE,FALSE,-2.996890182,-0.1257180366,-48.4500016,38.9505249,39.51525712,17.16786942,-1.511795596,-0.217560877,-11.65530272,-14.58459756,-5.128459665,3.762722604,-6.982162324,7.050456217,302.0300611,1.16390526,-0.006123559703,0.009403758278,7.72817133,-2.665723639,-18.39225826,1.275587817,-141373800,177.9586147,-74387107191,-6.030878121,27.77731325,-9.765008454,-11.42387648,0,-0.238940634,-3.278249785,-0.09697297705,-0.006123559703,-0.6568419711
2023-10-11,58.93999863,59.61000061,58.52000046,56.0164299,26673700,56.90914288,58.35249474,61.42286203,-0.1254890479,-0.05654811529,-0.01457427091,FALSE,FALSE,-3.070367298,-0.1276100904,-33.27570081,38.42205679,45.63578698,16.39294069,-1.334376621,-0.03211352111,-10.53102007,-13.11287337,-3.756722489,13.94216594,-6.592040996,7.015087674,295.1660608,1.184085513,-0.005586872907,0.007537598481,7.742961926,-2.085669679,-18.39225826,1.081937377,-114700100,77.1114977,-74536312048,-5.946464261,33.39286375,-8.345551292,-10.64420221,0,-0.1957758071,-2.633167489,-0.08681934394,-0.005586872907,-0.3024443163
2023-10-12,59.25999832,59.61000061,58.11000061,55.15116119,27543300,56.62436962,58.21936668,61.37288263,-0.1462922861,-0.05976879967,-0.0146524252,FALSE,FALSE,-3.153515949,-0.1295746209,-37.59095283,38.14446615,41.27941792,7.522919659,-1.249190863,0.04245778934,-11.57042354,-14.46724995,-4.900914073,4.494820244,-9.360362991,7.063102944,282.375743,1.187766385,-0.006043329268,0.008780275977,7.867798299,-2.650886752,-18.39225826,1.085416668,-142243400,110.2461738,-74672516951,-5.731365412,32.27818952,-8.699838656,-10.82182797,0,-0.2417516258,-3.247004196,-0.09370312682,-0.006043329268,-0.5217191859
2023-10-13,59.02999878,59.68000031,58.88000107,55.77189636,19784400,56.38369427,58.12682838,61.32398581,-0.1655860036,-0.06292944938,-0.01473115027,FALSE,FALSE,-3.197157421,-0.128238846,-30.13907352,37.81029326,45.31258794,5.797330818,-1.118696756,0.1383615171,-9.533088533,-12.52522482,-0.516522086,12.15893403,-7.94499468,7.087378387,266.9288725,1.170994553,-0.00617359868,0.009443217782,5.404825219,-2.847277726,-18.39225826,0.7760123522,-122459000,13.69691397,-74846031464,-5.615556713,36.36532247,-6.652893515,-8.498164145,0,-0.2543124701,-3.468792005,-0.09717622025,-0.00617359868,-0.2291988496
2023-10-16,59.41999817,60.13000107,58.95999908,56.34560394,19777400,56.17396183,58.05975845,61.28108114,-0.1827200861,-0.06598664263,-0.01480987509,FALSE,FALSE,-3.221322689,-0.1239678744,-12.0068653,37.00258101,48.81198624,3.176199255,-0.9579432555,0.2392920141,-7.891625292,-12.1102066,-1.947675331,23.98178932,-6.928693814,7.115104736,248.386014,1.161039335,-0.006256024709,0.009876335005,3.809668105,-2.978505818,-18.39225826,0.7605098162,-102681600,106.7143977,-74954194934,-5.50649347,41.41054863,-5.262039293,-8.55625861,0,-0.2626567639,-3.616150241,-0.09937975148,-0.006256024709,0.06910297
2023-10-17,59.40000153,60.13000107,59.31000137,56.19512558,18480200,55.97316456,57.98986549,61.23508129,-0.197118448,-0.06892402509,-0.01488923287,FALSE,FALSE,-3.245215797,-0.1198101272,-3.571386367,36.25256248,47.94538174,6.665963818,-0.8330840204,0.2913209994,-9.066764922,-11.88701102,-0.7776825451,24.95841244,-6.669779107,7.147720964,229.5504407,1.161043127,-0.0062566662,0.009878897574,3.524661171,-2.979435619,-18.39225826,0.7024759539,-121161800,48.50094419,-75113074034,-5.395764689,46.63621104,-6.292995731,-8.503915625,0,-0.262714588,-3.616946267,-0.09939264346,-0.0062566662,0.09669379016
2023-10-18,59.68999863,60.04999924,58.84999847,55.7060585,23363500,55.74509239,57.90459358,61.18975981,-0.2088551804,-0.07171920475,-0.01496942309,FALSE,FALSE,-3.285166225,-0.1158472126,4.0567051,35.86193755,45.14034602,-0.1722419166,-0.7647798963,0.2877000988,-11.47522927,-13.32052522,-3.656441311,17.4637675,-7.5686617,7.20116313,206.1005681,1.163125814,-0.006405510901,0.0103239416,3.504730646,-3.212051298,-18.39225826,0.8650902118,-144525300,149.396883,-75258859859,-5.362405861,48.39630491,-7.657598892,-8.716394337,0,-0.2813868618,-3.869730938,-0.101606799,-0.006405510901,-0.01893924414
2023-10-19,59.04000092,59.59000015,58.59999847,55.15116119,19681900,55.5207819,57.8056115,61.14166384,-0.2181219415,-0.07438948613,-0.01505098357,FALSE,FALSE,-3.336052341,-0.1123434332,-2.802014758,35.66222092,42.12873482,-6.683251422,-0.7468151411,0.2445318832,-13.65004618,-14.15922142,-6.328657437,7.111206953,-7.522480937,7.19510618,184.8239005,1.167042512,-0.00656877731,0.01079005175,3.523207951,-3.427096638,-18.39225826,0.7196204515,-164207200,53.59325129,-75415672174,-5.330599957,48.78721735,-8.699894283,-9.18858314,0,-0.2992085226,-4.103515562,-0.1038751739,-0.00656877731,-0.1999853393
2023-10-20,58.5,59.06999969,58.02000046,54.57745361,20022400,55.27342911,57.69888702,61.08775942,-0.2246988549,-0.0769407681,-0.01513384778,FALSE,FALSE,-3.388872395,-0.111212125,22.38438032,35.84063289,39.2156315,-8.72975024,-0.7699953234,0.1770813607,-14.32301861,-15.29620496,-6.082028307,-3.592291466,-8.310956048,7.369256898,159.8356508,1.15454329,-0.006447369819,0.01062132647,3.219068707,-3.297194159,-18.39225826,0.7218758591,-184229600,62.81418477,-75566986193,-5.330387822,53.274286,-8.034611629,-8.9005523,0,-0.286258649,-3.968328976,-0.1030598198,-0.006447369819,-0.435431952
2023-10-23,57.5,58.36999893,57.04000092,54.11661148,20520600,55.00726662,57.57641502,61.03862494,-0.2288572445,-0.07940990072,-0.01521859103,FALSE,FALSE,-3.462209911,-0.110622942,8.68489624,36.54360129,37.00227116,-8.138074867,-0.8161438948,0.1047462314,-15.19552677,-16.43157606,-4.463035515,-12.19009147,-8.955690173,7.380465914,127.9439586,1.157318437,-0.006556803306,0.01093337113,3.099124565,-3.431290986,-18.31051933,0.7291181446,-204750200,65.95847924,-75677717010,-5.236075467,58.84207287,-8.826716815,-9.74672281,0,-0.2974622025,-4.115329052,-0.1045627617,-0.006556803306,-0.6961291067
2023-10-24,58.40999985,59.25999832,58.22999954,55.50856018,23597200,54.89957905,57.49129807,60.99001913,-0.2293231403,-0.08169849022,-0.01530415619,FALSE,FALSE,-3.498721066,-0.1072361316,23.62879615,36.09002594,46.77402033,4.645285515,-0.7319607551,0.1511434969,-13.01424688,-14.19623323,-3.785739322,13.77909774,-3.735111055,7.370607555,112.5598012,1.212333612,-0.006147484904,0.008702946783,2.795089641,-2.72400552,-17.67452715,0.838164153,-181153000,0.7708174081,-75826010181,-5.301492019,58.24347246,-6.293190072,-8.320500266,0,-0.252512252,-3.321143656,-0.09328958561,-0.006147484904,0.5410289696
2023-10-25,58.91999817,59.47000122,58.68000031,55.81892014,20654700,54.8628994,57.43179359,60.94076015,-0.2261003184,-0.08381576969,-0.01539029147,FALSE,FALSE,-3.50896656,-0.1042445835,30.59067605,35.42421796,48.68526651,9.469635005,-0.6329058116,0.2001587523,-10.95263058,-11.64346496,-4.051017446,19.56939474,-1.297189013,7.401703916,107.9925335,1.208481145,-0.005845750945,0.007909751726,2.343603774,-2.342619427,-17.67452715,0.7407070044,-160498300,-20.62326343,-75996271676,-5.378361121,65.77496394,-4.822867356,-5.878786617,0,-0.2206751063,-2.908474091,-0.088936785,-0.005845750945,0.8852655882
2023-10-26,59.50999832,60.38999939,59.49000168,56.29857635,23587300,54.91133499,57.37665771,60.8938076,-0.2188968101,-0.08574983501,-0.01547704466,FALSE,FALSE,-3.517149887,-0.100133919,28.40041787,33.80626101,51.5791086,14.57683744,-0.5098228861,0.2585933423,-9.98650804,-11.94204273,-5.128700439,-17.5696429,1.750793829,7.37322093,112.2842437,1.215510562,-0.005691668908,0.007405622289,2.021104555,-2.142029916,-17.67452715,0.8692659059,-136911000,-38.88493039,-76187141861,-5.528926517,64.82939416,-2.898257497,-4.98042795,0,-0.2051936137,-2.68657092,-0.08605592536,-0.005691668908,1.235472866
2023-10-27,59.59999847,59.93999863,58.54999924,55.23580933,20251200,54.90192966,57.3028788,60.83887684,-0.2083872682,-0.08754626907,-0.01556582886,FALSE,FALSE,-3.535998039,-0.09984707155,9.333286741,32.97878321,45.46165518,-1.312365149,-0.4923595833,0.220845316,-11.7251877,-13.47909702,-6.876714098,-53.85648988,-0.33939597,7.471801577,111.9104503,1.204880382,-0.00561956443,0.007348504358,1.868870253,-2.074955282,-17.67452715,0.7499375089,-157162200,-11.44654968,-76303963352,-5.506692825,58.44646586,-3.424604389,-5.306783498,0,-0.1982004482,-2.618133574,-0.08572341779,-0.00561956443,0.2983453831
2023-10-30,58.97999954,59.56999969,58.52999878,55.65903854,14269600,55.04253521,57.23140694,60.78831324,-0.1944624967,-0.08923083873,-0.01565656081,FALSE,FALSE,-3.5569063,-0.09976544318,6.057463446,32.22416635,48.10147397,-0.5837925407,-0.4393046982,0.2191201609,-9.947852434,-12.96755011,-6.906909608,-41.22277614,5.321238199,7.424501649,101.9553179,1.202968631,-0.005202733667,0.006309025891,1.80621123,-1.654941996,-17.67452715,0.5724740579,-142892600,-74.43763917,-76397016448,-5.845372732,56.20916208,-2.66849236,-5.491258063,0,-0.1635242486,-2.160682291,-0.07942937675,-0.005202733667,0.6046799191
2023-10-31,59.41999817,59.75,59,56.13869476,10682300,55.17655716,57.17699181,60.74134226,-0.1766587897,-0.09079239574,-0.01574926879,FALSE,FALSE,-3.564350452,-0.09868879125,1.449267498,31.3185401,50.99641131,-0.5826972846,-0.354467985,0.2431654993,-9.171804665,-11.13728931,-8.611861686,-26.90467352,5.014078662,7.310668216,97.55611553,1.209445026,-0.008714448762,0.008918991299,1.802124473,-1.454142402,-17.67452715,0.4730993738,-132210300,-81.46019834,-76489206271,-6.350630142,53.72897561,-3.468307059,-4.765974076,0,-0.1458887741,-1.9188343,-0.09444041137,-0.008714448762,0.9862401742
2023-11-01,59.77000046,60.72999954,59.18999863,56.77823257,23261500,55.34537773,57.13200882,60.69802826,-0.1551354248,-0.09218327421,-0.01584382504,FALSE,FALSE,-3.56601944,-0.09589200594,19.81674044,29.44605596,54.63029429,9.168639108,-0.2329436921,0.2917518337,-5.994453675,-9.874085923,-6.698780333,-7.093995623,6.322652236,7.353840099,94.39095703,1.217808377,-0.008332448119,0.008009948792,2.309245659,-1.298525896,-17.67452715,1.044636937,-108948800,-21.14371529,-76585326553,-6.345002979,62.94817134,-1.964339334,-4.757198369,0,-0.1232582434,-1.619361965,-0.08949831726,-0.008332448119,1.518000122
2023-11-02,60.5,61.81999969,60.40000153,57.84100342,25550100,55.58285484,57.10361656,60.66788324,-0.1303283386,-0.09334789522,-0.0159393403,TRUE,FALSE,-3.564266682,-0.09095424759,23.91305306,27.92721443,59.94584984,11.84437588,-0.0502982821,0.379517795,-3.112437308,-8.883177931,-5.321020075,16.75737881,8.945962553,7.282062724,94.44697884,1.243205103,-0.007411626803,0.00608113265,3.831041161,-0.9200004598,-17.67452715,1.154139074,-83398700,-9.219754841,-76702965022,-6.187577839,63.80958492,-1.505796067,-7.177104803,0,-0.09324186929,-1.197669988,-0.07798161738,-0.007411626803,2.390916684
2023-11-03,62.56999969,62.65000153,61.84000015,58.17959213,22573600,55.79964142,57.08889984,60.64264673,-0.1031027352,-0.09427178836,-0.01603624785,TRUE,FALSE,-3.553746891,-0.08565212768,21.78778292,27.13285667,61.49371064,10.49729932,0.1203830994,0.4401593412,-2.530050521,-8.933974848,-3.834366234,20.31356672,8.052415737,7.295040521,101.896376,1.245476785,-0.007188376277,0.005697268856,4.265475255,-0.7280202135,-17.67452715,1.046950102,-60825100,-33.80894155,-76929559477,-6.743489732,64.28111028,,-6.597729262,0,-0.07762176037,-0.9947419644,-0.07548025475,-0.007188376277,2.33565786
2023-11-06,61.97000122,62.16999817,61.63999939,58.02910614,19120000,55.98209896,57.06221703,60.6147744,-0.07442671023,-0.09496257445,-0.01613426103,TRUE,FALSE,-3.552557373,-0.07994689337,21.78767253,26.1967227,60.37694058,5.746646287,0.2407313607,0.448406082,-3.235883169,-8.892382323,-4.500276009,17.63110725,6.710470483,7.339316468,107.646216,1.24338482,-0.007343611788,0.005967695677,4.16749627,-0.9002540371,-17.67452715,0.8890912181,-79945100,-5.551329296,-77209209432,-7.102516253,57.54850116,-2.216793298,-5.984795391,0,-0.09159504757,-1.176246546,-0.07725086198,-0.007343611788,1.901606257
2023-11-07,61.72999954,61.81000137,61.15000153,57.60587692,18842300,56.10624561,57.02725624,60.58469404,-0.04524135604,-0.09547395785,-0.01623399938,TRUE,FALSE,-3.557437801,-0.07561905053,22.74774795,24.84634791,57.22908971,-2.716760132,0.2985160568,0.4049526225,-4.150378637,-9.438429609,-5.776150084,10.08691525,4.504354938,7.384065302,111.4660781,1.242802854,-0.007324444351,0.005941833249,4.018253896,-0.8877951689,-17.67452715,0.90103415,-98787400,-38.63882086,-77430413776,-7.276508604,58.33196474,-1.930246782,-5.974713983,0,-0.09055866766,-1.163460504,-0.07708328774,-0.007324444351,1.345370121
2023-11-08,60.99000168,61.00999832,60.11999893,57.18264389,21647800,56.16455631,56.97935272,60.55088972,-0.01683935911,-0.0958433793,-0.01633677703,TRUE,FALSE,-3.571536999,-0.07350959661,24.71386334,23.45469524,54.18663697,-7.307073672,0.3066248952,0.3304491687,-4.558280266,-10.92030498,-4.649235579,2.542655247,2.081914166,7.378782105,113.9932318,1.228994643,-0.007470697165,0.006322914828,3.797462706,-0.7064359217,-17.28096631,1.047783543,-120435200,-18.84215538,-77594954425,-7.402126653,57.81079503,-1.764755523,-7.571370655,0,-0.07551838477,-0.9813336386,-0.07951675816,-0.007470697165,0.8931123032
2023-11-09,60.90999985,61.09999847,59.97000122,56.43024826,16097800,56.22851067,56.92181236,60.51764149,0.009099530672,-0.09607158786,-0.01644302092,FALSE,FALSE,-3.595829124,-0.07210126847,22.06049138,22.28521544,49.18103765,-11.19590293,0.2494635088,0.2186302258,-6.324617946,-11.18323756,-6.556976815,-10.8690301,2.319238687,7.476977031,111.5708117,1.23823836,-0.007828787034,0.006845508277,3.511179888,-1.077240317,-17.28096631,0.8013524297,-136533000,-41.55457044,-77711905984,-7.565076553,58.48652144,-3.638976883,-8.532907344,0,-0.1059189204,-1.366882318,-0.08273758684,-0.007828787034,0.1808157452
2023-11-10,60.27000046,60.49000168,59.91999817,56.73121262,14015100,56.27647648,56.88167313,60.48484158,0.03251878581,-0.09616852374,-0.0165526744,FALSE,FALSE,-3.603168449,-0.07027505725,31.73512958,21.24226344,51.12593131,-6.103158399,0.2258446103,0.1560090619,-5.07525397,-11.20106131,-5.315662273,-33.90919126,1.720071068,7.470954344,111.5665619,1.240487256,-0.007683057985,0.00656747747,3.047545764,-0.914362425,-17.25777549,0.7078395895,-122517900,-29.16085401,-77882731166,-7.668501367,59.68503976,-3.219202851,-8.749574496,0,-0.0927851167,-1.194755477,-0.08103997452,-0.007683057985,0.4075917816
2023-11-13,60.18999863,60.33000183,59.50999832,56.05404663,15579800,56.26189861,56.83396156,60.44865583,0.05257945068,-0.09614582928,-0.01666552657,FALSE,FALSE,-3.614694271,-0.06891523214,7.249914063,20.63058352,46.78720802,-7.399428951,0.1507471086,0.06472924816,-4.660493162,-11.14109445,-10.65815458,-60.09588587,-0.517444648,7.364382841,111.6619236,1.2467017,-0.008028005527,0.007105228959,2.955570876,-1.274001893,-17.25777549,0.7952957499,-138097700,-21.22422563,-78029634882,-7.849536964,52.74305852,-5.248454379,-8.520905921,0,-0.1224062206,-1.569292767,-0.08429252018,-0.008028005527,-0.1861440099
2023-11-14,60.93999863,62.02999878,60.81999969,58.29244614,28659100,56.36676464,56.84893044,60.42508608,0.07083548266,-0.09585700299,-0.01678008765,TRUE,FALSE,-3.576155643,-0.06434177167,26.16911897,19.81747428,59.13303655,9.951998901,0.2687539028,0.1461888339,-1.291879452,-5.499157032,-6.039673588,-5.765837001,3.732210819,7.328442235,120.5004013,1.350914286,-0.006641479388,0.004121396246,2.902944794,-0.2702515553,-17.25777549,1.425904615,-109438600,55.0800316,-78178025329,-7.624678017,54.28851835,-3.312120111,-5.890712187,0,-0.0415099602,-0.4890046944,-0.06419810158,-0.006641479388,1.598070607
2023-11-15,61.81000137,62.68999863,61.65000153,58.11375809,24831400,56.48714962,56.85771339,60.39828012,0.08661828077,-0.09534688825,-0.01689639125,TRUE,FALSE,-3.54056673,-0.05974510524,19.83564195,19.55014957,57.97665817,6.850726854,0.3438923284,0.1770618076,-1.376326483,-5.448374679,-5.199759648,-10.00578624,4.322150318,7.329647253,125.4764843,1.350903574,-0.006726422605,0.004229715327,2.756468462,-0.3861668382,-17.25777549,1.23096615,-134270000,6.282877137,-78371722345,-7.715691321,54.63663902,-4.070764991,-5.875119822,0,-0.05158907107,-0.6078582762,-0.06503626163,-0.006726422605,1.296345268
2023-11-16,62.29999924,62.61999893,62.06999969,58.42411804,17325200,56.65079746,56.8575898,60.37247473,0.100081285,-0.09460808541,-0.01701422788,TRUE,FALSE,-3.51488493,-0.05419356846,37.96191073,19.30191949,59.45956228,12.67235427,0.4236005235,0.2054160022,-1.36498011,-4.656272746,-5.730511761,-2.545210125,5.934520284,7.396442383,128.4433741,1.351740717,-0.006746090367,0.004247087708,2.543552028,-0.3587356644,-17.25777549,0.8639080104,-116944800,-11.9739456,-78618741059,-7.985930517,61.51112512,-4.092229008,-5.180773798,0,-0.04937415489,-0.5813808796,-0.06516968396,-0.006746090367,1.380624413
2023-11-17,62.45999908,62.52999878,61.95000076,58.58400726,11939500,56.85112514,56.85040146,60.34677977,0.1108012714,-0.0935932318,-0.01713319652,TRUE,FALSE,-3.496378307,-0.04891849782,35.95375115,18.94194025,60.23800884,1.104972292,0.4939773034,0.2206342257,-0.4679690767,-4.250739686,-6.312815092,-11.2735201,7.341041739,7.348419132,125.6175325,1.3501631,-0.006603576746,0.004079530976,2.413491954,-0.1913832131,-17.25777549,0.6075987116,-105005300,-40.3692864,-78769261307,-8.14815626,56.78137346,-4.101826827,-5.235347771,0,-0.03448501479,-0.4064334557,-0.06387120615,-0.006603576746,1.379490652
2023-11-20,62,62.34000015,61.27999878,58.40530777,14158300,57.06555996,56.83478798,60.32685207,0.1180095714,-0.09231234021,-0.01725376538,TRUE,FALSE,-3.492064095,-0.04315894493,28.93151675,17.90707174,58.87726367,0.900605499,0.529231205,0.2047105018,-1.053873825,-4.571666701,-4.936135548,-22.41973877,7.924916531,7.32993667,112.3898884,1.346992874,-0.006811783678,0.004363679599,2.141757411,-0.4010466188,-17.25777549,0.7323691729,-119163600,-31.00445406,-78860213352,-8.231080756,52.17639824,-5.58048229,,0,-0.05288539109,-0.6250268084,-0.06605815316,-0.006811783678,1.192053688
2023-11-21,62.04999924,62.36000061,61.65000153,58.52757263,10144200,57.21651058,56.82012711,60.30487141,0.1225788009,-0.09079320855,-0.01737627406,TRUE,FALSE,-3.484744301,-0.03716153905,23.9074459,16.96490408,59.55052261,0.09096032807,0.5605739806,0.1888426219,-1.236982867,-4.038150938,-6.715720609,-30.89388665,5.438823204,7.236930561,110.637712,1.347313097,-0.006797107008,0.004339811968,1.977155867,-0.3567563768,-17.25777549,0.5436468423,-109019400,-57.01100131,-78959581732,-8.396700967,49.88082232,-4.026892421,-5.807993843,0,-0.04923227149,-0.5816753566,-0.06587724925,-0.006797107008,1.185004667
2023-11-22,62.45000076,62.54999924,61.93999863,58.8097229,8959800,57.36605072,56.79692848,60.28443926,0.1252210581,-0.08904562013,-0.01749966484,TRUE,FALSE,-3.487510777,-0.03027617329,14.8201234,16.27640329,61.13197489,0.8939660552,0.6012496926,0.1836146671,-0.1794186422,-2.942214144,-6.686168817,-22.02123755,5.358044831,7.078403958,110.9650435,1.347897521,-0.00684025575,0.004388098325,2.220477189,-0.3360217416,-17.25777549,0.4957068669,-100059600,-56.6210112,-79060497652,-8.476516539,46.51837644,-3.515716548,-5.73173419,0,-0.04768518996,-0.5631484701,-0.06624272281,-0.00684025575,1.301015288
2023-11-24,62.52000046,62.70000076,62.27999878,58.96020508,4899300,57.49913216,56.75920006,60.27004227,0.1267651139,-0.08709580912,-0.01762298,TRUE,FALSE,-3.510842209,-0.02355999694,12.29620051,15.78768999,61.9856258,3.108362133,0.6382705558,0.1765084243,-0.678941703,-1.368128662,-7.238739285,-17.23488472,4.72770165,6.9490377,113.4222917,1.347072535,-0.006708313296,0.004223677444,2.38935195,-0.1967786602,-17.25777549,0.2858335528,-95160300,-79.22907666,-79142847373,-8.622046085,42.30191107,-3.586865473,-4.878955379,0,-0.03547852342,-0.419152059,-0.06498982569,-0.006708313296,1.28817087
2023-11-27,62.74000168,62.91999817,62.29000092,59.05426025,12416600,57.6900547,56.72857719,60.26034168,0.1269967052,-0.08490183114,-0.01774582514,TRUE,FALSE,-3.531764488,-0.0176349076,16.29303676,15.55828799,62.53941527,2.988892662,0.6675047441,0.16459409,-0.50486292,-1.210787995,-8.118275007,-13.36475331,6.912998966,6.934267269,105.1553629,1.341307971,-0.006530815833,0.004035885303,2.467822363,0.02311756736,-17.25777549,0.7413486388,-82743700,-38.68709015,-79282810235,-8.892789018,49.33468959,-2.058079745,-3.496338723,0,-0.01623980881,-0.1926349357,-0.06352861798,-0.006530815833,1.297323801
2023-11-28,62.79999924,63.45000076,62.54999924,59.24236298,14707600,57.86922092,56.7026194,60.24551794,0.1278152322,-0.0824317126,-0.01786757452,TRUE,FALSE,-3.54289854,-0.01192503471,27.01876283,15.86087449,63.67901296,2.547038069,0.6978074763,0.1559174578,-0.5630566025,-0.5110442457,-8.358340502,-6.792771056,6.437991971,6.98638196,99.08040146,1.340057958,-0.006323147105,0.003786854712,2.607779957,0.1863783162,-17.25777549,0.8769889387,-68036100,3.069462354,-79405622965,-8.96990208,57.17684307,-0.7562158799,-3.786785027,0,-0.00200248089,-0.02376850812,-0.0615374253,-0.006323147105,1.385886645
2023-11-29,63.00999832,63.25999832,62.27000046,58.77210617,17903200,58.00089149,56.6738401,60.2264595,0.1283802483,-0.07969382107,-0.01798834221,TRUE,FALSE,-3.5526194,-0.008548687391,26.04022014,15.75792146,58.85831908,-3.127306719,0.6760833479,0.1073546635,-0.9023515982,-2.197627034,-8.140490583,-18.72821557,4.690902449,7.116845825,92.12662196,1.328788938,-0.006340148625,0.003873455725,2.445833363,0.3350564421,-17.25777549,1.045038966,-85939300,67.59686584,-79550038562,-8.933288497,58.01040986,-1.22884913,-6.892324134,0,0.0106150955,0.1270684375,-0.06223709284,-0.006340148625,0.8371246654
2023-11-30,62.66999817,62.84000015,62.24000168,59.02603912,15241800,58.11328182,56.64901085,60.21000292,0.1289693091,-0.07671137138,-0.01810848024,TRUE,FALSE,-3.560992069,-0.004602934659,46.30865815,15.6202301,60.59313644,-1.946278838,0.6716151256,0.08230915294,0.4900810892,-1.043507846,-7.055205824,-12.28322076,3.958923072,7.10444587,90.11483496,1.329531394,-0.006254365079,0.003766646122,2.093368182,0.3756827436,-17.25777549,0.9110119915,-70697500,-34.47628055,-79728569359,-9.393680168,58.08785449,-0.5914867119,-5.963613216,0,0.01441102453,0.1723927937,-0.06137300809,-0.006254365079,1.012882398
2023-12-01,62.79000092,63.54000092,62.38000107,59.75022507,14671400,58.2087429,56.65126793,60.19514608,0.1305094765,-0.07349534371,-0.01822595874,TRUE,FALSE,-3.543878155,0.001735734529,50.07789315,16.19768174,65.11139466,1.432381694,0.7182304668,0.1031395954,2.242656905,-0.860052093,-8.206740672,5.960957593,3.300810042,7.07263688,96.93321061,1.328232092,-0.006103922191,0.003596793725,2.39290819,0.3594438224,-17.25777549,0.9063866671,-56026100,-42.57791555,-79809762311,-9.596765272,64.7756231,1.456324962,-4.883840702,0,0.01338700458,0.16029151,-0.05997327509,-0.006103922191,1.590251837
2023-12-04,63.22999954,63.81000137,62.95999908,59.51509857,15257900,58.27551823,56.65107971,60.18150227,0.1324778191,-0.07007304401,-0.01834044989,TRUE,FALSE,-3.530422554,0.008485306498,61.95281367,16.98150236,62.60169677,3.743377691,0.7278109657,0.09017607539,3.425371806,-1.718046197,-8.491112071,-43.64215353,2.295489518,7.155905317,101.2267553,1.324868936,-0.006286503712,0.003837383825,1.733118204,0.106398699,-17.25777549,0.9644138562,-71284000,-32.40821136,-79948695049,-9.541601987,71.94266597,1.985876111,-6.156480243,0,-0.008443701457,-0.1014039865,-0.06194662077,-0.006286503712,1.224558014
2023-12-05,63.34000015,63.34999847,62.58000183,59.09187698,11268300,58.32865677,56.64412003,60.16238899,0.1343630693,-0.06645857866,-0.01845243493,TRUE,FALSE,-3.518268967,0.01492041853,21.19710232,17.12408084,58.24950884,-2.343627593,0.6932616462,0.04450140473,2.457349677,-2.342309708,-8.706928407,-86.48693882,1.83144445,6.948352311,102.6446989,1.32723941,-0.006507214042,0.004097815537,1.632553935,-0.1175782052,-17.25777549,0.73036468,-82552300,-41.06537657,-80062055319,-9.245484562,63.64504724,-0.04392389981,-6.263404784,0,-0.02789672902,-0.3345424926,-0.06401418231,-0.006507214042,0.743555413
2023-12-06,63.11000061,63.68999863,63.02000046,59.88189697,13408900,58.44245777,56.68851173,60.15310575,0.1363056001,-0.06258795313,-0.01856237881,TRUE,FALSE,-3.464594021,0.02278237402,40.34315974,17.59476322,63.36898411,-1.742410545,0.721314211,0.05804317563,2.484326068,-2.688814081,-6.962486709,-55.26088432,3.951020576,6.880607289,106.7446685,1.338255429,-0.006384292289,0.003875641711,1.649390823,0.1227732309,-17.25777549,0.8846875794,-69143400,-28.83618242,-80201072073,-9.140074809,61.45025182,0.2423019455,-6.417452781,0,-0.007252474861,-0.0862113606,-0.06225465213,-0.006384292289,1.348488147
2023-12-07,63.75999832,63.99000168,63.24000168,59.75022507,10938300,58.57083683,56.75246597,60.14435848,0.1374897116,-0.05845811239,-0.01866989122,TRUE,FALSE,-3.391892509,0.03159570771,31.54348775,18.3185621,62.00432073,-0.5973760425,0.7245688695,0.04903826729,1.368771585,-3.324442953,-7.741781694,-56.44915408,4.490140718,6.848174827,106.2343653,1.329727742,-0.006678991479,0.004299223105,1.516782159,-0.1582516812,-17.25777549,0.7481136092,-80081700,-49.47153983,-80313802969,-9.297640386,60.11213374,-1.1768006,-7.088045763,0,-0.03180713128,-0.3807659541,-0.06556846121,-0.006678991479,1.110175821
2023-12-08,63.43000031,63.70000076,62.93999863,59.63737106,12001400,58.73119297,56.8386161,60.13665474,0.1383559639,-0.05412234833,-0.01877545269,TRUE,FALSE,-3.298038635,0.04172262227,25.33937025,18.50136944,60.79586329,2.54635445,0.7098590219,0.02746273575,0.7626625417,-2.940201384,-7.486455165,-60.61350401,5.683339878,6.842436948,95.92760623,1.316020926,-0.007205205731,0.005110670592,1.406054499,-0.491867324,-17.25777549,0.8324850491,-92083100,-25.44695548,-80430109745,-9.427500089,60.0199146,-1.47561076,-7.213043964,0,-0.06083653324,-0.7365903054,-0.07148895433,-0.007205205731,0.9446478742
2023-12-11,63.08000183,63.90000153,63.08000183,60.02297211,11224400,58.89578094,56.93059723,60.13078705,0.1385673957,-0.04963832344,-0.01887842576,TRUE,FALSE,-3.200189819,0.05210611863,37.0690145,18.88065699,63.41928161,0.05029749833,0.7210048483,0.03088684968,1.28644596,-2.135744339,-7.48985512,-69.53116722,5.80237816,6.85877051,87.69261087,1.317745885,-0.007000663211,0.004809343503,1.434983725,-0.2752078479,-17.25777549,0.7861974866,-80858700,-19.91209481,-80525025211,-9.25379057,67.46535723,-0.9161224739,-6.438764149,0,-0.04225027945,-0.5106653882,-0.06934943044,-0.007000663211,1.285388987
2023-12-12,63.90999985,63.93999863,63.06999969,59.7784462,10884100,59.08200092,57.0692276,60.12576389,0.1372701325,-0.04509189229,-0.01897842205,TRUE,FALSE,-3.056536293,0.06204348101,27.8827782,19.27596297,60.64773856,-1.356582166,0.7020144135,0.009517131908,-0.3188410683,-2.519716035,-7.385442198,-105.4414249,6.644300975,6.882325856,59.03199415,1.318735406,-0.007047092262,0.004866955271,1.275804876,-0.3417829642,-17.25777549,0.7751084512,-91742800,-30.13966803,-80618267108,-9.217439729,61.34009966,-1.728147629,-6.041907114,0,-0.04794136473,-0.5790700153,-0.06976356693,-0.007047092262,1.179775958
2023-12-13,63.63000107,65.95999908,63.29000092,62.03565216,21726000,59.26916122,57.24077553,60.13735542,0.1360616119,-0.04040191903,-0.01907412365,TRUE,TRUE,-2.896579895,0.07516558033,49.92738119,21.26873509,72.56614398,11.77028069,0.8591977176,0.1333603488,1.954136082,1.222189731,-6.037435091,-5.493270439,6.42142554,6.880512441,85.90433583,1.404376061,-0.005678802263,0.002779062417,4.106579244,0.492860907,-17.25777549,1.586374383,-70016800,-24.19161802,-80660406591,-9.062841855,64.13715861,0.2628925904,-3.898444347,0,0.02790905607,0.3155873678,-0.05271681342,-0.005678802263,3.220432251
2023-12-14,66.36000061,66.69999695,64.97000122,61.22681046,32484100,59.42481384,57.39727531,60.14981792,0.1346130094,-0.03564820953,-0.01916570399,TRUE,TRUE,-2.75254261,0.08695596132,31.83612388,23.51981137,64.97242429,1.553142682,0.9080326179,0.1457561993,1.058682416,-1.172118025,-7.543320632,-22.71731609,5.35682508,7.061712389,91.86383999,1.415345322,-0.006009089238,0.00306552721,3.902550499,0.2277915328,-17.25777549,2.307434677,-102500900,30.81864091,-80833462348,-8.743207061,68.93444223,-1.211877911,-6.922035504,0,0.003748430086,0.0420700453,-0.05536720338,-0.006009089238,1.961595131
2023-12-15,64.44999695,64.77999878,63.5,60.16405487,26564500,59.51181068,57.53872719,60.15140837,0.1325735921,-0.03091640015,-0.01925456998,TRUE,TRUE,-2.612681179,0.09588279205,13.72098288,23.59001487,56.59260347,-4.055135091,0.8511674064,0.07111279021,-0.6214011311,-3.407024388,-9.035495063,-46.54594192,2.978113983,7.138179218,90.11031219,1.427042997,-0.00612481621,0.003132733591,3.772302478,0.09795835798,-17.25777549,1.826997011,-129065400,53.3286773,-80998492159,-8.18347446,59.2166419,-2.186749834,-8.098433367,0,-0.00805141355,-0.08962687377,-0.05597082804,-0.00612481621,0.7238285725
2023-12-18,63.54999924,63.90999985,63.09999847,60.02828979,16253500,59.58402481,57.66241577,60.14722095,0.1304265983,-0.0261903223,-0.01934099878,TRUE,FALSE,-2.484805183,0.1043664978,9.780117536,23.19763346,55.60594636,-16.96019763,0.7860847143,0.004824078502,-0.3035674609,-2.481301649,-8.126834494,-49.59000514,2.465318778,7.077003375,88.04718762,1.427143251,-0.006144338118,0.003153120209,3.678312964,0.09120120034,-17.25777549,1.101508029,-145318900,36.13216634,-81138019566,-8.026598093,52.46802601,-3.719238541,-8.932841308,0,-0.008629945909,-0.0960617926,-0.05615265095,-0.006144338118,0.5045760076
2023-12-19,63.45000076,63.66999817,63.18000031,60.37006378,12688900,59.68226261,57.78221794,60.14327253,0.128959191,-0.02147486896,-0.01942525377,TRUE,TRUE,-2.361054592,0.1132390219,20.20817223,22.83327928,57.60954301,-7.362881279,0.7533997925,-0.02228867463,0.1701778696,-2.707569409,-6.004377848,-41.92690314,3.364002497,6.992459348,85.11556807,1.428693723,-0.00596561019,0.002966122187,3.473911483,0.2228740813,-17.25777549,0.8642363786,-132630000,-10.37836463,-81296239727,-8.29584366,59.24372817,-4.297406732,-10.45711721,0,0.003805909753,0.04230800027,-0.05446211699,-0.00596561019,0.8080791633
2023-12-20,63.50999832,63.68999863,62.29000092,59.14537811,18325900,59.71315289,57.86266663,60.1382077,0.1263816129,-0.01685480283,-0.01950780551,TRUE,FALSE,-2.275541077,0.117039376,1.344174727,21.50623325,49.06435029,-7.528253183,0.6215104723,-0.1233423959,-0.8249742429,-3.944728746,-7.543535996,-71.30670367,1.055580222,7.046918371,81.75929273,1.399252113,-0.00592973018,0.003055993836,3.455051249,0.4094371488,-17.25777549,1.214335814,-150955900,80.65396976,-81396891537,-8.075217551,58.4319623,-6.380654664,-11.11716441,0,0.02016972807,0.2289731849,-0.05528104409,-0.00592973018,-0.6944467763
2023-12-21,62.50999832,62.84000015,61.97000122,59.24981308,15876800,59.73515739,57.92733429,60.1313682,0.1227251958,-0.01230805912,-0.01958849513,TRUE,FALSE,-2.204033909,0.1190475053,-6.059368695,19.98946572,49.74885956,-5.857086798,0.5194266379,-0.1803409842,-0.4614844418,-2.339816563,-7.406901568,-57.50931497,0.7483289459,6.935721877,79.76782021,1.37502802,-0.005691902302,0.002916427295,3.522554847,0.8209560562,-17.25777549,1.028480331,-135079100,77.20038394,-81512050949,-7.940436193,51.82766427,-7.032686642,-11.20280556,0,0.05630048507,0.6502604816,-0.05400395629,-0.005691902302,-0.6084462547
2023-12-22,62.63999939,63.24000168,62.5,59.44917679,13223700,59.75960598,58.0132946,60.12796022,0.1179567635,-0.007844251998,-0.01966732975,TRUE,FALSE,-2.114665623,0.1191602828,-0.8017027775,18.93772145,51.09985077,-6.509692242,0.4494306915,-0.2002695444,0.01567212729,-2.966172375,-8.371413318,-53.2944336,0.8293249821,6.904101821,77.99729724,1.343230613,-0.005080337137,0.002433525887,3.531413201,1.332507903,-17.25777549,0.8341257519,-121855400,169.9099871,-81634309999,-7.857835311,51.38284069,-6.881765116,-11.35523524,0,0.09957892125,1.176888505,-0.04933078032,-0.005080337137,-0.3979999341
2023-12-26,62.52000046,63.24000168,62.5,59.80993652,9537500,59.79738979,58.0940554,60.13108747,0.1133434578,-0.00339725303,-0.01974465642,TRUE,FALSE,-2.03703207,0.1197949646,8.799469699,17.96110178,53.53427338,4.469923091,0.4182473997,-0.185162269,3.724486431,-2.407073532,-7.250626431,-45.667371,1.279630405,6.857194173,76.21046742,1.344641827,-0.005087477038,0.004776956219,3.432479232,1.417065968,-17.25777549,0.607120191,-112317900,-23.18750705,-81713189180,-7.735424007,55.95025292,103.7244864,97.59292647,,0.09836643499,1.162585759,-0.06911552806,-0.005087477038,0.01646326347
2023-12-27,62.88000107,63.08000183,62.63999939,59.77196503,9492200,59.8238699,58.16258263,60.12947718,0.1087684547,0.001049881033,-0.01982152783,TRUE,FALSE,-1.96689455,0.1157558859,-1.483920334,17.05424065,53.23387457,3.485015011,0.3860206283,-0.1739112323,5.692853821,-1.00727204,-8.250683661,-46.47015178,0.8939583504,6.702845244,75.09234627,1.189386931,-0.004714607465,0.00525651289,3.445583656,2.622205205,-17.25777549,0.6144359633,-121810100,-35.4605782,-81846425947,-7.899734157,50.92684669,-3.874923525,-8.878585539,0,0.1816168232,2.409449541,-0.07250181301,-0.004714607465,-0.06912138408
2023-12-28,62.75999832,63.5,62.75999832,60.19917679,8673200,59.89522343,58.24266365,60.12605242,0.1043524749,0.005504399532,-0.01989763099,TRUE,TRUE,-1.883388767,0.1130684725,5.827703205,16.66905572,56.21102796,5.111177191,0.3904522086,-0.1355837216,8.800513665,-0.29973536,-8.164732391,-37.43818249,2.428142721,6.610180885,71.25438746,1.184797726,-0.004753157653,0.005386781951,3.395376042,2.533647699,-17.25777549,0.5787094803,-113136900,-51.55502927,-81915127436,-7.89039428,50.41603932,0.5287555032,-7.268039652,0,0.1739152618,2.316712003,-0.07339469975,-0.004753157653,0.4265749413
2023-12-29,63.27000046,63.45999908,62.90999985,60.12322998,11239000,59.95008297,58.33100708,60.11811361,0.09964616761,0.009933677419,-0.01997319508,TRUE,TRUE,-1.787106533,0.1097863045,6.337144128,16.311384,55.53419529,1.999921915,0.3834162118,-0.1140957747,8.478856184,-1.521083223,-7.398063772,-39.0438247,1.858825144,6.536680617,68.37578418,1.184892182,-0.004757520384,0.00539593662,3.337641219,2.528847829,-17.25777549,0.7600595117,-124375900,-26.26199005,-82040259345,-7.816629427,55.70208348,-0.2153323684,-7.434762242,0,0.173549911,2.311677298,-0.07345703928,-0.004757520384,0.2532285558
2024-01-02,63.06000137,64.40000153,62.93000031,60.99664688,15379300,60.01240406,58.44791679,60.11247477,0.09457533485,0.0143546798,-0.0200483754,TRUE,TRUE,-1.664557972,0.1070364183,11.94010371,16.92023172,61.30471101,8.07083644,0.4432085459,-0.04344275256,15.42136809,-0.8329953841,-6.725961463,-20.57833444,2.086053756,6.444737209,72.04035934,1.191107368,-0.004407012583,0.004576335018,3.25397483,2.967430794,-17.25777549,1.037571863,-108996600,4.825033739,-82096092520,-7.712418297,56.54746688,5.063365834,,0,0.2097057266,2.776279837,-0.06764861431,-0.004407012583,1.366238078
2024-01-03,64.23000336,64.61000061,63.79000092,61.2244873,16433200,60.0978735,58.58085747,60.11096096,0.08906756881,0.01876543173,-0.02012233567,TRUE,TRUE,-1.530103493,0.1054959954,17.76905585,17.67154446,62.66580808,6.454780122,0.5031788864,0.01322207041,14.52765607,-1.582147708,-5.474522886,-15.76140781,2.8721934,6.38532531,75.86823051,1.181182464,-0.004614941223,0.005105352091,3.124872059,2.758596453,-17.25777549,1.104295633,-92563400,7.702894894,-82215354046,-7.615867974,62.3885044,3.316657436,-7.341112324,0,0.1909782093,2.55110738,-0.07145174659,-0.004614941223,1.484961228
2024-01-04,64.55999756,64.90000153,64.20999908,61.03461456,13311200,60.19501038,58.71921753,60.10609156,0.08304611823,0.02311710227,-0.0201951696,TRUE,TRUE,-1.386874027,0.1041427919,-16.48981828,18.62308502,60.74810971,5.213914419,0.5292834202,0.03146128332,14.2931332,-0.6808882137,-5.767670485,-19.7756343,3.287655899,6.111908707,74.73856658,1.178697041,-0.001291047078,0.0002046669319,2.009309108,2.471314328,-17.25777549,0.8884021249,-105874600,18.12962026,-82351181272,-7.638921963,60.90659224,2.992001942,-8.322619733,0,0.1817286123,2.42738715,-0.01430618509,-0.001291047078,1.123388132
2024-01-05,64.19999695,64.83999634,63.90999985,61.26246262,13595200,60.26403866,58.83429558,60.10860847,0.07700109711,0.02742134206,-0.02026708239,TRUE,TRUE,-1.274312897,0.1040526064,0.6494436021,19.02246106,62.24136256,0.9366515506,0.5618798834,0.05124619721,15.39042485,0.4216693024,-6.266797702,-24.14807273,2.30548081,5.989026991,77.99877713,1.168965884,-0.001255317246,0.0001934779823,2.056924516,2.267142825,-17.25777549,0.9067928087,-92279400,1.389375713,-82442182782,-7.474046261,50.19451039,4.427455888,-7.451702447,0,0.1850376335,2.492612344,-0.01390963631,-0.001255317246,1.280050784
2024-01-08,64.38999939,65.01999664,64.19000244,61.70866013,11717200,60.36196041,58.95209038,60.11932585,0.07164277658,0.03172804149,-0.02033755756,TRUE,TRUE,-1.16723547,0.1058670963,31.69663651,19.56846191,65.0457575,2.379949418,0.6166093367,0.08478052043,14.60667829,1.588075617,-3.495035051,-8.568573351,3.277703233,5.969375344,83.32053177,1.155962005,-0.001489497515,0.0002785076581,2.594274591,2.088358984,-17.25777549,0.7795063255,-80562200,7.120850589,-82523959228,-7.351717069,60.62048007,3.447521605,-7.174546105,0,0.1695379144,2.309521977,-0.01668854871,-0.001489497515,1.61628795
2024-01-09,64.66000366,64.76000214,64.33000183,61.20550156,14402700,60.44036694,59.05022888,60.13058159,0.06724306938,0.03598462151,-0.02040726862,TRUE,TRUE,-1.080352707,0.105073856,22.46380557,20.0754627,59.66430102,-1.083808694,0.6123236455,0.06439586336,12.55158491,-0.4783530646,-6.169303574,-25.06560038,2.629442689,5.937386269,83.52110104,1.141391152,-0.001443922776,0.0002684864037,2.499619638,2.284068999,-17.25777549,0.9505709947,-94964900,20.00849901,-82747669873,-7.647890452,61.14650014,,-8.484249033,0,0.1819750387,2.510697686,-0.01638555473,-0.001443922776,0.9160973827
2024-01-10,64.47000122,64.76000214,64.23000336,61.19601059,10926900,60.49901886,59.16943291,60.13258112,0.0637098179,0.04018027141,-0.02047659107,TRUE,TRUE,-0.9631482124,0.1049807046,16.8278987,20.36148496,59.56419587,-2.677166689,0.6012307488,0.04264237333,11.017312,-1.922091785,-6.813851075,-25.37678009,1.954315892,5.928128128,84.54817727,1.134859079,-0.001599341223,0.0003331967068,2.44157475,2.031203645,-17.25777549,0.7218786325,-105891800,-2.650475749,-82883699460,-7.791214988,54.73024736,1.839443724,-9.036177078,0,0.162402978,2.253508959,-0.01825367653,-0.001599341223,0.8243722718
2024-01-11,64.25,64.26000214,62.75999832,59.77196503,22176800,60.4986948,59.25169144,60.12709028,0.06070136837,0.04421517676,-0.02054564514,TRUE,FALSE,-0.8753988457,0.1032240146,12.26783458,19.35237762,46.86011359,-18.18564391,0.4720890241,-0.06919948104,6.704345729,-4.53271034,-9.007770035,-72.06686862,-0.01084198581,6.038777964,84.57736833,1.17341088,-0.002117279912,0.0005457836986,2.330748797,1.207844099,-17.25777549,1.412409984,-128068600,103.7541,-82994229391,-7.566088999,53.55566153,-1.120866684,-10.0014364,0,0.1046769553,1.404704919,-0.02336201401,-0.002117279912,-0.8592485068
2024-01-12,63.38000107,63.58000183,63.06999969,60.11373138,9768700,60.40259876,59.33119217,60.12247534,0.05714491421,0.04810985619,-0.0206130078,TRUE,FALSE,-0.7912831688,0.1015821429,16.16344225,18.41534937,49.63640377,-10.02789725,0.3927930915,-0.118796331,8.998124578,-3.61342009,-9.223874389,-94.69332518,-3.09809071,6.017921736,76.75181904,1.173898054,-0.001959295364,0.0004669876019,2.18528499,1.396403569,-17.25777549,0.6467827875,-118299900,-55.03682224,-83117248198,-8.133338433,55.29301383,0.2101451837,-9.278548188,0,0.1191386499,1.598094968,-0.02160989592,-0.001959295364,-0.376365514
2024-01-16,63.00999832,63.18000031,62.47999954,59.45867157,15227000,60.31419182,59.38480095,60.11014259,0.05307875927,0.05181362552,-0.02067880843,TRUE,FALSE,-0.7253416443,0.0978197146,0.1636865715,18.22913562,44.80466144,-14.75953444,0.2739348902,-0.1901236258,6.610453379,-3.552815527,-9.598477456,-118.9500559,-2.887850718,5.973229726,76.9413897,1.177368934,-0.002094351071,0.0005305310838,2.183446611,1.342984186,-17.25777549,1.069261488,-133526900,-53.1247595,-83263920086,-8.533509091,47.53719016,-2.267031077,-9.2944161,0,0.1152440129,1.54133057,-0.02303326038,-0.002094351071,-1.111911614
2024-01-17,62.27000046,62.84000015,61.25,58.59474945,19589000,60.23572655,59.39987587,60.09214836,0.04792789574,0.05526697861,-0.02074146718,FALSE,FALSE,-0.6922724915,0.09149198021,-19.27721196,19.17773626,39.36257674,-7.497536856,0.1087737385,-0.284227822,3.991696513,-4.214938511,-10.58726517,-70.43111177,-2.608377084,6.011380442,86.01946576,1.186124553,-0.002052984518,0.0005022227328,2.431054315,1.231163611,-17.25777549,1.410102797,-153115900,-26.25872875,-83348935121,-8.459763634,40.23700291,-2.725860015,-8.126265113,0,0.1075459521,1.427707508,-0.02241032648,-0.002052984518,-1.907681107
2024-01-18,61.40999985,61.47000122,60.70999908,57.96817017,19732000,60.13272057,59.39564743,60.06875368,0.04135714595,0.05845381237,-0.02080024898,FALSE,FALSE,-0.6731062508,0.08297331731,-26.17094405,20.45498702,35.9518318,-13.68457197,-0.07184914369,-0.3718805633,3.155157263,-6.197678351,-11.41923036,-63.61555618,-3.431914579,6.027708537,99.85605277,1.186607784,-0.002228936768,0.0005917096033,2.798375194,1.224174314,-17.25777549,1.402833251,-172847900,21.40154428,-83511039795,-8.435413754,38.32814052,-3.473610962,-9.868810655,0,0.1068321779,1.417716185,-0.02432508177,-0.002228936768,-2.167670702
2024-01-19,61.11999893,61.22000122,60.59000015,57.89221954,14128800,60.00882835,59.3929097,60.04710793,0.0337425242,0.06134732236,-0.02085544657,FALSE,FALSE,-0.6541982269,0.07336063136,-35.26866658,21.72652607,35.54972451,-9.254936926,-0.2186027433,-0.4149073303,3.924458309,-8.001111545,-9.359302339,-60.89803039,-4.104425411,5.976861491,111.4541842,1.180467792,-0.002166270442,0.000564980239,3.183646155,1.390425274,-17.25777549,0.9993623484,-186976700,11.34771336,-83646172843,-8.310807279,33.24123493,-4.851005177,-12.6239299,0,0.1190589337,1.588212294,-0.02376931297,-0.002166270442,-1.899084207
2024-01-22,60.95999908,61.40999985,60.40999985,57.59791565,20838100,59.93145523,59.39275047,60.02241732,0.02501923697,0.06393100342,-0.02090635464,FALSE,FALSE,-0.6296668434,0.0654149008,-37.35974491,22.59698602,33.96448351,-5.398093226,-0.3545666691,-0.4406970049,4.436451387,-9.819172454,-8.902823371,-60.99969962,-2.616370903,6.039267012,122.5799172,1.138211454,-0.002552453474,0.000843612538,3.582433495,0.7259901224,-17.18520916,1.460946442,-207814800,13.70846725,-83784207927,-8.368664572,26.69814466,-4.932076916,-13.77379248,0,0.06627116281,0.9169023053,-0.02904500883,-0.002552453474,-1.903688332
2024-01-23,60.68999863,60.97000122,60.41999817,57.7023468,20550100,59.85408192,59.40314453,59.99015078,0.01520978211,0.06619464803,-0.02095240515,FALSE,FALSE,-0.5870062447,0.05805029513,-54.99237438,23.40527026,35.07089636,-0.8809354481,-0.4487197763,-0.4278800897,5.725611918,-9.417487153,-9.278136085,-58.73438021,-2.611765671,5.916347743,131.6567394,1.136491768,-0.002597914533,0.0008767293884,3.968557609,0.6391344821,-17.18520916,1.41753276,-187264700,29.43477275,-84007840563,-8.607898599,19.15345477,-5.441528183,-13.59398506,0,0.05982380085,0.8289566111,-0.02960961649,-0.002597914533,-1.634352426
2024-01-24,61.20000076,61.29999924,59.86000061,56.91437531,25439100,59.72734184,59.41282707,59.95167688,0.003796951179,0.0681073828,-0.02099492583,FALSE,FALSE,-0.5388498116,0.05010224565,-65.79722805,24.61359637,30.86830184,-4.68142267,-0.5802309652,-0.4475130229,5.169879909,-10.81123734,-10.54286001,-57.08580562,-4.263812588,5.996288202,147.0594406,1.146278688,-0.002915489231,0.001085436437,4.474032539,0.1201463913,-17.18520916,1.683832124,-212703800,92.37505388,-84137354841,-8.283915929,11.19863911,-6.445951313,-15.3184684,0,0.0216589463,0.2975728288,-0.03294596238,-0.002915489231,-1.912809219
2024-01-25,60.75,61.04000092,60.18000031,57.93969345,25258400,59.63382969,59.43699669,59.91897743,-0.008306663628,0.06973945398,-0.02103352615,FALSE,FALSE,-0.4819807434,0.04199952499,-41.90228627,25.73561347,40.80786793,6.843384417,-0.5948627173,-0.36971582,4.379744786,-9.20449289,-9.389248215,-37.21528364,-3.12697719,5.945666226,152.3574134,1.140898115,-0.002454969914,0.0007772695501,4.753556211,0.9762513243,-15.69382071,1.589187805,-187445400,164.8325033,-84294209814,-8.119529574,15.17181325,-8.004943157,-14.03574212,0,0.08492811965,1.172265683,-0.02787955434,-0.002454969914,-1.111948674
2024-01-26,61.18999863,61.43999863,61.00999832,58.11057663,18326600,59.55076027,59.47812729,59.88685465,-0.02093292251,0.07110604917,-0.02106905976,FALSE,FALSE,-0.4087273598,0.03474402082,-43.00521425,26.03216327,42.29693559,7.226039235,-0.5859155719,-0.2886149397,4.105519219,-7.29677371,-7.877816519,-33.90359158,-2.779544551,5.890682554,156.0490689,1.137753841,-0.002568443331,0.0008552879813,4.9987361,0.8693547987,-15.54296614,1.121879328,-169118800,93.07009966,-84559682944,-8.304723561,22.23390458,-8.504520679,-13.0040848,0,0.07674706269,1.06229602,-0.029245307,-0.002568443331,-0.9229043466
2024-01-29,61.25,61.84000015,60.88999939,58.48082352,13027200,59.46484261,59.48189484,59.85690704,-0.03324925071,0.07226422616,-0.02110198417,FALSE,FALSE,-0.375012207,0.028772221,-44.50268334,25.61964232,45.49622701,14.62792517,-0.5426932354,-0.1963140825,3.8762031,-6.497402275,-7.600380124,-28.14646253,-2.854446461,5.849954738,157.0185648,1.135498992,-0.00258039984,0.0008668236922,4.494463337,0.818740663,-15.54296614,0.7869838839,-156091600,50.200618,-84638783387,-8.226914989,22.44558638,-9.798881185,-12.11491178,0,0.07294031907,1.011609049,-0.02944186971,-0.00258039984,-0.6266896467
2024-01-30,61.45000076,61.95000076,61.04999924,58.4618454,18054500,59.38177338,59.48885658,59.82681835,-0.04523888968,0.07320742728,-0.02113263557,FALSE,FALSE,-0.3379617691,0.02372311748,-40.53297972,25.05202347,45.3574078,4.549539868,-0.5041589671,-0.1262238514,5.840479412,-6.569515457,-7.630365526,-28.53377096,-2.76329895,5.902904804,157.7451241,1.126919632,-0.00288021856,0.001095933119,4.637855216,0.5498941542,-14.49763684,1.068686701,-174146100,60.64151615,-84760677319,-8.051384725,29.31300139,-8.891634211,-11.77819441,0,0.05258778385,0.7349530774,-0.0331048806,-0.00288021856,-0.5831736379
2024-01-31,62.09000015,62.36000061,61.09999847,58.33842468,29821200,59.24886227,59.48714272,59.79972202,-0.05728864067,0.07389360227,-0.02116087766,FALSE,FALSE,-0.3125793076,0.0201794314,-41.51731553,23.85759167,44.40842327,2.111487678,-0.478068427,-0.08010664899,4.813928176,-5.612806729,-7.408727952,-34.58125909,-4.357980864,5.95746947,154.5896924,1.101803752,-0.003767264325,0.00195695793,3.20777983,0.0622627962,-14.49763684,1.692828673,-203967300,93.90479411,-84921218050,-8.018546374,38.32201718,-8.111527642,-10.318012,0,0.01569046012,0.2243709614,-0.04423751722,-0.003767264325,-0.5889380913
2024-02-01,61.18999863,62.61999893,60.90999985,59.44917679,25753600,59.16009674,59.50444611,59.77642099,-0.06810877004,0.07435034893,-0.02118586466,FALSE,FALSE,-0.2719748878,0.0190028874,-4.913374177,22.35048896,53.78075266,8.284525648,-0.3635720417,0.027511789,5.896970065,-3.815693176,-6.342300649,-11.04364751,-2.899673961,5.992453092,147.5868949,1.126149557,-0.003543445973,0.001657021766,3.217772197,0.3707062343,-13.14731667,1.424250292,-178213700,56.7168902,-84990973373,-7.674998131,47.33343291,-7.261234558,-10.51992231,0,0.03836210208,0.5366456994,-0.04070653223,-0.003543445973,0.1958710817
2024-02-02,61.90999985,62.09000015,61.06000137,58.37639999,25919800,59.02718601,59.50386795,59.74942194,-0.07788369329,0.07451260788,-0.02120888009,FALSE,FALSE,-0.2455539894,0.01574207983,-23.7971227,20.95103645,45.7570712,0.3996634055,-0.3553012615,0.02862605539,2.81475373,-3.348429053,-8.191839711,-44.68676966,-4.355257403,5.959757102,141.6679815,1.150567483,-0.003789321005,0.001815406021,2.333161048,0.007363264488,-13.14731667,1.385148919,-204133500,94.72173809,-85151958209,-7.48364792,44.74856274,-9.028894268,-10.68465015,0,0.01179173738,0.1614606066,-0.04260758173,-0.003789321005,-0.4593741025
2024-02-05,60.88999939,60.93000031,60.18000031,57.16121292,19947500,58.82212353,59.47654076,59.71389439,-0.08774203351,0.07431832917,-0.02123195787,FALSE,FALSE,-0.2373536301,0.009752525188,-29.22707061,20.81832368,38.71165032,-5.696772954,-0.4417102883,-0.04622637717,-1.175274384,-4.251132014,-10.29735997,-90.56335919,-6.694555719,6.022392252,137.2225121,1.178333457,-0.003856681526,0.001792805238,2.537288423,-0.2964469852,-13.14731667,1.048199026,-224081000,46.72457926,-85332485072,-7.593964272,44.13175756,-8.583075775,-9.933275372,0,-0.01124980319,-0.1504054236,-0.04234153089,-0.003856681526,-1.210377642
2024-02-06,60.18000031,60.63000107,59.99000168,57.3700676,13778500,58.6051939,59.44774765,59.67950369,-0.09698494201,0.07374437125,-0.02125322321,FALSE,FALSE,-0.2317560387,0.003412721554,-16.99612318,20.91232705,40.40992677,-13.37082589,-0.487715161,-0.07378499991,-1.391423533,-3.886270335,-8.047300137,-90.21501914,-7.030767676,6.011356992,122.7154121,1.175359634,-0.003679346412,0.0016403452,2.676551931,-0.0495668017,-13.14731667,0.7201309757,-210302500,17.59208685,-85459072311,-7.670159479,45.08093054,-8.346699058,,0,0.007709558588,0.1033282358,-0.04050117529,-0.003679346412,-1.006496481
2024-02-07,60.66999817,60.79999924,60.15000153,57.40804672,11874300,58.41532116,59.41670448,59.6443774,-0.1050605664,0.07275039398,-0.02127307527,FALSE,FALSE,-0.2276729202,-0.004150483369,-8.464846211,20.69467791,40.73154415,-5.025527049,-0.5151711833,-0.08099281776,-1.070255013,-4.271505981,-8.765630123,-88.83896301,-6.204433813,6.076394791,108.9731155,1.162363909,-0.003404819298,0.001436178333,2.750027685,0.2644419568,-13.14731667,0.6247361156,-198428200,-17.55504176,-85571127868,-7.427453324,50.51170276,-8.483077674,-10.58969544,0,0.03154428052,0.4274702134,-0.03789694359,-0.003404819298,-0.9243329717
2024-02-08,60.20000076,60.33000183,59.52000046,56.99981689,20877700,58.20551147,59.37561562,59.60559025,-0.1121622073,0.07132951973,-0.0212917086,FALSE,FALSE,-0.2299746323,-0.01192714567,-12.84155795,21.21081067,38.33645334,-0.3751969729,-0.5633767576,-0.1033587136,-1.052080205,-5.15879353,-9.374715889,-81.29628399,-6.856972627,6.078575654,91.63365951,1.164426136,-0.003619524323,0.001617027814,2.878408088,-0.01878204451,-13.14731667,1.070407284,-219305900,91.06699979,-85721920499,-7.275831328,49.39314495,-9.255226031,-10.95968685,0,0.01009532869,0.1365730427,-0.04021228436,-0.003619524323,-1.315776961
2024-02-09,59.86999893,60.33000183,59.75,57.2181778,14823900,58.07782211,59.33513191,59.56821888,-0.1176442153,0.06949560223,-0.02130873547,FALSE,FALSE,-0.2330869675,-0.02050850485,-5.524753332,21.6900768,40.35671442,-0.05321234814,-0.5773053066,-0.09382981007,0.06214106696,-4.498971763,-7.473245902,-74.2523805,-4.272550234,6.031959522,86.29430047,1.154447877,-0.00330010569,0.001367611323,2.932326095,0.3424088485,-13.14731667,0.774627942,-204482000,-33.1558205,-85866162884,-7.503693129,55.62604767,-8.727559513,-10.24960514,0,0.03732122281,0.5092106791,-0.03698122933,-0.00330010569,-0.9961773987
2024-02-12,60.27000046,61.02000046,60.11999893,57.88272858,12609500,57.96627197,59.31734436,59.54175934,-0.1225966927,0.06729652943,-0.02132390427,FALSE,FALSE,-0.224414978,-0.02427123097,2.426603033,20.90545074,46.14010445,5.408560292,-0.5286264116,-0.03612073205,2.573939263,-3.913470507,-5.101533462,-52.81524797,-3.711303152,6.015737191,71.79286069,1.04258559,-0.0043247695,0.002877725846,2.91165698,-0.3394879477,-13.14731667,0.6540590616,-191872500,29.08063509,-85941463079,-7.324649412,61.77998331,-5.982002076,-9.55398891,0,-0.01239029491,-0.1873247624,-0.05364443909,-0.0043247695,-0.1163672755
2024-02-13,60.63000107,60.93999863,59.13999939,56.92387009,22701100,57.8395319,59.27530098,59.50671095,-0.1270919923,0.06468384673,-0.02133765637,FALSE,FALSE,-0.2314099693,-0.02988594895,0.1248591008,21.26565359,40.09840582,1.76195248,-0.5609535795,-0.05475832,0.3395969552,-4.752892423,-8.492986021,-63.6818849,-4.263131712,6.049262081,66.21771275,1.063529333,-0.004155414209,0.002552303886,2.909989044,-0.6686473127,-13.14731667,1.155122657,-214573600,49.08452092,-86020062617,-7.012177128,62.42492746,-5.375892023,-8.506247885,0,-0.03518018381,-0.5213096691,-0.05052033141,-0.004155414209,-1.382804953
2024-02-14,60.18000031,60.43000031,59.84000015,57.23715973,17435900,57.77165241,59.22503967,59.47369175,-0.1300746311,0.06170620493,-0.02134950337,FALSE,FALSE,-0.2486520767,-0.03439492027,-10.19292193,21.60012765,42.73675714,2.380042727,-0.554896733,-0.03896117881,2.110664919,-2.648195637,-8.543160458,-54.67930779,-2.316913605,5.938841888,65.0159438,1.063677742,-0.004058359319,0.002435689723,2.999406531,-0.6644971018,-13.14731667,0.8920950694,-197137700,-10.99137271,-86191338699,-7.271474993,61.29592189,-4.85272518,-10.24048899,0,-0.03463711564,-0.5131607983,-0.04935270735,-0.004058359319,-0.822094785
2024-02-15,60.47999954,61.34999847,60.47999954,58.1960144,17340400,57.78304462,59.19865799,59.44491156,-0.1308155596,0.05841884668,-0.02135867322,FALSE,FALSE,-0.2462535667,-0.03699503955,1.112421803,20.50074921,49.9959869,3.85588245,-0.4673378993,0.03887812391,-0.1654274929,-1.455169821,-6.613473296,-27.12600889,0.3930505959,5.91617287,65.57561655,1.085593558,-0.003582171673,0.001822681099,2.991936864,-0.3095012364,-13.14731667,0.8926704387,-179797300,-12.12041354,-86299725684,-7.177970103,61.14300057,-7.238040678,-10.69090747,0,-0.01006096637,-0.1460049595,-0.04269286942,-0.003582171673,0.6297611851
2024-02-16,61,61.52000046,60.63000107,58.12956238,14957100,57.79491177,59.1794117,59.41968618,-0.1298098031,0.05482449353,-0.02136525993,FALSE,FALSE,-0.2402744865,-0.03998541592,-4.761865361,19.25044717,49.52738919,9.428983365,-0.3987129018,0.08600249713,0.02719543752,-1.349505343,-7.321289892,-29.03555013,0.4099736309,5.873116632,65.99699209,1.084979861,-0.003545069135,0.001787080898,3.018959086,-0.2631383456,-13.14731667,0.7683418757,-194754400,5.86249363,-86398726238,-7.069893357,61.41624835,-6.965497029,-11.22505012,0,-0.006773000698,-0.0983440498,-0.04227387962,-0.003545069135,0.507069491
2024-02-20,61.11999893,61.88999939,61.06000137,58.09158707,11382000,57.81959534,59.1436055,59.39515018,-0.1263439071,0.05101111949,-0.02136859326,FALSE,FALSE,-0.2515446854,-0.04281549488,-5.006506948,18.14838737,49.24334211,6.506584962,-0.3434325109,0.1130263104,-0.5691673002,-1.92637839,-6.670979181,-30.12679485,0.8570994483,5.912768851,66.14445445,1.084651974,-0.003574313567,0.001818067868,3.047882576,-0.3302164803,-13.14731667,0.5992443898,-206136400,-45.37889731,-86491521666,-7.126790413,60.4083668,-7.459387434,-11.73176087,0,-0.0114363312,-0.1661077844,-0.04263880706,-0.003574313567,0.4112086674
2024-02-21,61.59000015,62.08000183,61.29000092,58.860569,15782500,57.87750645,59.12581238,59.37205278,-0.1200966643,0.04707671859,-0.02136835364,FALSE,FALSE,-0.246240406,-0.04388249878,6.493441187,17.36766285,54.88567653,4.889689637,-0.2348646144,0.1772753656,0.472077193,0.001898941078,-6.443603087,-8.029609947,2.007235862,5.846474872,70.02057532,1.096458597,-0.003481000265,0.001687315316,3.018320204,-0.1235684927,-13.14731667,0.8414847027,-190353900,-23.19988711,-86604373697,-6.922043124,58.11746409,-5.29806276,-9.61177744,0,0.002958096836,0.04250017653,-0.04107694385,-0.003481000265,1.403962405
2024-02-22,61.50999832,61.77999878,61.04999924,58.40487671,15920800,57.95203152,59.10116249,59.34464085,-0.1118136427,0.04306736545,-0.02136420961,FALSE,FALSE,-0.2434783554,-0.04544431024,-14.13882916,16.29165075,51.24988535,1.722496159,-0.1834792986,0.1829285451,-0.000738050714,-1.054604097,-5.39965395,-24.91940646,2.618848746,5.725501929,67.1012272,1.100557594,-0.003703057168,0.00189585941,2.164811128,-0.3707379093,-13.14731667,0.8709587861,-206274700,-37.41602494,-86735671190,-7.107138,49.45915602,-6.31043332,-12.17652303,0,-0.01480015074,-0.2118666471,-0.04354146771,-0.003703057168,0.6748687182
2024-02-23,61.65000153,62.25,61.5,58.8225975,12286400,57.99617672,59.077155,59.32028921,-0.1017068436,0.03900949262,-0.02135591716,FALSE,FALSE,-0.2431342125,-0.04613105782,6.629005128,15.90763996,54.24217985,4.998837744,-0.1078067593,0.2068808675,0.5040784344,-0.7391397966,-4.353001643,-10.20584642,1.523832799,5.83108178,69.86320787,1.104338577,-0.003565268172,0.001745974364,2.15368857,-0.2363369545,-13.14731667,0.696862491,-193988300,-51.35717227,-86835679292,-7.207378691,58.17642638,-7.135580024,-11.38184737,0,-0.005104855194,-0.07282174142,-0.04178485807,-0.003565268172,1.182912736
2024-02-26,61.65999985,61.70000076,60.63000107,57.66437531,12793500,57.97386665,59.03487358,59.29056295,-0.09076774597,0.03498548504,-0.02134493331,FALSE,FALSE,-0.255689373,-0.04838483842,7.53911709,15.17580241,45.84046104,-9.045215493,-0.1396843839,0.1400025944,-1.947548022,-2.1234724,-5.743465758,-47.44771045,-0.7678487297,5.988311725,70.19033861,1.132269228,-0.003829065159,0.001915395727,2.082786719,-0.7650306546,-13.14731667,0.7371918427,-206781800,-30.19163402,-86919390070,-6.798596338,60.07285343,-8.991714866,-12.73895154,0,-0.04432712301,-0.6167742279,-0.04376523423,-0.003829065159,-0.4409315504
2024-02-27,61.09999847,61.90999985,60.84999847,58.75614166,13743800,57.98763256,58.96928337,59.26338026,-0.07861731866,0.03103848741,-0.02133098219,FALSE,FALSE,-0.2940968895,-0.04955819319,18.34175078,14.21398187,53.1992497,1.949364349,-0.07597541294,0.1629692522,-0.3461036393,-1.0226955,-3.987757864,-12.34268977,0.4707836333,5.971479342,71.49478387,1.154813976,-0.003397875441,0.001449736627,1.970336323,-0.1344647674,-13.14731667,0.7903186852,-193038000,5.50079833,-86987431063,-6.752790869,66.48836883,-7.332481518,-11.12015569,0,0.001861441417,0.02538950447,-0.03807540712,-0.003397875441,1.074916323
2024-02-28,61.81999969,62.16999817,61.68000031,58.93652725,11491800,58.01136665,58.92347771,59.24038498,-0.0652180838,0.02720097337,-0.02131417566,TRUE,FALSE,-0.3169072723,-0.05000455188,19.85209598,13.42159315,54.30400557,0.06182572325,-0.01080542671,0.1825113908,-0.1993641123,-0.7032205168,-3.037934359,-6.542511174,0.8119515404,5.951254343,73.8993448,1.154144786,-0.003454973992,0.001500108933,1.956697366,-0.1632105783,-13.14731667,0.6735292592,-181546200,-36.34938658,-87127606867,-6.936234119,66.47327279,-7.342742064,-9.510767442,0,-0.0004018160846,-0.005483957422,-0.03873123975,-0.003454973992,1.251919894
2024-02-29,62.31999969,62.61999893,61.81000137,58.95550919,15337700,58.04222088,58.89930679,59.2157262,-0.05141590878,0.02350642528,-0.02129450696,TRUE,FALSE,-0.3164194107,-0.04918738458,26.75331642,13.24859828,54.42591989,8.585458849,0.04189104639,0.1881662911,-0.4842038296,-1.04453409,-1.275738214,-5.301443337,1.057766826,6.041601078,76.57646165,1.142940897,-0.003769693269,0.001820665635,1.772726093,-0.4413636394,-13.14731667,0.9387809564,-166208500,-48.56779741,-87251046979,-7.130140209,75.51046236,-8.254763396,-9.023262491,0,-0.02117929691,-0.2919296637,-0.04266925866,-0.003769693269,1.192648873
2024-03-01,61.90999985,61.91999817,60.95999908,58.59474945,21255500,57.99949951,58.87063599,59.19328955,-0.03781110161,0.01991665938,-0.02127394864,FALSE,FALSE,-0.3226535606,-0.04931598302,18.47129389,12.64207019,51.6078323,-1.591417393,0.05392151173,0.1601574051,-0.30177023,-1.2013988,-0.2376135841,-15.66810376,-1.437239982,6.034219059,70.45257493,1.144510608,-0.003858055746,0.001902497438,1.596565935,-0.4912462489,-13.14731667,1.319153465,-187464000,-17.46590768,-87377041253,-7.404177065,66.34984779,-8.501873779,-9.754773016,0,-0.02496311224,-0.3436261461,-0.04361762761,-0.003858055746,0.8448945118
2024-03-04,61.43000031,62.84999847,61.43000031,59.58208847,16510400,58.05978394,58.85487648,59.1827771,-0.02369841984,0.01646716981,-0.02125219516,TRUE,TRUE,-0.3279006195,-0.04849217291,21.8559318,12.47148424,58.01512416,3.711118586,0.1414946869,0.1981844642,0.9420407589,1.436738612,-0.4409284114,11.91615067,2.065369699,5.988583529,78.54138601,1.161646828,-0.003507130131,0.001526052002,2.349900199,0.06174350665,-13.14731667,1.055482446,-170953600,-36.30197764,-87436523206,-7.302422268,67.01116122,-6.292751779,-6.957870914,0,0.01619183022,0.2195640525,-0.03906471557,-0.003507130131,1.938219596
2024-03-05,62.95000076,63.97000122,62.31999969,59.41120529,24801400,58.17228355,58.86019302,59.17252081,-0.009761689408,0.01312419051,-0.02122945391,TRUE,TRUE,-0.3123277855,-0.04663672377,35.59792103,13.31771879,56.61788494,2.191965046,0.1948619673,0.2012413957,-0.5673949764,1.662537206,-2.389794628,-10.38243947,3.936222231,6.165788129,81.06660754,1.149304258,-0.00369545108,0.001731198942,2.026366442,-0.3113853685,-13.14731667,1.561288771,-195755000,24.33337511,-87548769584,-6.975937088,77.4919139,-6.928953074,-5.535375797,0,-0.01158513198,-0.1587960258,-0.04160767888,-0.00369545108,1.528276284
2024-03-06,63.02999878,63.5,62.88999939,59.98082733,16326100,58.30282154,58.87481331,59.16603815,0.003591867748,0.009878180811,-0.02120522505,TRUE,TRUE,-0.2912248421,-0.04404448392,37.87693351,14.10350802,60.07011519,8.462282883,0.2798932247,0.2290181225,0.7825388363,4.234715507,-1.927608898,-14.30292179,4.550734982,6.176620264,88.17711561,1.155653716,-0.003485773147,0.001523616479,2.30128663,-0.03983125492,-13.14731667,1.019578969,-179428900,18.48967594,-87720818263,-7.062398875,77.46259046,-5.874739629,-3.95788989,0,0.008740223461,0.1191325845,-0.03903353018,-0.003485773147,1.902994648
2024-03-07,63.70000076,63.86000061,63.47000122,60.37006378,10692100,58.45092239,58.89323105,59.1619644,0.016517856,0.006795027639,-0.02117956487,TRUE,TRUE,-0.2687333488,-0.04101824431,32.57481621,15.13155366,62.27905075,4.26392659,0.3743736905,0.2587988706,2.16304992,4.673553297,0.3519370679,-7.782553129,5.15958516,6.109149658,96.80984703,1.158232142,-0.003284656986,0.00134728819,2.713587468,0.1516387153,-13.14731667,0.6702048707,-168736800,-9.955955298,-87901484173,-7.303598666,76.81869976,-5.431119346,-5.611840495,0,0.02329571051,0.3167992758,-0.03670542453,-0.003284656986,1.982382419
2024-03-08,63.77000046,63.93999863,63.22000122,60.52196121,13755800,58.62702961,58.90747154,59.15855761,0.02859334143,0.003858655368,-0.02115250871,TRUE,TRUE,-0.2510860634,-0.03713014788,35.39332025,15.72230959,63.13610404,6.518219107,0.4562476545,0.2725382677,1.068877694,3.579758169,-0.1579616087,-3.234726078,6.179220407,6.122844075,100.9697659,1.155770529,-0.00336238686,0.001417654448,2.73771426,0.06154745864,-13.14731667,0.8819298876,-154981000,-34.11247408,-88018333952,-7.361533529,70.11454206,-6.956503406,-6.867578034,0,0.01645943309,0.2243154942,-0.03765175226,-0.00336238686,1.876731698
2024-03-11,63.65999985,64.20999908,63.41999817,60.82575607,10484100,58.80740852,58.92854736,59.15773409,0.04059565881,0.001061575834,-0.02112368886,TRUE,TRUE,-0.2291867256,-0.0331862071,38.9189829,16.51202067,64.85595813,4.785842941,0.539428867,0.2845755842,1.800045112,3.193455204,1.155788321,5.468019926,6.304951357,6.083761531,106.5465094,1.156028586,-0.003225271034,0.00130405104,2.934995538,0.2696515338,-13.14731667,0.6816534946,-144496900,-29.27569668,-88097674411,-7.254402527,70.04924057,-6.423488923,-7.784987013,0,0.03211647441,0.4375809007,-0.03611164688,-0.003225271034,1.894334746
2024-03-12,63.93999863,63.97000122,63.04999924,60.23714828,14744500,58.92512951,58.92930679,59.15595741,0.05142126413,-0.001611162051,-0.02109366785,TRUE,TRUE,-0.2266506195,-0.02643962435,20.11099271,16.69226518,59.10252982,-3.17652093,0.5514975278,0.237315396,1.005707011,1.776039703,1.778611187,-10.97354751,4.067568627,6.043108319,108.7756253,1.053550836,-0.004720379036,0.003360118155,2.816999987,-0.8953781267,-13.14731667,0.9520476498,-159241400,16.9316785,-88202579762,-7.299979058,62.82693805,-7.326397544,-8.980833425,0,-0.0507487609,-0.7594346653,-0.05796652616,-0.004720379036,1.206169831
2024-03-13,63.95000076,64.44999695,63.74000168,60.64538193,12938900,59.1112051,58.93974983,59.16029409,0.0614620421,-0.004108920944,-0.02106276099,TRUE,TRUE,-0.2205442619,-0.02029477962,32.96096157,17.31429128,61.64395933,-1.492144716,0.5872338058,0.2184413392,1.036952684,2.336738481,0.9174910025,0.402640732,6.537699976,6.154769025,104.4857236,1.044393073,-0.004260566257,0.002785575942,2.609655089,-0.4012464376,-13.14731667,0.8626488304,-146302500,-43.00320249,-88328310894,-7.694655946,69.93824473,-7.802797659,-8.900281848,0,-0.01643643264,-0.2480545469,-0.0527785557,-0.004260566257,1.468312391
2024-03-14,63.74000168,63.99000168,62.91999817,60.16119766,15934900,59.257407,58.92304085,59.16220985,0.0706073467,-0.00641814828,-0.02103162322,TRUE,TRUE,-0.2391690063,-0.01671264969,19.50199352,16.76005183,57.11094073,-7.745017396,0.5699158052,0.1608986709,0.6402833951,0.3194008404,-1.187388118,-12.2723537,5.108635626,6.144879213,97.07768097,1.024978484,-0.004285580004,0.002926505693,2.474039985,-0.1668824873,-13.14731667,1.067737605,-162237400,-8.608675205,-88426416011,-7.488205436,62.86378532,-7.902103486,-9.75268102,0,-0.0005401599634,-0.008307093078,-0.05409718748,-0.004285580004,0.9309973782
2024-03-15,63.16999817,63.79999924,63.11000061,60.24663925,17722500,59.35993824,58.90348389,59.16570969,0.07916304294,-0.008493453159,-0.02100025277,TRUE,TRUE,-0.2622257996,-0.01322040309,44.58995423,16.24540092,57.70203907,-1.400490751,0.5566686574,0.1181212185,-2.88384638,-0.9860645802,-2.372918718,-16.7599855,3.523651694,6.226436146,96.10169442,1.02467456,-0.004214266028,0.002831058837,2.063030944,-0.0719957205,-12.7728386,1.185999683,-144514900,2.203524717,-88591228432,-7.667432732,69.55953791,-9.494744081,-9.40001215,0,0.005766047405,0.0886984527,-0.05320769528,-0.004214266028,0.9226694878
2024-03-18,63.02000046,63.63000107,62.65000153,60.52423477,13421900,59.47967186,58.89327629,59.16786726,0.0872453268,-0.01028491947,-0.02096934867,TRUE,TRUE,-0.2745909691,-0.008705937819,35.52554226,15.17306169,59.64788024,-1.996079087,0.5620904075,0.09883437488,-1.147496788,-0.100962719,-2.575769196,-12.4860911,4.119543131,6.09611727,94.87542145,1.023767554,-0.004295476061,0.002945054784,1.856530496,-0.1001226491,-12.70778482,0.9028388311,-131093000,-10.26402177,-88662878581,-7.615034587,63.30536449,-6.8894768,-8.243878179,0,0.003715313603,0.05720603032,-0.05426835896,-0.004295476061,1.100983686
2024-03-19,63.38000107,63.84999847,63.20000076,61.06027222,9992700,59.62810612,58.88923248,59.17492624,0.09530436681,-0.01182079316,-0.02093902426,TRUE,TRUE,-0.2856937599,-0.005397028498,39.82558285,14.44294591,63.17113206,6.060191331,0.6026934506,0.1115499343,1.48962258,0.858964917,-0.758974565,2.873157413,5.110352979,6.032295389,95.23770856,0.9941397261,-0.004049748309,0.002777314683,1.95779866,0.6724868384,-12.31272902,0.6753254828,-121100300,-12.20611492,-88738661252,-7.593296238,63.10181589,-5.734552501,-8.043642398,0,0.05359077597,0.8497490605,-0.05270023418,-0.004049748309,1.50378051
2024-03-20,63.68000031,64.19999695,63.50999832,61.13684845,16310400,59.74192009,58.87779625,59.17926765,0.1031841416,-0.01310037463,-0.02090945623,TRUE,TRUE,-0.301471405,-0.001891988514,40.46854554,14.17640519,63.65928327,5.957244207,0.6337452955,0.1140814234,1.846727032,1.537553509,-1.405689457,5.067320157,3.867239967,5.961211626,99.10530801,0.9940582256,-0.004062180033,0.002794859146,1.825242413,0.6589247537,-12.31272902,1.10032476,-104789900,3.344843973,-88867166147,-7.632573572,63.3480693,-5.695033002,-9.677479322,0,0.05270473408,0.8357741352,-0.0528664274,-0.004062180033,1.407521341
2024-03-21,64.04000092,64.47000122,63.74000168,61.04112625,20163900,59.87373257,58.87450874,59.18169594,0.1113200338,-0.01414021713,-0.02088070632,TRUE,TRUE,-0.3071871948,0.001689169996,47.73258268,14.23460425,62.54331904,2.895438796,0.6432155365,0.09884133156,1.111581515,1.28365105,0.4642059697,-12.79190582,4.513749007,6.013699731,97.91053653,0.9937477267,-0.004159715731,0.002932080846,1.448553369,0.527861061,-11.38622193,1.341093678,-124953800,26.65129893,-89036425632,-7.651117184,72.9454633,-5.537597289,-10.13017004,0,0.04417171405,0.7007157603,-0.05414869201,-0.004159715731,1.192306493
2024-03-22,64.16999817,64.29000092,63.77999878,61.12727737,10529700,59.98896656,58.87313408,59.18478638,0.1189093795,-0.01487449002,-0.02085298369,TRUE,TRUE,-0.311652298,0.005934550822,36.5813173,14.28864624,63.16911626,-0.002015798635,0.6501776037,0.08464271901,3.350894566,2.498276306,2.622491331,-55.4754174,3.918017851,5.887627124,98.44905497,0.9911314636,0.6751061888,0.169355058,1.27920949,0.4049390347,-11.21820549,0.7044417892,-114424100,-14.29792291,-89156493542,-7.763177217,67.11199362,-3.974940302,-10.79023896,0,-0.01615458385,-0.2815054361,0.4115277123,0.6751061888,1.156243515
2024-03-25,64.04000092,64.19999695,63.77000046,61.41444016,11597100,60.1764698,58.90598358,59.18417608,0.1258284022,-0.01530156443,-0.0208261176,TRUE,TRUE,-0.2781925011,0.0105131259,46.1546845,14.32195486,65.25300028,1.593717006,0.6711303557,0.08447637675,3.653390555,3.175046285,4.172867114,-67.88799879,6.503261034,5.70713302,86.87653779,0.9925671315,0.6697580727,0.1664940885,1.404593322,0.5464986322,-11.0917716,0.7789687636,-102827000,-9.351623871,-89295150602,-7.978905259,64.94588657,-2.664350786,-10.12904881,0,-0.006260894684,-0.1096787361,0.4080368715,0.6697580727,1.42497662
2024-03-26,64.23000336,64.41999817,63.38000107,60.71567535,14915200,60.27444649,58.91802246,59.17872999,0.1310522632,-0.01547241516,-0.02079996935,TRUE,TRUE,-0.260707531,0.01457899867,16.44173748,13.70173717,56.82730045,-5.716018583,0.6241561988,0.03000177588,2.130388736,2.14639474,-0.1322931426,-106.2816756,3.335027856,5.6453786,80.85638451,1.000322876,0.7005656079,0.1787606228,1.294654823,0.05228848535,-8.351007411,0.9979172145,-117742200,8.523115878,-89386487074,-8.025568857,56.98796053,-3.464691923,-10.73204034,0,-0.04092249757,-0.7166173503,0.4228009257,0.7005656079,0.5456945289
2024-03-27,63.90000153,65.19999695,63.83000183,62.40992737,17300200,60.44811649,58.97704758,59.18355989,0.1356930551,-0.01533341629,-0.020773012,TRUE,TRUE,-0.2065123177,0.02126490801,35.32585071,14.11055998,67.71315975,4.544043489,0.7153942001,0.09699182174,4.347088454,8.233481604,2.529639513,-9.414689752,5.893459079,5.56138225,87.62587828,1.0620999,0.7849885161,0.2059704647,2.640639464,0.7757957826,-8.255376831,1.135425862,-100442000,50.54386606,-89439652471,-7.587069433,58.4786616,,-7.07238658,0,-0.009650410712,-0.1618685107,0.4538396906,0.7849885161,2.238848744
2024-03-28,65.19000244,65.76000214,65.01999664,62.84067535,13746100,60.6423748,59.06196609,59.19109884,0.1399318522,-0.01491853098,-0.02074515225,TRUE,TRUE,-0.1291327477,0.03001025519,38.30513559,15.07433737,69.79820819,4.545207912,0.8130859868,0.1557468868,5.134029517,11.11915613,2.955524265,6.130990055,6.589996799,5.498270527,95.50556654,1.049737531,0.8175659765,0.2273843424,3.122823373,0.5927470829,-8.255376831,0.9069041252,-86695900,-10.3770448,-89534363290,-7.532132683,65.40820178,-0.9609312719,-5.126734279,0,-0.03264013205,-0.5615516402,0.4768483431,0.8175659765,2.30175123
2024-04-01,65.66000366,65.73000336,64.83000183,62.45779037,11351300,60.83552685,59.1517585,59.19676966,0.1423454104,-0.01427027248,-0.02071706667,TRUE,TRUE,-0.04501115799,0.03841161778,26.6134681,15.64335226,65.73457745,8.907277001,0.8498156678,0.1539812542,3.751901117,12.88260135,0.8600209754,-6.180421653,6.592810722,5.440633757,90.86515463,1.052348857,0.8236556551,0.2290743961,3.007355778,0.3441805483,-8.255376831,0.7742007208,-98047200,-46.59593987,-89605553786,-7.59964061,59.83099478,-2.769635078,-2.450138706,0,-0.05261398334,-0.9039314254,0.4786171707,0.8236556551,1.785352739
2024-04-02,65.09999847,65.73999786,65.06999969,62.56309128,15106200,60.98457699,59.24517593,59.20315205,0.1435754129,-0.01338549018,-0.02068794243,TRUE,TRUE,0.04202388763,0.04659525073,41.17401574,16.18283639,66.31540834,-1.397751414,0.8773080463,0.1451789062,4.058100835,12.88103755,0.5941052074,-2.794541182,5.003186166,5.447227767,93.62960966,1.051473809,0.8010006763,0.2224795322,2.798581487,0.4649242047,-8.255376831,1.035256224,-82941000,-8.504942339,-89733704653,-7.871507689,67.24457123,-1.571367667,-1.932056108,0,-0.03049904649,-0.5221943372,0.4716773603,0.8010006763,1.685913565
2024-04-03,65.34999847,65.52999878,64.86000061,62.31420898,13287100,61.12972717,59.3395018,59.20495823,0.1442571142,-0.01226496649,-0.02065818106,TRUE,TRUE,0.1345435715,0.05467212409,30.39921673,16.29885069,63.57251095,-6.225697246,0.8689959884,0.1094934787,2.160056611,17.91453499,-0.5313847784,-10.79718571,4.886289848,5.326166113,90.40088628,1.052126086,0.7995858158,0.2210778937,2.647730239,0.2707247193,-8.255376831,0.9479927811,-96228100,-46.42600821,-89847965724,-8.202020542,60.64693469,-3.861851327,0.9108754282,0,-0.04065322899,-0.694993133,0.4701892105,0.7995858158,1.310254645
2024-04-04,65.61000061,65.80000305,64.52999878,62.18978119,14678400,61.24017487,59.42925049,59.20447634,0.1441304822,-0.01090270067,-0.02062716921,TRUE,TRUE,0.2247741508,0.06324283783,39.54394197,15.82657632,62.18764632,-3.546931136,0.8426547402,0.06652178433,1.576646742,16.33335262,-0.05076954703,-14.61016235,3.68276657,5.353037265,89.11015735,1.048558288,0.7905711474,0.2166785314,2.405922321,0.03748641884,-8.255376831,1.053449742,-110906500,-10.09242869,-89916739454,-7.879920878,60.89396543,-4.199018652,-1.300821169,0,-0.042351159,-0.7244409278,0.4654874127,0.7905711474,1.065654412
2024-04-05,64.55000305,65.33000183,64.23999786,62.37164307,16161200,61.34025383,59.53839584,59.20855619,0.1433549115,-0.009262417075,-0.02059448242,TRUE,TRUE,0.3298396492,0.07123213829,40.65928451,14.90826116,63.44118856,-2.874219781,0.8269216073,0.04063092111,2.190606942,16.79684651,-0.2628794298,-8.836772211,3.315516266,5.280331055,90.05842922,1.043369387,0.7634702669,0.20861033,2.147349353,0.3185881801,-8.255376831,1.137543504,-94745300,51.15084969,-89988303857,-7.344281907,52.47808481,-4.39398008,-1.833004592,0,-0.04027086945,-0.6887442683,0.4567387984,0.7634702669,1.145244532
2024-04-08,65.16999817,65.69999695,65.08000183,62.78324127,10071300,61.45331783,59.6352668,59.21222183,0.1426303218,-0.007347070345,-0.02056058898,TRUE,TRUE,0.4230449677,0.07981529988,42.14272955,14.59341848,66.17436521,2.601854266,0.8380055154,0.04137186343,2.482398831,18.25487541,-2.139193555,-16.02919708,3.736296733,5.239455679,93.3779244,1.046434413,0.7604316223,0.2058319487,1.908172705,0.488424549,-8.255376831,0.7182048196,-84674000,-26.78506521,-90072993049,-7.326095273,58.48933952,-3.802877944,0.3175767291,0,-0.02752239595,-0.468509379,0.4536870603,0.7604316223,1.424237525
2024-04-09,65.73000336,66.08000183,65.54000092,63.12783432,12012100,61.56842175,59.73561195,59.21998941,0.1421481044,-0.005113930919,-0.02052473471,TRUE,TRUE,0.5156225395,0.08646152758,39.99983764,14.80643766,68.31040826,6.122761942,0.8646284728,0.05439585663,2.299797454,17.24239976,-2.292739251,-9.339506548,3.784709629,5.20757362,99.23953834,1.000663798,0.7210290442,0.2013476291,2.102939378,1.271148132,-8.255376831,0.8519654904,-72661900,14.57445084,-90192320473,-7.428202225,58.99460281,-3.795131779,-0.6918288613,0,0.01450415386,0.2574693804,0.4487177611,0.7210290442,1.571362182
2024-04-10,64.62999725,65.06999969,64.25,62.04619598,19140300,61.65887413,59.8069194,59.22687357,0.1406649166,-0.002728511031,-0.0204879195,TRUE,TRUE,0.5800458336,0.09172735371,14.72868888,14.37638352,56.29373271,-7.147455844,0.7893490596,-0.01670684525,1.373560229,14.09754872,-3.773888749,-49.40017435,3.003209399,5.160491215,94.60296497,1.02543018,0.76128529,0.2202408165,1.980289885,0.6508357443,-8.255376831,1.336699939,-91802200,29.81315067,-90314342445,-7.373951949,50.06469064,-4.432228354,,0,-0.0160143743,-0.2807526737,0.469298217,0.76128529,0.4094183029
2024-04-11,65.19000244,65.26999664,64.25,61.92175674,12810600,61.72269287,59.87611763,59.23015013,0.1389205667,-0.0001944374552,-0.02045189126,TRUE,TRUE,0.6459675026,0.09557152123,14.19752251,13.69666461,55.09297972,-11.08138549,0.7114472545,-0.07568692024,1.185937037,12.33390742,-4.049540895,-54.00903377,2.104652945,5.158247756,91.66573731,1.014935314,0.7461524166,0.2182138371,1.844398701,0.8893487177,-8.255376831,0.8950540623,-104612800,-0.9915835195,-90385635969,-7.187084,48.22334937,-4.019166381,-2.526781809,0,0.003852563289,0.06815028856,0.4671336395,0.7461524166,0.2171627907
2024-04-12,64.80999756,65,63.88999939,61.45272064,19922400,61.78726902,59.93840355,59.23098816,0.1364801349,0.002444802061,-0.02041702796,TRUE,TRUE,0.70741539,0.09704562625,4.941747815,13.50976357,50.70301508,-17.60739318,0.6048894304,-0.1457957955,2.811946394,9.704814731,-4.680638707,-71.38073635,2.146770726,5.177784868,84.3431905,1.001091753,0.7177948069,0.2031454989,1.785328551,1.08546192,-8.255376831,1.372819654,-124535200,25.02369014,-90493047406,-7.120407672,45.98505764,-1.843030553,-3.139636463,0,0.01531248194,0.2720084911,0.4507166503,0.7177948069,-0.3966513194
2024-04-15,64.63999939,64.91000366,63.36999893,60.88797379,14703900,61.81933575,59.96717949,59.23352724,0.1323124098,0.005150786947,-0.02038403416,TRUE,TRUE,0.7336522484,0.09637309766,-7.670887202,13.92249295,45.95482485,-10.33890786,0.4694595975,-0.2249805027,1.287962639,10.4019797,-5.570150653,-91.5875458,1.064515036,5.270923449,79.24245449,0.9983394508,0.7429664309,0.2241937357,1.88691235,1.128299356,-8.255376831,1.023870038,-139239100,-17.0325857,-90555147848,-6.837635753,39.72184169,-2.416059767,-2.415530826,0,0.02748649448,0.4962091306,0.4734910091,0.7429664309,-1.175332046
2024-04-16,63.40999985,63.47999954,62.54999924,60.08391953,16453800,61.79731998,60.00132988,59.23204605,0.1260223625,0.007891269621,-0.02035409104,TRUE,TRUE,0.7692838287,0.09409146109,-9.065926697,15.0870035,40.18486193,-14.9081178,0.2938625556,-0.3204620357,1.051567314,7.731534059,-5.762082785,-69.86056373,-0.7275023769,5.292298663,83.52587238,1.014420503,0.7880064349,0.2433015919,2.044078022,0.8001680262,-8.255376831,1.133752208,-155692900,22.58920123,-90658862657,-6.876683055,39.47062689,-2.28024384,-4.773542567,0,0.02115247305,0.3805239465,0.4932561119,0.7880064349,-2.051340992
2024-04-17,63.18000031,64.23999786,63.06000137,61.33786774,14076400,61.81119976,60.08486298,59.23347599,0.1187891114,0.01071360156,-0.02032491389,TRUE,TRUE,0.8513869858,0.09324486222,-16.42207936,15.06007108,50.60163907,-0.1013760087,0.2529677213,-0.289085496,4.681508688,8.86007682,-4.323103388,-34.33797761,0.4546254216,5.145882371,82.46048358,1.044362811,0.7886763812,0.229871855,2.158738649,1.434726053,-8.255376831,0.9564799061,-141616500,40.86683279,-90714026368,-6.711222474,38.45043289,0.0792120196,-2.768938257,0,0.06275731683,1.0870055,0.4794495333,0.7886763812,-0.5740107298
2024-04-18,64.30000305,64.66000366,63.83000183,61.68245697,11144300,61.83848019,60.17111076,59.2343432,0.1104597958,0.01360993344,-0.02029672564,TRUE,TRUE,0.9367675591,0.09293233284,-17.97917017,14.4925341,53.02276035,7.067935494,0.2455333858,-0.2372158652,6.407459117,9.764781792,-3.282969918,-24.57625012,0.8924380866,5.113899553,81.00172238,1.045955432,0.7947412824,0.2316381257,2.240495823,1.528783662,-8.255376831,0.7707744366,-130472200,-31.67365607,-90782840142,-6.624698473,37.58172345,1.847752924,-1.725944981,0,0.07130733122,1.23463439,0.4812879862,0.7947412824,-0.1926171588
2024-04-19,64.61000061,65.56999969,64.54000092,62.63009262,18502300,61.9179285,60.27555168,59.23645006,0.1021939838,0.01660651392,-0.02026757108,TRUE,TRUE,1.03910162,0.09261658094,2.459088687,13.9730438,58.97735298,18.79249106,0.3125055293,-0.1361949773,8.183954795,12.429589,-2.546622761,2.268932718,2.603107884,5.150367511,80.56075313,1.043346186,0.8186972623,0.2501433243,2.232432905,2.268478335,-8.255376831,1.287072202,-111969900,-8.240469354,-90869959409,-6.37728919,45.24525183,3.778599534,-1.137820091,0,0.1112967114,1.955532501,0.5001433037,0.8186972623,0.8840087614
2024-04-22,65.47000122,66.20999908,65.01999664,63.20441055,11729300,62.02178516,60.39964355,59.24520691,0.0941573437,0.01971196717,-0.0202368803,TRUE,TRUE,1.154436646,0.09466253314,8.578639485,14.10054851,62.1118218,11.51018273,0.4072298013,-0.03317656426,9.733850332,14.60213926,-1.624631389,17.88009134,3.398046286,5.137211354,83.17783464,1.025934444,0.8090755861,0.2529794292,2.315565435,2.078874417,-8.255376831,0.8125330133,-100240600,11.3925373,-90917479482,-6.099508124,44.34937447,4.886157281,-0.06823959321,0,0.09650934714,1.727761358,0.5029706047,0.8090755861,1.42180353
2024-04-23,66,66.76000214,65.83999634,63.50114441,11169000,62.12612038,60.52530289,59.25768652,0.08751491403,0.02291559964,-0.02020517369,TRUE,TRUE,1.267616367,0.09719200124,15.77612013,14.6912204,63.65693817,10.63417783,0.5004742559,0.04805431228,10.04950046,16.35050777,-1.446704372,22.59250634,3.397742044,5.179423219,88.10032623,1.026598998,0.8060150189,0.2540203579,2.655119868,2.122513722,-8.255376831,0.7748678895,-89071600,-3.691440101,-90985436466,-5.86331919,50.42074954,4.999899023,-0.4301298309,0,0.09197565105,1.646678508,0.5040043233,0.8060150189,1.560747947
2024-04-24,65.73999786,66.95999908,65.41000366,63.88402939,13063500,62.28453808,60.6453289,59.27338667,0.0817507893,0.02624378279,-0.02017149227,TRUE,TRUE,1.371942234,0.1006771275,21.77115477,14.69791035,65.60600193,6.628648946,0.5983691489,0.1167593641,12.24585888,18.04883499,-1.348449115,30.25011786,5.21834603,5.14536858,89.87164468,1.026335284,0.771657239,0.2363391717,3.078190316,2.11424683,-8.255376831,0.9121609945,-76008100,-12.41485196,-91024222061,-5.717755482,57.42000189,8.015280344,1.711008367,0,0.1096211658,1.940238733,0.4861472737,0.771657239,1.779750794
2024-04-25,66.58000183,67.19000244,66,64.05632782,15781200,62.3668581,60.78797806,59.28616987,0.07688212875,0.02967711009,-0.02013508088,TRUE,TRUE,1.501808186,0.1041122824,21.67490054,14.91396567,66.47725004,4.365428235,0.6819930093,0.1603065797,10.55689805,15.39900803,-0.9833043001,32.46395566,2.63804257,5.150011476,98.232052,1.026153351,0.7721890232,0.236709975,3.226453796,2.192527377,-8.255376831,1.107799742,-60226900,-8.780245315,-91091555222,-5.797966701,65.48319216,6.650475961,-1.37590019,0,0.1158269281,2.050939017,0.4865284935,0.7721890232,1.719876236
2024-04-26,66.91999817,67.01000214,66.16000366,63.35757828,12273700,62.39270325,60.91038643,59.29098124,0.0725645953,0.03313009306,-0.02009633156,TRUE,TRUE,1.619405193,0.1058818677,7.126064882,15.11458848,59.8552891,-3.801649073,0.6839975746,0.129848916,9.029340186,13.5055607,0.2895805119,17.40470868,0.8225610573,5.164568307,100.2044823,1.037730563,0.7700059766,0.2214418304,3.19575644,1.943776745,-8.255376831,0.8660579745,-72500600,-10.71140178,-91184761134,-5.822776402,59.70640597,4.781424572,-3.888058664,0,0.08402196419,1.456675982,0.4705760623,0.7700059766,0.9629060579
2024-04-29,66.65000153,67.20999908,66.58999634,64.21905518,14684100,62.48076649,61.03084724,59.29902706,0.06992280444,0.03664004701,-0.02005405826,TRUE,TRUE,1.731820183,0.1106674216,12.7233085,15.49833897,64.54454005,-1.061461878,0.7464950627,0.1538771232,9.812159463,14.06870179,0.4465686814,35.81665222,2.819928131,5.157091483,108.2249243,1.024368493,0.753441796,0.2170741902,3.369010776,1.828555987,-8.255376831,1.024099011,-57816500,29.36051377,-91311751631,-5.949685463,60.28535888,6.048257518,-3.885001202,0,0.0793681042,1.390047881,0.4659122129,0.753441796,1.606181477
2024-04-30,66.72000122,67.26000214,66.27999878,63.88402939,14862400,62.54681339,61.14593658,59.30661058,0.0681039195,0.04019770508,-0.02000735743,TRUE,TRUE,1.839326,0.1128204202,23.4718799,15.39763696,61.53423022,-4.943019815,0.760227561,0.1340876973,9.27473971,15.65690839,0.0674014903,28.32334034,2.111369632,5.30699121,112.6922465,0.9962256838,0.7314756566,0.2300154462,3.248376324,2.220903879,-8.255376831,1.037415981,-72678900,-1.613906873,-91399286956,-5.812996889,61.4165442,6.84833862,-1.859066493,0,0.1158130938,2.103096463,0.4795992559,0.7314756566,1.186608695
2024-05-01,66.73000336,68.12000275,66.47000122,64.62108612,21185900,62.66215725,61.27652657,59.32147129,0.06787542128,0.04378608311,-0.01995489615,TRUE,TRUE,1.955055275,0.1138160049,31.97289854,16.14443033,65.36173055,5.506441451,0.8211196274,0.1559838109,10.7693368,16.10169311,1.046147885,37.18286497,3.702008216,5.35834057,121.6369686,0.9599993109,0.6658956339,0.196750818,3.566517826,3.196380737,-8.255376831,1.439131925,-51493000,59.44713293,-91467952728,-5.502185451,63.09677218,7.324943592,-0.7133594334,0,0.1622713734,2.993960835,0.4435660244,0.6658956339,1.610471631
2024-05-02,67.79000092,68.04000092,67.25,64.96567535,14304700,62.80095196,61.39862869,59.34043386,0.06906920942,0.04741334292,-0.0198969596,TRUE,TRUE,2.058194828,0.1153159285,42.23261923,16.83788132,67.01427197,2.469731916,0.886958198,0.1774579052,9.27935232,15.72352301,2.835059452,43.36938231,4.463585676,5.367375212,131.4080149,0.9607066235,0.6675702469,0.197892713,3.714601131,3.240257529,-8.255376831,0.972935436,-37188300,-2.545917811,-91564982848,-5.605271014,71.79280452,5.687081665,-1.499630587,0,0.1640769857,3.027198668,0.4448513381,0.6675702469,1.647329805
2024-05-03,68.40000153,68.62999725,67.80000305,65.48257446,14908500,62.95649853,61.54018265,59.35885561,0.07171825237,0.0510950261,-0.01983128621,TRUE,TRUE,2.181327038,0.1173055037,55.55569906,18.00213971,69.37457141,7.840341192,0.9696674549,0.2081337297,12.17302621,15.33042064,3.942595815,48.2331609,4.987733597,5.347590677,143.8790145,0.9634422843,0.6723569656,0.2018892275,3.920789147,3.43137422,-8.255376831,1.018341207,-22279800,-7.751280845,-91663143457,-5.720086465,78.92571876,7.891711302,-1.301606124,0,0.1698352803,3.132354403,0.4493208514,0.6723569656,1.755694494
2024-05-06,68.62000275,68.83000183,68.19999695,65.81759644,10610700,63.10821629,61.68008263,59.37330816,0.07588946981,0.05481285222,-0.01975675208,TRUE,TRUE,2.306774464,0.1187036707,73.49711131,19.2486026,70.83140112,5.469670573,1.050143213,0.2308875902,15.14380656,13.7905509,3.682333795,47.79193836,4.833065484,5.402350583,157.3258806,0.9562295494,0.6371066004,0.1975716275,3.654082437,3.795566546,-8.255376831,0.723442596,-11669100,5.355813053,-91754004129,-5.730606932,86.28793945,8.336595494,-0.9287262373,0,0.1777910781,3.294920464,0.4444903008,0.6371066004,1.722145231
2024-05-07,69.05000305,69.59999847,68.90000153,66.56421661,14404100,63.2800354,61.85807945,59.38678246,0.08184410712,0.05859596702,-0.01967410927,TRUE,TRUE,2.471296997,0.1212058956,71.65369979,20.98481767,73.82024548,6.805973514,1.160786021,0.2732243185,16.02603832,14.41162472,4.190118944,47.38676557,5.443529515,5.301656536,175.2904948,0.9629701696,0.6380459387,0.1948441207,4.103977103,3.975413701,-8.255376831,0.9741349489,2735000,19.91325414,-91864536876,-5.654516563,86.39209259,9.4927605,0.4686639001,0,0.192934497,3.54451925,0.4414115095,0.6380459387,1.873564917
2024-05-08,69.38999939,70.30999756,69.22000122,67.26296997,13854100,63.5408741,62.02821602,59.40459021,0.090379352,0.06234763785,-0.01958382187,TRUE,TRUE,2.623625813,0.1254606065,72.96635134,23.04389921,76.27087839,6.896306977,1.289984659,0.3219383656,17.16644932,15.91246953,5.605089575,47.1918655,8.407886904,5.291569047,193.8006449,0.9612987535,0.6237538558,0.187462497,4.490543696,3.951585774,-8.255376831,0.9539916177,16589100,-27.6181669,-91928139595,-5.556293639,86.64552636,10.91941536,1.78953135,0,0.1965918966,3.601519712,0.432969395,0.6237538558,1.920579714
2024-05-09,70.22000122,71.41000366,70.06999969,68.28718567,24274600,63.85914555,62.21522919,59.42695917,0.101638921,0.06613338749,-0.01948409333,TRUE,TRUE,2.788270016,0.1292479063,73.23435569,25.51540237,79.3257604,8.494359274,1.4582118,0.3921324052,19.80246497,18.54204695,7.353539293,51.12966255,10.27979382,5.239345469,216.7238228,0.9415560687,0.5941390011,0.1382098288,5.37660818,4.927807346,-8.255376831,1.608074489,40863700,89.48839243,-92017006687,-5.403519796,87.1358399,12.99012216,2.967731904,0,0.2240775217,4.069598904,0.3717658252,0.5941390011,2.043171843
2024-05-10,71.73999786,71.84999847,71.06999969,68.22018433,19564600,64.19751873,62.40052269,59.44899313,0.1155393053,0.06997979316,-0.01937346389,TRUE,TRUE,2.95152956,0.1328248965,69.49627876,28.00095221,78.6127717,4.792526214,1.568051057,0.4015773293,19.22816656,19.30225622,6.274085994,43.63638087,11.01247205,5.24270145,229.621381,0.942450123,0.6495255035,0.1481677546,4.995131271,4.741083182,-8.255376831,1.297597654,21299100,-1.795968357,-92179534325,-5.592706906,87.68415686,13.09536675,3.84070109,0,0.2258121868,4.121091276,0.3849256481,0.6495255035,1.751868915
2024-05-13,71.51000214,71.86000061,71.12999725,68.22018433,10609600,64.56412926,62.59303139,59.47667143,0.1315588638,0.07387269504,-0.01925101416,TRUE,TRUE,3.116359959,0.1374167266,68.18837256,30.31332778,78.6127717,2.341893304,1.636237926,0.3758113592,17.85930968,20.89293673,7.373192426,43.56871308,12.0421326,5.251520027,232.5149056,0.9256018992,0.6109740653,0.1211584637,4.630693538,4.348532512,-8.255376831,0.7133540064,21299100,-27.84499351,-92274724225,-5.78092811,87.69849637,12.23614121,6.232711919,0,0.2210351226,4.043728928,0.3480782437,0.6109740653,1.572395997
2024-05-14,71.58000183,71.68000031,71.05999756,68.40205383,11783200,64.98003597,62.76943069,59.50595871,0.1490448206,0.07778456644,-0.01911669217,TRUE,TRUE,3.263471985,0.1416370198,67.23673103,32.32911709,79.20127758,-0.1244828142,1.68552221,0.3400765145,20.16409589,20.5721695,7.066806873,40.99067547,13.84419388,5.237657506,222.3296065,0.9242314945,0.6125928387,0.1222053519,4.425746992,4.463983856,-8.255376831,0.8049013239,33082300,-28.38614788,-92387536275,-5.904218227,81.94243405,12.05965678,6.289033084,0,0.2291244584,4.200437178,0.3495788208,0.6125928387,1.539164268
2024-05-15,72.19999695,72.73000336,72.08000183,69.4262619,14588300,65.38445568,62.96973183,59.54022722,0.167741317,0.08180480714,-0.01896958677,TRUE,TRUE,3.429504604,0.1469011251,70.92310638,34.66399209,82.1758123,3.563040606,1.786630231,0.3529476279,21.29578447,23.85593204,10.05702567,49.7147396,13.18662429,5.26553429,226.1232686,0.9363940814,0.6115473051,0.1185622484,5.226757944,4.847527973,-8.255376831,0.9947763044,47670600,3.636583217,-92521242924,-6.161705635,81.94765989,14.81824496,9.963946083,0,0.2540312661,4.587044565,0.3443286924,0.6115473051,1.7874349
2024-05-16,72.56999969,72.91000366,72.16999817,69.18696594,12661200,65.75968113,63.1538546,59.57712423,0.1868556034,0.08589940908,-0.01880844313,TRUE,TRUE,3.576730366,0.1524464221,81.9651283,36.90219078,79.32147673,0.7087050325,1.826396321,0.3141709749,18.8860898,18.68941952,12.16250196,43.84562628,12.1663587,5.33847024,223.7111614,0.9302854127,0.6428054752,0.1315025602,4.676509117,4.40485768,-8.255376831,0.8589250886,35009400,13.61144262,-92635981117,-6.285775741,87.59186757,13.98318758,6.367140813,0,0.2198595553,4.025734535,0.3626328173,0.6428054752,1.53201333
2024-05-17,72.19000244,72.51000214,71.94000244,69.2443924,10857800,66.09039612,63.33134117,59.61430838,0.206052294,0.09004577881,-0.01863428845,TRUE,TRUE,3.717032795,0.1567396528,79.66630382,38.53980623,79.50545251,0.3041749283,1.841319485,0.2632753105,19.12078736,19.15318278,12.66127094,44.71178631,10.56089732,5.279434585,223.9009877,0.9204452155,0.6811496154,0.1504399336,4.225685289,4.698341909,-8.255376831,0.756191879,45867200,-41.31648498,-92749535094,-6.545155873,82.04069756,13.60556888,6.259609567,0,0.2312747978,4.327465265,0.3878658707,0.6811496154,1.408656705
2024-05-20,72.5,72.5,72.05999756,69.12953186,6915200,66.38665218,63.50349258,59.65796198,0.2248466687,0.09420585631,-0.01844661716,TRUE,TRUE,3.845530605,0.1609502263,86.16391532,40.06044915,78.01046509,-4.165347211,1.82286506,0.1958567088,19.00093516,18.32362075,12.81415025,41.29704397,9.374537719,5.310386465,222.902173,0.9205471542,0.005556698707,0.006091858861,3.649322128,4.444586151,-8.255376831,0.4898206664,38952000,-41.04337002,-92848562312,-6.839167907,84.90935053,119.0009352,118.3236208,,0.2824587033,4.885804303,0.07805036105,0.005556698707,1.230530703
2024-05-21,72.18000031,72.90000153,72.16000366,69.75171661,8131700,66.69918079,63.6820118,59.70822506,0.2431894261,0.09839619868,-0.01824590038,TRUE,TRUE,3.973786736,0.1636449197,85.89781909,41.67258962,80.1841047,0.8626279678,1.837266046,0.1682061559,18.50329991,19.06272697,14.00168038,44.19991157,9.843243398,5.215348405,224.131353,0.8754939057,0.005805168972,0.007405632149,3.484237419,5.540331891,-8.255376831,0.5822516255,47083700,-27.19401916,-92909622456,-6.888845014,83.95659422,12.63063294,7.081058932,0,0.3209703098,5.813732288,0.08605598264,0.005805168972,1.361940567
2024-05-22,72.47000122,72.72000122,71.94000244,68.9285202,10564400,66.95140533,63.85583923,59.75441879,0.2607599408,0.1025408914,-0.01803361063,TRUE,TRUE,4.101420441,0.1661688568,61.4246622,42.70875317,70.28485987,-9.220592642,1.761943276,0.07430670818,18.01843285,18.01756182,12.62219224,22.08448172,7.896325361,5.230936568,219.1115708,0.8718716819,0.005390665593,0.006448174398,2.979343822,4.630678109,-8.255376831,0.76326855,36519300,-19.1304015,-93001762632,-7.1437778,77.85376234,13.36124209,6.75682124,0,0.2682281099,4.879852602,0.08030052552,0.005390665593,0.9023324789
2024-05-23,71.90000153,71.90000153,70.75,67.76072693,14359300,67.13662529,63.99814613,59.79337416,0.2752583991,0.1065728624,-0.0178101035,TRUE,TRUE,4.204771976,0.1665188278,32.07559736,41.57691022,59.13205859,-18.8784065,1.589693285,-0.07835462598,15.19506075,15.77573421,11.10053531,-9.326314084,5.783033831,5.248052548,208.7634923,0.9079709603,0.00518690231,0.005505263918,2.604365994,3.863433076,-8.255376831,1.042803128,22160000,-9.010087953,-93090772040,-7.259370408,70.02946784,11.77581094,4.455606936,0,0.2340133757,4.086595969,0.07419746571,0.00518690231,0.2989515226
2024-05-24,70.97000122,71.77999878,70.83999634,68.44034576,8183400,67.39076366,64.1637291,59.83507456,0.2866229047,0.1104677199,-0.01757380943,TRUE,TRUE,4.328654537,0.1675247312,35.21866122,40.5259132,62.82875208,-17.35535261,1.490838034,-0.1417679018,18.68739651,16.37590247,12.95187421,-11.46273109,8.022351272,5.26605675,190.4743889,0.9128983407,0.005396745182,0.005891996476,2.182415506,4.123925028,-8.255376831,0.6032557855,30343400,-33.325729,-93140736822,-7.209434035,69.69553308,14.23045039,4.560834785,0,0.2508198709,4.356113742,0.0767593413,0.005396745182,0.5510358144
2024-05-28,71.56999969,71.86000061,71.27999878,68.37333679,8882600,67.59847775,64.32626305,59.87737286,0.2948293462,0.1141938083,-0.0173256064,TRUE,TRUE,4.44889019,0.1672822449,26.73273801,39.62534068,62.23104281,-8.053817058,1.391052286,-0.1932429196,16.36798275,15.96522892,14.37867539,-22.94482029,6.4689236,5.233322085,176.1813491,0.9070368919,0.005575084114,0.006365502278,1.884206874,4.300507093,-8.255376831,0.6691065334,21460800,-39.50872032,-93238649195,-7.257445734,68.81706263,12.18393564,4.502490591,0,0.2599447114,4.544574564,0.0797840979,0.005575084114,0.4398076476
2024-05-29,70.80999756,70.90000153,70.25,67.49271393,14059300,67.77891197,64.46563263,59.91363537,0.298960459,0.1177020319,-0.01706655998,TRUE,TRUE,4.551997261,0.1667261648,3.30600016,37.26630863,54.84652176,-4.285536838,1.226771004,-0.2860193612,14.51762952,14.28932246,12.90552106,-90.74937205,5.648805459,5.172583827,153.1058766,0.9091613808,0.005369003983,0.005882751304,1.841221789,3.425287128,-8.255376831,1.062268987,7401500,-5.403568737,-93371986713,-7.452496824,60.97886546,11.82071643,4.256380732,0,0.20934588,3.652975822,0.07669909585,0.005369003983,-0.18692819
2024-05-30,70.73999786,71.51000214,70.61000061,68.40205383,9064800,67.96796036,64.61246826,59.9568236,0.2997456644,0.1210106875,-0.01679691326,TRUE,TRUE,4.655644665,0.166931572,1.680728554,35.71679185,60.11029375,-2.718458335,1.156620237,-0.2849361025,16.0231754,15.46138675,14.87132797,-69.47156477,5.850981374,5.09027065,134.2431686,0.9183937157,0.005765261536,0.006643653364,1.828288537,3.861618232,-8.255376831,0.7177705784,16466300,-57.21305208,-93425528318,-7.750254631,57.32159288,12.93556523,4.363292418,0,0.2376212765,4.104291681,0.08150860914,0.005765261536,0.3233635499
2024-05-31,71.69999695,72.79000092,71.38999939,69.60813904,12388800,68.20008354,64.78189407,60.01089357,0.2980597594,0.1241403346,-0.01651581445,TRUE,TRUE,4.7710005,0.1695799987,17.40707145,35.35373888,65.80425326,3.573210444,1.184689878,-0.2054931695,18.79586429,18.43737374,15.83456199,-24.13007813,7.146025434,5.086743996,118.8523657,0.9348010839,0.006040156179,0.007036526769,1.732427207,4.021522478,-8.255376831,0.9884699253,28855100,-13.39350004,-93469452957,-7.597634262,55.37421965,15.54384841,6.718585639,0,0.2516281981,4.269372316,0.08388400782,0.006040156179,1.184709692
2024-06-03,72.59999847,72.66999817,71.62999725,68.81364441,18457900,68.36663704,64.93734444,60.05968494,0.2930901936,0.1270606759,-0.0162242967,TRUE,TRUE,4.877659492,0.1710506988,6.768473078,35.01661827,59.75343547,4.906913715,1.129802533,-0.2083044112,15.49384417,16.58184325,15.36530257,-53.99825614,5.086956299,5.085481534,100.7236479,0.9503819924,0.005797614286,0.006271326768,1.669171754,3.457189166,-8.255376831,1.452145344,10397200,23.80789483,-93587879921,-7.571275972,46.075364,12.69742427,6.348315643,0,0.2210457435,3.688475657,0.07919170896,0.005797614286,0.4437958505
2024-06-04,71.70999908,72.11000061,71.06999969,68.78494263,14709800,68.51500435,65.09049774,60.10898588,0.2845001578,0.1297557463,-0.01592369749,TRUE,TRUE,4.98151186,0.1722625819,4.444527101,33.92908912,59.54043787,-0.5698558812,1.071634785,-0.2131777279,15.77772625,15.12080925,14.13071032,-55.07726902,4.508439007,5.070629338,81.1531871,0.9509857533,0.005762900902,0.006188718135,1.629699686,3.373389299,-8.255376831,1.138905374,-4312600,38.63175851,-93667229535,-7.406568055,45.24140376,13.69118584,6.539974257,0,0.2160512689,3.602906859,0.07866840621,0.005762900902,0.3326280678
2024-06-05,71.77999878,71.83999634,71.33000183,68.39247894,8960200,68.60641747,65.23005852,60.15478512,0.2717984486,0.132262537,-0.01561396739,TRUE,TRUE,5.075273399,0.1728868064,-12.94965404,32.91924063,56.57095618,-9.233297073,0.9825417556,-0.2418166055,14.02390061,14.91618192,12.94186882,-69.83152255,2.746614355,4.966786413,67.10325157,0.9556257078,0.00552605307,0.005638648517,1.706344082,3.060070354,-8.255376831,0.7086781076,-13272800,-37.79410029,-93779409641,-7.572534137,37.59074071,11.5108896,5.578594301,0,0.1974311871,3.27613171,0.07509093499,0.00552605307,-0.3188199041
2024-06-06,71.29000092,71.70999908,70.61000061,67.6841507,9092400,68.6274765,65.36942802,60.19890862,0.2555064916,0.1345193848,-0.01529589728,TRUE,TRUE,5.170519409,0.1709317065,-17.78032328,31.03914872,51.57175824,-8.181677233,0.8450376504,-0.3034565685,12.11542022,14.54053273,11.85763871,-96.82444629,0.6261702766,5.001223098,63.21335331,0.9570730528,0.005523591196,0.005616397174,1.868791696,3.036648403,-8.255376831,0.7329356319,-22365200,-34.3703308,-93836871195,-7.693114035,30.23505803,10.25666901,4.946455541,0,0.19628347,3.252127941,0.07494262588,0.005523591196,-1.492288822
2024-06-07,70.09999847,70.66000366,69.91999817,66.94709778,8143400,68.56047211,65.46017143,60.23850719,0.2356336413,0.1365147151,-0.01496967235,TRUE,TRUE,5.221664238,0.1680464071,-25.15721642,29.12791687,46.9249045,-12.61553337,0.6688802111,-0.3836912063,10.61620681,11.79855877,8.792503377,-99.76164569,-1.962429521,5.019241592,73.30666048,0.9691935246,0.005303149093,0.005048749131,2.146952348,2.516398742,-8.255376831,0.7020841209,-30508600,-66.45300026,-93910445236,-8.162150574,30.82788054,9.455460375,2.51927691,0,0.1661066362,2.717695005,0.07105455039,0.005303149093,-2.2008564
2024-06-10,69.93000031,70.95999908,69.75,67.80857849,9795700,68.53989182,65.5595295,60.28124701,0.2137398574,0.1383291638,-0.01463491763,TRUE,TRUE,5.27828249,0.1654025274,-13.37217654,27.08122836,52.33134621,-4.239609976,0.5919646649,-0.368485402,11.48004212,13.48673317,9.713931468,-61.632399,-0.6033490513,5.035246365,74.873309,0.9712817264,0.005617226369,0.005636107122,2.259845742,3.078991206,-8.255376831,0.8816654591,-20712900,-49.93150895,-93951674981,-7.97510747,36.54001952,10.28949622,3.974748291,0,0.2019039099,3.295674018,0.07507401096,0.005617226369,-0.9767343446
2024-06-11,70.23999786,70.51000214,69.80999756,67.39699554,11347400,68.49873238,65.6583136,60.32365484,0.1905167844,0.1399719297,-0.01429229985,TRUE,TRUE,5.334658756,0.1618037652,-24.35640251,25.18073189,49.72522851,-1.846529725,0.4921243334,-0.3746605868,11.8860993,13.01134564,9.688584494,-77.40143904,-1.206664552,4.952696373,78.87878969,0.976892235,0.005555458741,0.005449731612,2.251607616,2.858453924,-8.255376831,1.017946882,-32060300,6.954079324,-94041254152,-7.923549151,30.62839064,11.90799824,4.702964677,0,0.1891816086,3.070318728,0.07382229753,0.005555458741,-1.396746623
2024-06-12,71.30000305,71.30999756,69.72000122,66.95667267,12456100,68.42646332,65.74618523,60.36162197,0.166911548,0.1414253506,-0.01394134531,TRUE,TRUE,5.384563255,0.1575563107,-21.23715068,24.29478904,47.02700455,0.1021000519,0.3731681253,-0.3948934359,10.40687772,11.5517448,9.169284729,-90.01071098,-2.113066909,5.086047787,86.10179302,0.9822660529,0.005340910436,0.00498457869,2.457242198,2.542733015,-8.255376831,1.114043172,-44516400,5.710672822,-94097006323,-7.644541369,38.02209381,10.75467762,3.090538996,0,0.1698997849,2.742180435,0.07060154878,0.005340910436,-1.707038376
2024-06-13,70.05999756,70.37000275,69.37999725,67.10982513,11487000,68.31064148,65.84209755,60.40040152,0.1428546907,0.142711103,-0.01358231726,TRUE,TRUE,5.441696033,0.1541110069,-7.870394714,23.04074997,48.08225241,-4.2490938,0.2879334795,-0.3841024654,11.5500152,12.26425142,9.435511076,-66.57389094,-3.336542548,5.121469155,87.51339921,0.9778414282,0.005213374264,0.004792804846,2.540675726,2.37649433,-8.255376831,1.041817826,-33029400,-21.258817,-94161174782,-7.436712122,38.76521507,12.51022738,4.764101763,0,0.1586676775,2.57272084,0.06923008628,0.005213374264,-1.372151415
2024-06-14,69.69999695,70.02999878,69.41000366,66.94709778,10140300,68.19864807,65.93724388,60.43724791,0.1187222606,0.1438160229,-0.01321504424,TRUE,TRUE,5.499995975,0.1501925476,-19.25935474,21.87628513,47.01068913,-2.714539382,0.2048918058,-0.3737153113,11.12171336,7.917133852,9.23608598,-71.34594904,-3.237413483,5.016650595,90.00522491,0.9792288432,0.005161711586,0.004683583439,2.701459506,2.273728005,-7.769225277,0.930313421,-43169700,-19.91043503,-94251878957,-7.412460421,33.165438,12.29380698,2.555815678,0,0.1524362441,2.468212608,0.06843671119,0.005161711586,-1.39053071
2024-06-17,69.56999969,69.73000336,69.09999847,66.21006012,10513200,68.04693146,66.01401222,60.47176188,0.09397664637,0.1447438515,-0.01284226544,TRUE,TRUE,5.542250347,0.1445807074,-25.68177228,20.38640585,42.40146647,-4.625538085,0.07870068915,-0.3999251423,9.394295309,8.138999284,6.871482581,-78.31806077,-4.3820621,5.00380136,96.76974626,0.991848136,0.005020906873,0.004319701,2.962320284,1.992892963,-7.769225277,0.9660519111,-53682900,-3.173755273,-94358843790,-7.393922602,27.30959815,10.62870723,3.702310876,0,0.1362152692,2.177286306,0.06572443229,0.005020906873,-1.898187614
2024-06-18,68.61000061,69.22000122,68.55000305,66.2387619,12286800,67.90239296,66.08312263,60.50926481,0.06890176544,0.1454496199,-0.01246351237,TRUE,TRUE,5.573857822,0.1388746954,-16.56153518,19.5277226,42.63733189,-5.444920514,-0.01877426792,-0.3979200795,8.48094759,10.09690428,6.345875901,-54.51043194,-4.181671538,5.053747282,101.2343689,0.9919272262,0.005003410372,0.004289841119,3.128775864,1.966651597,-7.769225277,1.101834103,-41396100,77.67815826,-94455900248,-7.207001637,27.66037206,9.774117167,4.25931961,0,0.1344820812,2.149424525,0.06549687869,0.005003410372,-1.643346104
2024-06-20,69.41999817,69.94000244,69.19000244,66.81309509,13974000,67.75546188,66.15682785,60.55113216,0.04438322196,0.1459553138,-0.01207788326,TRUE,TRUE,5.605695686,0.1343128796,-21.95766359,18.43161067,47.28885361,0.2781644793,-0.04911383139,-0.3426077144,9.284493373,11.30267965,8.540924429,-40.96483099,-4.212973764,4.976516641,94.05136393,0.995493932,0.005067908132,0.004368576334,3.275129068,2.065193332,-7.769225277,1.221146973,-27422100,71.84598546,-94558447324,-7.204299042,29.71138935,11.5210163,6.166115735,0,0.1413271983,2.250544843,0.06609520659,0.005067908132,-1.001970361
2024-06-21,70.05999756,70.13999939,69.33999634,66.42063141,9495400,67.63006744,66.24431656,60.59551531,0.02046742948,0.1462248105,-0.0116862703,TRUE,TRUE,5.64880125,0.1276233249,-49.62766747,17.6429093,44.62584595,2.22437948,-0.1036320872,-0.3177007761,8.812919236,10.02246353,7.043528967,-51.683839,-3.638390592,4.891817432,94.30628565,0.9859598366,0.005141340862,0.004583446656,2.484678737,2.23285406,-7.769225277,0.8336691575,-36917500,-10.11888986,-94637243804,-7.179530143,22.42049229,11.283798,6.008456637,0,0.1507693629,2.424320242,0.06770115697,0.005141340862,-1.282455381
2024-06-24,68.81999969,69.97000122,68.76999664,67.29389191,8978400,67.60672569,66.35175926,60.64361172,-0.001877835496,0.1462983411,-0.01128853964,TRUE,TRUE,5.708147545,0.1249199283,-23.37501863,16.56957468,51.20964585,8.572313955,-0.07550302179,-0.2316573686,10.08815507,13.77709308,9.288895382,-35.28404512,-0.6889463014,4.880083651,94.54330341,0.9362437417,0.00478985016,0.00442104575,2.516982316,1.934393726,-7.769225277,0.8073487222,-27939100,-37.47327516,-94668310551,-7.092709731,29.79552838,10.70833253,7.116868843,0,0.1251177011,2.120446021,0.06649094488,0.00478985016,-0.3308894176
2024-06-25,69.59999847,69.79000092,68.86000061,66.65704346,12549700,67.51756058,66.45584572,60.68474545,-0.02219109456,0.1461474077,-0.01088444516,TRUE,TRUE,5.771100273,0.1216311925,-29.9292835,15.57290681,46.83615965,-0.4526939583,-0.1034068723,-0.2076489753,8.536434247,12.50169409,9.869360813,-57.53688321,-2.605630184,4.840955338,94.67671972,0.9434571462,0.004516784193,0.003873348031,2.130404198,1.460660784,-7.769225277,1.106757467,-40488800,53.35557348,-94740314965,-7.053336155,30.31800176,9.27887168,6.973295454,0,0.09694807219,1.63056411,0.06223622764,0.004516784193,-0.9089004382
2024-06-26,68.81999969,68.94000244,68.37999725,66.37721252,6941000,67.41775436,66.56563049,60.72191439,-0.04084113272,0.1456993383,-0.01047525836,FALSE,TRUE,5.843716106,0.1170226805,-28.80135467,15.22762104,45.0168952,0.3910492513,-0.146413133,-0.2005241888,9.324671326,11.65371181,8.341870254,-60.14365248,-2.919448372,4.778278507,95.69636614,0.9413482636,0.004556402053,0.003958977717,1.49876621,1.517190476,-7.769225277,0.6174124361,-47429800,-21.85846486,-94796903108,-6.930451987,30.79857309,9.858768818,6.622611828,0,0.1002348274,1.689656855,0.0629204078,0.004556402053,-1.087336836
2024-06-27,68.84999847,69,68.44000244,66.49300385,5449800,67.36776886,66.69381218,60.7584495,-0.05708452354,0.1450028017,-0.01006118818,FALSE,TRUE,5.935362682,0.1125646602,-18.59834037,14.81917517,45.95242101,-5.257224842,-0.1692020566,-0.1786504899,6.542350952,11.17384119,8.497805083,-64.40249869,-1.48121186,4.695327534,97.87043828,0.9413551753,0.004565916129,0.003977290627,1.585168653,1.518823265,-7.769225277,0.5040694698,-41980000,-61.23704594,-94840248620,-6.79021249,35.38423544,7.363372699,,0,0.1002482461,1.689883451,0.0630657643,0.004565916129,-0.8937990164
2024-06-28,68.91000366,69,67.81999969,65.75,11531500,67.23516617,66.78205482,60.79089642,-0.0716190037,0.1440757302,-0.009643277401,FALSE,TRUE,5.991158409,0.1062483773,-18.67390585,15.1507268,41.11786291,-5.718296739,-0.2443993598,-0.2030782345,4.629683926,10.00140278,8.893389408,-59.31234848,-3.877155267,4.697451781,101.0345025,0.9524013313,0.004483232117,0.00374594858,1.748081759,1.301302426,-7.769225277,1.054555398,-53511500,27.21185244,-94892238078,-6.706528613,34.62844288,5.984341383,5.343665291,0,0.08794056793,1.465110281,0.06120415492,0.004483232117,-1.469959402
2024-07-01,68.84999847,68.97000122,67.59999847,65.29649353,8378900,67.01958389,66.85433556,60.81753061,-0.08446618159,0.1428867625,-0.009222475842,FALSE,TRUE,6.036804943,0.09878681635,-41.85020235,15.6906041,38.45826959,-6.558625614,-0.3367066022,-0.2363083815,4.544994529,8.467419347,8.142304137,-62.08909737,-6.194168624,4.643340954,93.45159545,0.9570521536,0.006173156688,0.01381171291,1.487097661,1.159501057,-7.769225277,0.7805620132,-61890400,-32.36713806,-94928793327,-6.797465399,28.20181606,104.5449945,108.4674193,,0.09294640567,1.548929342,0.1175232441,0.006173156688,-1.843831937
2024-07-02,67.83000183,68.15000153,67.72000122,65.63420868,8362100,66.86061211,66.91441788,60.84146852,-0.0951794055,0.1414530923,-0.008798878751,FALSE,TRUE,6.072949352,0.09201448414,-29.73313121,16.19191873,41.49316045,-4.459260561,-0.3782497393,-0.2222812149,4.908832569,9.16613878,7.505630957,-52.98626092,-4.620356555,4.63600012,88.22295943,0.9583138498,0.006128533079,0.01361161167,1.515690093,1.220030464,-7.769225277,0.8174371472,-53528300,-54.69636307,-95018279117,-6.991434196,28.8504713,5.404785197,4.060542402,0,0.08945700852,1.47840699,0.1166688119,0.006128533079,-1.390118213
2024-07-03,68.12000275,68.91000366,67.98999786,66.02983093,6620600,66.72285652,66.97092628,60.86869066,-0.1032532255,0.1398186953,-0.008371755811,FALSE,TRUE,6.102235622,0.08640703306,-15.75191221,15.43820241,44.91991374,3.802050832,-0.3749276328,-0.1751672867,5.962720235,8.251574978,7.349844355,-56.68466136,-4.005399422,4.539292564,77.44563278,0.957765612,0.00615306489,0.01374559875,1.591041245,1.204943244,-7.769225277,0.6738390434,-46907700,-54.99191016,-95053111455,-7.052694222,25.67810402,5.167606856,1.386672667,0,0.08840969688,1.462081417,0.1172416255,0.00615306489,-0.894854318
2024-07-05,68.54000092,68.83999634,68.23000336,66.14562988,6915300,66.61051407,67.02381599,60.89671755,-0.1087936135,0.1379853863,-0.007940730053,FALSE,TRUE,6.127098446,0.08139305613,-16.49143777,14.73832297,45.91838247,7.460112884,-0.3588146401,-0.1272434352,6.360930394,8.037866538,6.328547908,-57.25858532,-3.285228281,4.466211932,67.62514518,0.9559353034,0.006073301245,0.01344230614,1.653493009,1.103879739,-7.769225277,0.711234759,-39992400,-22.82203522,-95107286538,-6.828570016,31.80608279,5.957100148,1.835047013,0,0.08181956966,1.355726587,0.1159409597,0.006073301245,-0.6874427915
2024-07-08,68.61000061,68.83999634,68.36000061,66.21318054,6817200,66.53696556,67.07039902,60.9267281,-0.1120508248,0.1359315187,-0.00750701301,FALSE,TRUE,6.143670921,0.07448883078,-12.76052721,14.08843492,46.52733208,5.034171638,-0.3367127883,-0.08411326673,6.15910899,8.484637801,7.745978689,-54.59911151,-2.173285974,4.437296178,63.18725372,0.9264076823,0.006328629998,0.0155390505,1.702730361,1.657566864,-7.769225277,0.7094458534,-33175200,-25.02309621,-95175084704,-6.963196219,37.93391569,6.586457099,2.355537997,0,0.1139108998,1.949259127,0.1246557279,0.006328629998,-0.5124214139
2024-07-09,68.62000275,69.40000153,68.55000305,66.40616608,10800600,66.50991898,67.11739578,60.95742142,-0.1136087547,0.1337205231,-0.007070500662,FALSE,TRUE,6.159974365,0.06745849773,3.765900027,13.53561704,48.31774416,3.397830417,-0.3001644824,-0.03805196864,5.770528458,8.396174821,8.853248215,-47.00125855,-0.8079987327,4.467847197,62.49322016,0.9257660394,0.006406056573,0.01593864223,1.684727271,1.799330328,-7.769225277,1.108657829,-22374600,32.63010536,-95240367110,-6.825677724,46.23724385,6.466170826,2.850263462,0,0.1226387326,2.100091691,0.1262483356,0.006406056573,-0.1660226484
2024-07-10,69.08000183,69.48999786,68.55999756,67.03337097,6900000,66.4711586,67.19091164,60.99440142,-0.1129618176,0.1313744143,-0.006630577941,FALSE,TRUE,6.19651022,0.0604121899,13.68619685,13.15114228,53.73906284,7.820680374,-0.218075653,0.0352294886,6.186710971,8.628790246,10.35389758,-22.30816135,-1.143229274,4.433916858,56.09063622,0.9244728423,0.006725760831,0.01761160314,1.635056015,2.288932775,-7.011013948,0.7189548272,-15474600,-29.5609298,-95269920271,-6.867817497,53.83888124,5.837126689,2.162969817,0,0.1528081881,2.620891629,0.1327087154,0.006725760831,1.002328392
2024-07-11,69.81999969,70.93000031,69.79000092,68.25881958,14883200,66.5142498,67.27170692,61.03807297,-0.1092383008,0.1289102464,-0.006186150087,TRUE,TRUE,6.233633957,0.05410749388,22.38992551,14.42906332,62.10344008,15.57610799,-0.05351926628,0.1598287002,10.01290006,11.5239935,10.99051506,19.78440672,1.278727677,4.374761088,66.01085913,0.9385930089,0.007227484486,0.01969199934,2.878426441,3.028867139,-6.996592169,1.522725215,-591400,31.15956078,-95324783980,-6.566004732,54.25983776,8.201281512,3.801407628,0,0.2017078129,3.407046736,0.1403281844,0.007227484486,2.642852709
2024-07-12,70.98999786,71.72000122,70.68000031,68.76057434,8262100,66.60444489,67.36923782,61.08467653,-0.1023831888,0.1263580522,-0.005737247312,TRUE,TRUE,6.284561291,0.04685293761,35.63551735,16.24784811,64.90168984,16.58394567,0.1160426047,0.263512457,11.04428872,12.36120407,10.2015186,28.16929837,2.694132788,4.356786641,82.61087151,0.9196628276,0.00755652273,0.02240924919,3.428319321,3.682589249,-6.387259411,0.8638428833,7670700,-33.67024992,-95363543148,-6.621130359,61.61379247,8.146098058,4.107056167,0,0.2381157303,4.108599811,0.1496971917,0.00755652273,2.609982701
2024-07-15,70.45999908,70.68000031,69.41999817,67.09125519,14913800,66.60351639,67.4186412,61.13182125,-0.09463022963,0.1236442375,-0.005285011868,FALSE,TRUE,6.286819954,0.0385049582,-2.752325902,16.13188722,51.32365741,-2.41540543,0.1144027409,0.2094980746,9.17540263,12.24535643,7.15759955,-12.34812978,-0.02767098,4.291657607,82.55210287,0.9493022533,0.006715891006,0.01665383925,3.442292396,2.309335412,-6.387259411,1.531868038,-7243100,29.83198398,-95433584485,-6.534765635,51.7560507,4.984763018,3.20466656,0,0.157416834,2.626777773,0.1290497549,0.006715891006,0.5908254098
2024-07-16,69.94999695,70.19000244,69.73999786,67.61231995,7504600,66.6367775,67.4715741,61.18712029,-0.08560332334,0.1207641174,-0.004829500926,TRUE,TRUE,6.284453812,0.03127551141,13.18241446,16.02420925,54.52196024,-7.581479838,0.1533806319,0.1987807724,11.04380018,12.47400284,8.409844629,0.2990646591,0.9936534817,4.32224859,85.30355958,0.9512699465,0.00678010429,0.01690571922,3.373438024,2.364317796,-6.387259411,0.7814109045,261500,-25.99232764,-95512054459,-6.560741937,59.93293471,5.028270478,2.531634163,0,0.1612431703,2.685121518,0.1300219951,0.00678010429,1.143612828
2024-07-17,70,71,69.81999969,67.65090942,13758000,66.70881996,67.5149408,61.24872551,-0.0755940869,0.1177494633,-0.004370586135,TRUE,TRUE,6.266215286,0.02538595981,18.18175878,16.64797812,54.75904047,-10.14264937,0.185249301,0.1845195532,12.59403507,13.77803714,9.735713374,1.235701839,2.176178819,4.436424017,87.56440739,0.9339419323,0.006483921863,0.01605997898,3.272299221,1.989133042,-6.387259411,1.408743466,14019500,30.86405661,-95576392690,-6.233515253,67.3407079,6.519031253,4.168814515,0,0.1348703764,2.288498752,0.1267279724,0.006483921863,1.075881731
2024-07-18,70.01999664,70.73000336,69.93000031,67.59302521,6771300,66.77653313,67.55044937,61.30957106,-0.06488750859,0.1145871646,-0.003909584271,TRUE,TRUE,6.240878315,0.02009592451,15.83345779,17.22719207,54.30175917,2.978101758,0.2034889841,0.162207389,10.19787238,15.35679535,10.49457735,-0.1692539309,2.044517842,4.488443153,88.96321304,0.9286290624,0.006299915063,0.01534557534,3.183877173,1.714873639,-6.387259411,0.7134913004,7248200,-44.88963766,-95622724738,-6.147409822,62.52407052,4.771686123,5.078583235,0,0.1170646645,1.997985239,0.1238772592,0.006299915063,0.9177861869
2024-07-19,70.18000031,70.34999847,69.70999908,67.67021179,6492700,66.81938896,67.57256927,61.38368748,-0.05419564613,0.1113490427,-0.003446778942,TRUE,TRUE,6.188881798,0.01519148366,30.56867951,17.44389408,54.84328145,0.321321213,0.2216177056,0.1442688885,9.70738702,16.73684299,9.501868947,1.704205608,1.282857347,4.509709574,91.18533339,0.9274701188,0.006227066535,0.01503113308,2.991221735,1.615664642,-6.387259411,0.7122070224,13740900,-53.53728353,-95670604124,-6.099818899,64.8742455,4.628997346,6.867187477,0,0.1107697766,1.892922517,0.1226015215,0.006227066535,0.9330698245
2024-07-22,70.5,70.87999725,70.26000214,68.23952484,6482700,66.91033363,67.59210037,61.45759382,-0.04277685782,0.1080247267,-0.002981890374,TRUE,TRUE,6.13450655,0.01163762128,46.00327957,18.13210396,58.72805562,3.969015151,0.278710848,0.1610896247,8.956448866,17.87339539,8.442213541,12.98809052,2.738446465,4.471016364,95.94519601,0.9301227717,0.006313983753,0.01536924542,2.678720492,1.678855294,-6.387259411,0.7230576616,20223600,-31.72799461,-95719339248,-6.034656867,70.94481865,3.691259056,7.9709,0,0.1150138545,1.959897612,0.1239727608,0.006313983753,1.385365045
2024-07-23,70.58000183,70.70999908,70.23000336,67.81494904,6343200,66.93638649,67.58265564,61.52965946,-0.03027213333,0.1046018326,-0.002514837352,TRUE,TRUE,6.052996178,0.007437725019,33.63109035,18.72409345,54.93261286,0.6308536895,0.2863964555,0.1350201857,7.294646754,17.73854708,6.1775961,-4.692993849,0.7743007785,4.458664073,97.73231503,0.934711679,0.006172976106,0.01455293815,2.415368113,1.418158947,-6.387259411,0.7180508302,13880400,-29.35044106,-95789512902,-6.346010523,71.94598622,2.834492672,8.21448537,0,0.09920462714,1.681985441,0.1206355592,0.006172976106,0.8989478511
2024-07-24,70.77999878,71.34999847,70.34999847,68.57724762,12642400,67.0323967,67.58979691,61.60708839,-0.01679567581,0.1011340424,-0.002044412943,TRUE,TRUE,5.982708511,0.003094307003,37.18327207,19.8332277,59.93867962,5.095398162,0.349964309,0.1588704314,7.993719259,18.84654857,7.65419013,9.949698431,2.880722071,4.436105341,104.0700265,0.9306379348,0.006551048201,0.01650087424,2.170833811,2.054056743,-6.387259411,1.430370366,26522800,0.7386630756,-95846978952,-6.260438574,73.31812213,4.881030776,10.52708029,0,0.1387885957,2.363810787,0.1284557287,0.006551048201,1.484434062
2024-07-25,71.40000153,71.77999878,70.18000031,68.0079422,13333000,67.11393318,67.58555206,61.6779088,-0.003000729209,0.09762934452,-0.001571043503,TRUE,TRUE,5.907643261,-0.001012330454,25.49547583,21.19896806,55.02300165,-3.70505397,0.3503653081,0.1274171444,6.455311055,19.49167822,6.573149283,-10.29411109,2.456761309,4.514473875,105.0502199,0.9247675184,0.006164740065,0.01482723435,1.940374933,1.4405753,-6.387259411,1.455861719,13189800,92.09047688,-95896512050,-6.003444703,64.73365161,2.659657419,11.30486794,0,0.09973061272,1.709612344,0.1217671316,0.006164740065,0.8510301251
2024-07-26,71.04000092,71.30999756,70.77999878,68.67372894,8353200,67.22296944,67.59098557,61.74937767,0.01201950733,0.09408995587,-0.001094424206,TRUE,TRUE,5.841607895,-0.004805906762,31.13547173,22.46715555,59.23368178,4.301068916,0.3997979074,0.141479795,7.20834503,18.52622072,7.616483159,3.830528011,3.279630896,4.533913015,109.4896631,0.9279620463,0.006425357518,0.01598598789,1.66908217,1.863480083,-6.387259411,0.8978730174,21543000,53.27534955,-95971258208,-6.078526741,65.19380218,2.535016405,9.76391006,0,0.1262628497,2.156797329,0.1264357066,0.006425357518,1.325019609
2024-07-29,71.44000244,71.72000122,70.86000061,68.98251343,7575600,67.38459511,67.5821106,61.81867552,0.02747269881,0.09055716383,-0.0006151700462,TRUE,TRUE,5.763435078,-0.007110198652,32.12997489,23.9643036,61.05473026,1.116050649,0.458603431,0.1602282548,8.878077892,18.70904993,10.04711919,13.12160587,4.916370232,4.499064744,110.4561665,0.9191396487,0.006299749376,0.01567656909,1.660866237,1.678690445,-6.387259411,0.8319783867,29118600,-34.30516412,-96011910742,-6.148314701,64.44368066,4.732998811,10.13997578,0,0.1137169757,1.961694804,0.1252061064,0.006299749376,1.446653791
2024-07-30,71.41000366,71.91999817,71.26000214,69.33953857,8348200,67.58674736,67.58516205,61.88529106,0.04218514378,0.08703949904,-0.000132887236,TRUE,TRUE,5.699870987,-0.008487522711,29.76338877,25.50430678,63.10681007,8.083808418,0.5279305231,0.1836442776,7.973464238,18.56799273,10.86415327,-3.218383789,6.191825664,4.460823715,107.1776638,0.9190203276,0.006294015468,0.01565156067,1.915169691,1.674392326,-6.387259411,0.9169825538,37466800,-0.3663965437,-96068842307,-6.261260064,64.89314349,3.558975374,10.22344489,0,0.1134419248,1.957196254,0.1251061976,0.006294015468,1.635407185
2024-07-31,72.87000275,72.94999695,72.08999634,70.23692322,10882700,67.81688309,67.60501266,61.96071987,0.05682228375,0.08357762683,0.0003524253617,TRUE,TRUE,5.644292793,-0.007760684137,26.65809848,27.59787944,67.71197808,8.478296301,0.6478165581,0.24282425,9.944416296,20.14147473,12.24876198,23.14236066,7.012676211,4.374727219,112.3368379,0.9275130685,0.006430325047,0.01603177846,2.987213436,1.801270262,-6.387259411,1.179054867,48349500,30.14314586,-96126623668,-6.004020313,63.91829036,3.045506112,10.64876823,0,0.1224316246,2.092616986,0.1266166595,0.006430325047,2.154271187
2024-08-01,72.93000031,74.19999695,72.83999634,71.5009613,16283700,68.09043961,67.65244125,62.0393652,0.07175428434,0.08023850997,0.0008412229085,TRUE,TRUE,5.613076057,-0.004658022004,33.4905977,30.13015752,72.85238165,11.79765138,0.8351967854,0.3441635819,10.64648646,22.56237924,15.68318977,43.53480473,8.285846403,4.347526489,131.5082293,0.9513056977,0.006490463685,0.01548298228,4.499668738,2.114451409,-6.387259411,1.676454918,64633200,145.9550494,-96174972714,-5.77494619,66.14059307,5.518833953,13.81371701,0,0.1451842767,2.416652737,0.1244306324,0.006490463685,2.593390327
2024-08-02,75.04000092,75.55999756,73.20999908,71.61675262,24128600,68.36399574,67.68974197,62.11572094,0.08676388561,0.07702589095,0.001333875699,TRUE,TRUE,5.574021034,-0.0004159103271,68.26788509,32.94600064,73.27216013,10.16535006,0.9817236582,0.3925523637,10.23783288,20.46718978,15.87053144,32.59408611,8.271329113,4.553896148,145.1230453,0.9423638743,0.006310532056,0.01492236081,4.3256044,1.861497302,-6.387259411,2.281914612,88761800,248.9161714,-96231818617,-5.317519841,78.2750942,7.741673993,14.28909146,0,0.1280420437,2.152013123,0.1221571153,0.006310532056,2.2413786
2024-08-05,74.61000061,74.61000061,72.18000031,69.72550201,20549900,68.53961182,67.70568161,62.18337282,0.1004841812,0.07389158075,0.001828439144,TRUE,TRUE,5.522308788,0.001629343799,26.41737079,34.04067492,57.60454367,-10.10743441,0.9344671861,0.2762367133,6.479475778,19.44125027,15.44184474,0.2650074142,5.30456541,4.666609466,138.8414468,0.9997674541,0.01326739451,0.08638262643,4.120169451,0.7779644602,-6.387259411,1.824958539,68211900,201.441941,-96293882664,-4.967809793,67.22254948,106.4794758,119.4412503,,0.1112079323,1.830292617,0.2939092146,0.01326739451,0.8541326999
2024-08-06,72.54000092,73.70999908,72.48999786,70.3141098,14643200,68.735009,67.75674927,62.25641308,0.1135573156,0.07085620368,0.002325649263,TRUE,TRUE,5.500336189,0.006238642187,31.15133883,35.05715817,60.43974939,-12.41263226,0.9337481533,0.2204141444,6.831779965,23.01017807,17.78085301,10.32668163,5.88491093,4.688172364,134.6728025,0.9867506239,0.0129811886,0.08589868514,3.875791669,0.6062957423,-6.387259411,1.278591203,82855100,35.57765309,-96360758540,-4.891426143,58.41566669,7.554625737,16.97501841,0,0.08506158941,1.414695867,0.2930847747,0.0129811886,1.172546179
2024-08-07,73.47000122,74.13999939,73,70.70972443,12379400,68.91882668,67.80213684,62.33420589,0.1252984109,0.0679721599,0.00282561958,TRUE,TRUE,5.467930946,0.01127028936,35.0704651,36.21270702,62.26627577,-11.00588435,0.9541028053,0.1926150371,6.227832345,23.25194546,18.46204167,17.08932654,5.484363089,4.737381227,135.3125065,0.9887143655,0.01309895991,0.08703567825,3.589091417,0.7819066291,-6.387259411,1.05567056,95234500,79.4115942,-96422878734,-4.91600686,63.79492477,7.216434105,17.7718575,0,0.09724758848,1.614369278,0.2950180982,0.01309895991,1.323527143
2024-08-08,73,73.80999756,72.79000092,70.7869339,11680200,69.04523239,67.85040878,62.4152533,0.1358449856,0.06525031258,0.003327771373,TRUE,TRUE,5.435155487,0.01629016322,35.07063232,36.96976155,62.62892391,5.024380246,0.965336376,0.1630788863,5.23908464,23.30489877,18.03792265,11.28129932,3.703718193,4.766855186,140.5302899,0.9886939876,0.01311291076,0.08728198303,3.28761211,0.8111426344,-6.387259411,1.009836661,106914700,-21.52090948,-96480434033,-4.995709791,61.76179183,4.414385795,16.18164675,0,0.09879591352,1.640212784,0.2954352434,0.01311291076,1.239378008
2024-08-09,73.54000092,73.70999908,72.34999847,71.0281601,8354200,69.15861168,67.92111771,62.49981104,0.1456294084,0.06269769909,0.003833145225,TRUE,TRUE,5.421306667,0.02187110644,32.58170564,37.02350877,63.7995242,3.359774808,0.9823797376,0.1440977983,4.013892796,24.61120748,18.18277257,15.76505991,3.297799322,4.721832306,147.1063406,0.9889949362,0.01312889128,0.08744548513,3.044376395,0.830741965,-6.387259411,0.7219927699,115268900,1.114728701,-96505027787,-4.932510932,57.42637161,3.337656718,17.07656108,0,0.1000857386,1.6611761,0.2957118278,0.01312889128,1.270882281
2024-08-12,73.62999725,73.76999664,73.19000244,71.15358734,7513500,69.36172829,67.97614838,62.57803617,0.1544599843,0.06030230768,0.004340675129,TRUE,TRUE,5.398112202,0.02924767865,40.42057154,37.11349487,64.42352908,2.157253307,0.9945431803,0.1250089928,4.299904851,24.35486428,18.76017405,18.09642255,6.054935389,4.740749916,145.090464,0.9711716413,0.01288276461,0.08757083575,2.699111653,0.4861784593,-6.387259411,0.6707874242,122782400,-49.62048572,-96565302521,-5.051854838,61.25119031,3.059456604,16.90554202,0,0.07558276944,1.279408318,0.2959236992,0.01288276461,1.234994365
2024-08-13,74.05000305,74.23999786,73.72000122,71.56851196,8537500,69.55953789,68.01535583,62.65678413,0.1624938999,0.05809104697,0.004850150397,TRUE,TRUE,5.358571701,0.0368028796,37.80487922,37.50844749,66.4818619,3.852937989,1.025838518,0.1250434642,4.908118719,23.64398452,18.80521365,25.80878005,5.85128867,4.668488841,146.9411861,0.9722378699,0.01306736025,0.08981294652,2.449267913,0.7381318461,-6.387259411,0.7587094962,131319900,13.76355835,-96644487937,-5.031847926,60.43738477,2.414911997,15.38741211,0,0.09262199437,1.567000296,0.299688082,0.01306736025,1.367196039
2024-08-14,74,74.55999756,73.56999969,71.52026367,8083000,69.7530056,68.06948822,62.73289257,0.1700340242,0.05607731479,0.00536133276,TRUE,TRUE,5.33659565,0.04424397309,47.51954748,38.07693315,66.00365249,2.204128298,1.034818323,0.1072186153,4.558649432,25.64195576,19.67032877,15.48671719,5.719589405,4.65053878,145.9582511,0.9723743048,0.013037078,0.08938474836,2.046090745,0.6971009374,-6.387259411,0.7369009318,123236900,-41.24872801,-96686041749,-5.058155546,67.03079479,1.409280371,14.13290889,0,0.08985475228,1.51976055,0.2989728221,0.013037078,1.210796964
2024-08-15,73.69000244,74.33000183,73.44000244,71.51062012,9403800,69.94888535,68.12400177,62.81426662,0.1768638631,0.05426611299,0.005873620787,TRUE,TRUE,5.309735146,0.05134810617,42.12051976,38.38568837,65.90161709,1.478088005,1.029291695,0.08135358985,3.002261908,24.9374016,21.62881479,13.84297722,5.795856744,4.601990694,141.6696621,0.9719770415,0.01823321619,0.1189232641,1.726796384,0.7388677921,-6.387259411,0.8471483582,113833100,38.87732046,-96736217545,-5.015491625,61.67065277,-1.425409441,13.74538658,0,0.08716682172,1.499284374,0.3448525251,0.01823321619,1.102377706
2024-08-16,74.19000244,74.69000244,73.87000275,71.82904053,6761400,70.15682678,68.192733,62.89511663,0.1825705105,0.0526670803,0.006387390168,TRUE,TRUE,5.297616367,0.05989647092,42.20320885,38.91584284,67.67836066,1.196498754,1.038632954,0.07255587927,3.818746131,23.42604775,21.62998915,13.23346504,6.145730337,4.594826716,136.9044894,0.9670852659,0.01829675554,0.1194449878,1.634872423,0.61819461,-6.387259411,0.6083694665,120594500,4.138494001,-96776636913,-4.975867259,61.55244681,-0.6365125901,13.84944984,0,0.093528239,1.62088172,0.3456081419,0.01829675554,1.221445514
2024-08-19,74.51000214,74.98000336,74.44999695,72.30184937,5752700,70.35994301,68.28508698,62.97593241,0.1875960833,0.05134213359,0.006902980269,TRUE,TRUE,5.309154568,0.06770924502,43.17862354,39.59713098,70.16433194,4.160679443,1.071832276,0.08460416083,4.415457865,24.38051554,22.70199383,6.105272415,5.95303753,4.58586939,137.0964809,0.9563992385,0.01859521855,0.1260347644,1.875104275,1.133677023,-6.387259411,0.519315331,126347200,-11.26074012,-96829021685,-5.008735919,61.02001891,0.4598794728,14.69155987,0,0.1260240823,2.215540813,0.3550137524,0.01859521855,1.416452373
2024-08-20,74.93000031,75.18000031,74.69000244,72.14746094,7994900,70.5765686,68.38909424,63.05277855,0.1909402859,0.05020412335,0.007420158225,TRUE,TRUE,5.336315689,0.07310215345,31.23018635,40.35859972,68.31658406,2.414966974,1.073312642,0.06886762132,4.365614804,24.19605761,21.80357159,-0.962703968,6.388726916,4.523181637,128.7409449,0.9284278045,0.01879870742,0.1366582511,1.713667764,1.589782068,-6.387259411,0.7163853583,118352300,26.03890781,-96919985784,-5.064817702,60.39546346,,14.87876383,0,0.1521539186,2.772010583,0.3696731679,0.01879870742,1.220196368
2024-08-21,74.87999725,75.52999878,74.77999878,72.65887451,6725900,70.78064995,68.48610016,63.1268679,0.1932419288,0.04925639909,0.007940317605,TRUE,TRUE,5.359232254,0.08024156596,21.58282589,41.28550648,71.03743946,3.359078808,1.103037514,0.07887399476,4.167865737,23.44235835,23.44470245,14.16788745,5.951867469,4.434274378,127.7266166,0.9243946097,0.01873650523,0.1369834708,2.09044472,1.51253591,-6.387259411,0.6190866725,125078200,-46.7988673,-96964755603,-5.144297621,57.9523721,0.2713846201,13.44438289,0,0.1469271875,2.689459635,0.3701127812,0.01873650523,1.470503654
2024-08-22,75.37999725,75.54000092,74.91000366,72.57203674,7324000,71.00885468,68.58960098,63.19883013,0.1944545863,0.04851306323,0.008463724548,TRUE,TRUE,5.390770855,0.08689061912,17.90255404,42.1525404,69.93915477,-0.2251771663,1.106828774,0.0661322038,5.285934661,24.2568101,22.94639269,11.66774901,6.711119901,4.323645275,115.7955975,0.9244787804,0.01873017331,0.1368760126,2.055247484,1.506214883,-6.387259411,0.6933124317,117754200,-45.06862672,-97026439427,-5.348120542,52.73536452,1.25270599,15.37855551,0,0.1464721912,2.680739609,0.3699675832,0.01873017331,1.349949482
2024-08-23,75.47000122,75.77999878,75.19999695,72.7746582,7525200,71.21390114,68.70596069,63.27255789,0.1944610794,0.04797719455,0.008990099403,TRUE,TRUE,5.433402805,0.09214593157,83.59825214,43.11337755,71.06333907,2.74675501,1.113349236,0.05812213292,7.399465002,23.71887895,22.80442348,12.38074902,5.971612906,4.332681504,108.3385231,0.9064597518,0.01887373639,0.1445822451,1.877591181,1.993575568,-6.387259411,0.7151613988,125279400,-9.912368913,-97096899460,-5.34879586,64.40432604,1.699672472,14.40494647,0,0.1731144306,3.244754337,0.3802397206,0.01887373639,1.440629815
2024-08-26,75.68000031,76.22000122,75.66999817,73.24749756,6668200,71.42715034,68.82871414,63.35076599,0.1940645728,0.04768079269,0.009519625608,TRUE,TRUE,5.477948151,0.09942412168,83.06059447,44.27387343,73.54925845,2.511818984,1.143489499,0.07060991637,7.023856675,27.02382913,24.32651318,23.19117435,6.182703295,4.252135917,103.9930828,0.8949787838,0.01870390374,0.1457530865,2.182128196,1.812928343,-6.387259411,0.6364602115,131947600,-11.97792914,-97162308128,-5.490103504,74.60387318,1.529347565,16.82748659,0,0.1607573937,3.055326309,0.3817762257,0.01870390374,1.750450284
2024-08-27,75.75,76.01999664,75.27999878,72.66851807,8333400,71.59359932,68.94314255,63.42819536,0.1931587561,0.04759981564,0.01005146309,TRUE,TRUE,5.514947186,0.1075281112,52.72677238,44.50090994,66.06506912,-3.874085656,1.107886047,0.02800517168,6.281953574,23.6781654,22.41331436,8.23047458,4.800983048,4.18247276,95.08011057,0.8759349352,0.01820449563,0.144495158,1.987182741,1.081009793,-6.387259411,0.7954548709,123614200,-0.1772837258,-97229459302,-5.539266338,66.10021765,0.7482084636,13.72883867,0,0.1155198946,2.244976362,0.3801251873,0.01820449563,1.130540068
2024-08-28,75.54000092,75.95999908,75.25,72.66851807,5241400,71.71517906,69.07231171,63.50938671,0.1915981734,0.04772208837,0.01058609033,TRUE,TRUE,5.562924995,0.1141154313,51.7234292,44.6469371,66.06506912,-4.998269955,1.067366122,-0.01001180209,7.668685754,23.29962666,22.43255838,8.23047458,3.461989417,4.201267289,92.32573827,0.8613312065,0.01835849218,0.1519170254,1.785353089,1.449936416,-6.387259411,0.5141548556,123614200,-51.83731978,-97272815059,-5.621779191,70.01440215,0.769846963,13.5178191,0,0.1356235042,2.691425387,0.3897653466,0.01835849218,1.032582054
2024-08-29,75.55999756,75.79000092,74.81999969,73.06414795,6379100,71.79333839,69.20881943,63.59105139,0.189611367,0.0480410915,0.01112347388,TRUE,TRUE,5.61776804,0.1210884588,53.68907291,43.87472313,68.59743721,-4.951821238,1.055016245,-0.01788934356,6.815722416,23.93099298,22.63649151,-4.153615277,2.186245635,4.197915743,96.91920098,0.8630818029,0.01846054442,0.1529456787,1.59255113,1.62667506,-6.387259411,0.6577086754,129993300,-60.82524242,-97302288468,-5.811520052,71.20855291,0.4923070704,14.32472504,0,0.145752923,2.887437995,0.3910827006,0.01846054442,1.31120515
2024-08-30,75.86000061,76.40000153,75.58000183,73.614151,8503700,71.89320831,69.34484055,63.67885191,0.1878023122,0.04856045992,0.01166384742,TRUE,TRUE,5.665988636,0.1280601383,58.35201439,43.71057883,71.75323571,5.688166592,1.077192325,0.00342938942,5.755091313,25.63267476,24.12332531,5.883399103,2.789009978,4.224189391,104.9612106,0.862451608,0.01872725155,0.15743514,1.814647681,2.033824037,-6.387259411,0.9535722656,138497000,-64.75676169,-97351565368,-6.27820505,71.5592186,-0.03266196714,16.40468694,0,0.1694935191,3.36717423,0.3967809723,0.01872725155,1.639598741
2024-09-03,76.30999756,76.73000336,75.94000244,73.50801086,11813500,72.08233376,69.48658813,63.75492973,0.1861608482,0.04932143845,0.01220717722,TRUE,TRUE,5.731658401,0.1333670877,49.62926521,43.8244485,70.28529713,4.220228012,1.073824032,0.00004887669014,6.821854147,23.37266576,25.14520849,2.067124739,5.424857105,4.233149705,97.67102116,0.8496772554,0.01891751061,0.1654021072,1.656155975,2.341998393,-6.387259411,1.392951936,126683500,-42.51310225,-97436113803,-6.734130763,72.51436872,1.270928549,14.87009308,0,0.1858896276,3.765669852,0.4066965787,0.01891751061,1.459672574
2024-09-04,76.55000305,77.41000366,76.44999695,74.13522339,13651600,72.27338943,69.62341476,63.83503706,0.1850065684,0.05035610436,0.01275342734,TRUE,TRUE,5.788377705,0.1381293744,58.27937536,44.41478039,73.70828299,5.110845784,1.108981792,0.02816530951,7.778273205,24.78323411,26.85780181,17.51185727,5.434348237,4.285062118,98.63005935,0.8389449692,0.01919206595,0.174437871,2.067690623,2.984468725,-6.387259411,1.619151427,140335100,-6.771743881,-97515599031,-6.848507243,73.97907423,1.655435553,16.44610056,0,0.2200081011,4.535502105,0.4176576001,0.01919206595,1.887694245
2024-09-05,77.41000366,77.51000214,76.41000366,73.95187378,7772700,72.4354969,69.76931137,63.91267584,0.1837496211,0.05167475739,0.01330221982,TRUE,TRUE,5.856635532,0.1436517735,52.38017287,45.02887597,71.12882019,-0.6244155167,1.109262897,0.02275713153,8.128664032,23.29252041,28.51360789,2.249204573,4.585153427,4.350262206,98.22014256,0.8277455424,0.01892422317,0.1745095881,1.839687918,2.53449078,-6.387259411,0.9477752395,132562400,-37.21262743,-97558110518,-6.921305183,74.84682661,2.883454104,15.40248677,0,0.1927900968,4.031916575,0.4177434477,0.01892422317,1.5438553
2024-09-06,76.80999756,76.97000122,75.90000153,73.24749756,9802900,72.55852509,69.90671707,63.98599329,0.1809578731,0.05326735864,0.01385277115,TRUE,TRUE,5.920723782,0.1469804703,28.10717979,44.55328591,62.13292921,-8.152367921,1.040652407,-0.03668268661,8.21957106,21.33082685,27.00128771,-39.29729905,3.476013897,4.376370957,91.67603022,0.8342630167,0.01887694571,0.1709491519,1.672022803,2.405119606,-6.387259411,1.2091702,122759500,-16.07249876,-97616515733,-7.006682391,66.87896936,4.099553015,15.27547672,0,0.186663212,3.865084573,0.4134599762,0.01887694571,0.7515295672
2024-09-09,76.23999786,76.69000244,75.80000305,73.99047089,7183100,72.70664063,70.05666641,64.06391911,0.1767891137,0.05520582355,0.01440649007,TRUE,TRUE,5.992747307,0.150455728,31.76031994,43.91591999,66.88972576,-6.818557235,1.034306991,-0.03442248239,10.52080425,22.25392139,26.63031613,-24.8060862,4.170614566,4.360570495,89.55512003,0.8350870909,0.0192249985,0.1767650302,1.536730588,2.931099874,-6.387259411,0.8924685426,129942600,-14.01809868,-97652907955,-7.130952795,67.3285755,4.1587018,14.65722464,0,0.2162562567,4.485787027,0.4204343352,0.0192249985,1.433564335
2024-09-10,76.81999969,77.36000061,76.55999756,74.33785248,11627700,72.86585388,70.22842346,64.1429705,0.1727665518,0.05744156393,0.01496308829,TRUE,TRUE,6.085452957,0.154369169,39.75476858,43.89897452,68.85941577,-2.26940442,1.045259889,-0.01877566773,9.6289793,22.2144323,26.11729545,-16.1958153,4.475199713,4.387408323,88.79345483,0.8359517735,0.01926108682,0.1770630418,1.586678249,3.004267965,-6.387259411,1.408686519,141570300,54.75743661,-97729131500,-7.049847312,68.40202522,3.791330443,15.11673766,0,0.2202201979,4.563568763,0.4207885951,0.01926108682,1.657778266
2024-09-11,77.05000305,77.36000061,76.15000153,74.56942749,10383300,73.01589966,70.41388214,64.22176903,0.1687414488,0.05995970792,0.01552260998,TRUE,TRUE,6.192113113,0.1579847634,36.53121244,43.10196953,70.13488187,8.001952662,1.060402645,-0.002906328683,10.64206481,23.7930905,25.99170494,-9.314943389,4.193066818,4.339262234,91.04342447,0.8343307609,0.01934957113,0.1793875524,1.726178525,3.185782975,-6.387259411,1.244019253,151953600,21.61991215,-97766641389,-6.722239076,60.82274612,2.993621734,16.1682213,0,0.2296970557,4.774956056,0.4235416773,0.01934957113,1.706359181
2024-09-12,77.44999695,77.58000183,76.97000122,74.7334671,9667500,73.17655983,70.59586731,64.30063534,0.1648687079,0.06271133948,0.01608582621,TRUE,TRUE,6.295231972,0.1601964785,40.7269826,42.56433193,71.03975182,4.150026057,1.073268049,0.007967259994,11.6146668,23.2302687,26.10983781,-3.135236442,4.492717539,4.342109917,91.61072354,0.8171193987,0.01955555561,0.1910109529,1.752941923,3.680583416,-6.387259411,1.147368796,161621100,19.60287022,-97847199617,-6.890490327,61.63270969,3.165956457,15.15874285,0,0.2527425743,5.401622399,0.4370479984,0.01955555561,1.699481471
2024-09-13,77.70999908,78.55999756,77.41000366,75.78523254,8119400,73.39029045,70.79097534,64.3842902,0.1619938978,0.06570687613,0.0166540198,TRUE,TRUE,6.406685143,0.1637073921,48.9026092,42.83888966,76.05021994,7.190804171,1.155018323,0.07177402723,12.92717928,25.97028565,26.3726358,25.80837969,5.977591048,4.340149966,100.1630237,0.8313863416,0.01980360903,0.1889515376,2.812326926,4.051495608,-6.387259411,0.9710365744,169740500,-13.65830834,-97878262037,-6.829118975,61.900028,2.750025576,16.8510664,0,0.2769648717,5.805862723,0.4346855618,0.01980360903,2.391044124
2024-09-16,78.79000092,79.36000061,78.58000183,76.36418152,9955300,73.6170475,70.99534637,64.46989929,0.1604667147,0.06894594016,0.01722657006,TRUE,TRUE,6.525447083,0.1686103416,49.76840289,43.5868344,78.27804465,8.143162781,1.252089045,0.1350757992,14.06645553,26.75259976,25.50273727,34.01280864,6.31379865,4.319351462,113.4162132,0.8301485216,0.01980271175,0.1895705316,3.327295679,4.024667918,-6.387259411,1.16828761,179695800,47.23725856,-97944779364,-6.854270348,62.9833253,2.974185988,16.96243561,0,0.2749320061,5.774379966,0.4353969816,0.01980271175,2.422170465
2024-09-17,79.18000031,79.37999725,78.81999969,76.3062973,13981500,73.8172699,71.19720871,64.55757025,0.1598036105,0.07239263578,0.01780299567,TRUE,TRUE,6.639638462,0.1722224429,63.3618198,44.29287621,77.50180494,6.462053126,1.309255239,0.153793595,15.24879628,26.07560854,25.94831918,32.59426323,5.538513845,4.345404336,123.8434693,0.824255099,0.01989062662,0.1939461273,3.065677477,4.217662853,-6.387259411,1.565201621,165714300,143.0423975,-98084280447,-7.026188352,70.77856449,4.264301882,16.46111997,0,0.2841027398,6.025255027,0.4403931508,0.01989062662,2.009817247
2024-09-18,78.94000244,79.16000366,78.13999939,75.72734833,23517400,73.99626427,71.38363235,64.64107679,0.159918985,0.07599673712,0.01838290722,TRUE,TRUE,6.742555561,0.1758161939,48.39746259,43.71731343,70.02254553,-6.027674413,1.292939317,0.1099821381,14.32482455,24.020653,25.0859469,19.89800699,4.961903501,4.337333349,124.3087142,0.8216747834,0.01949413257,0.1876653361,2.78839121,3.56326398,-6.387259411,2.422266718,142196900,194.1550238,-98219050871,-6.69011482,62.05839167,3.776021814,14.90143375,0,0.247651885,5.252904001,0.4332035735,0.01949413257,1.392568551
2024-09-19,78.19999695,78.37999725,77.37999725,75.28347015,20768200,74.12749405,71.54863434,64.71874302,0.1599890082,0.07975939465,0.01896552425,TRUE,TRUE,6.829891319,0.177134216,34.84855564,42.02406832,64.85484442,-13.42320023,1.230012751,0.03764445734,12.67771692,23.13927208,25.03260428,-7.803474591,3.612216209,4.318423937,123.2966251,0.8144386311,0.01948459577,0.1909169501,2.565982277,3.711941194,-6.387259411,1.994841011,121428700,208.7794942,-98326901260,-6.541886197,56.59943006,0.7248001768,13.69020798,0,0.2533648392,5.432532953,0.4369404422,0.01948459577,0.9375569718
2024-09-20,79,80.25,78.88999939,77.27122498,22139600,74.36245346,71.72888245,64.80752365,0.1619859787,0.0837255226,0.0195525497,TRUE,TRUE,6.921358795,0.1807571837,46.8481535,41.82217856,74.08007047,-3.421734467,1.325261407,0.1063144907,16.33617949,26.58879303,28.2137514,33.0611895,6.475205111,4.358072845,136.1952699,0.8685833649,0.02000065304,0.1762012898,3.364227616,4.412693831,-6.387259411,1.985305426,143568300,202.288367,-98401745274,-6.166331282,60.0549819,4.283517003,17.30481598,0,0.307796231,6.121147171,0.4197633736,0.02000065304,2.135736077
2024-09-23,80.02999878,80.40000153,79.73999786,78.0377121,11670300,74.62560616,71.9144252,64.90225283,0.1659368435,0.08793901285,0.02014389322,TRUE,TRUE,7.012172375,0.1852275531,53.50098357,41.72287058,76.62771828,6.605172747,1.445928,0.181584867,15.96552062,27.66430217,30.85370919,48.64586495,7.231987101,4.316450776,153.6311944,0.8736583721,0.02015142045,0.1766511319,3.938770314,4.634629048,-6.387259411,1.027406486,155238600,55.08292138,-98473615803,-6.060029735,60.15797597,5.227146857,17.61270284,0,0.3225466286,6.376935183,0.4202988602,0.02015142045,2.220972085
2024-09-24,79.87999725,80.76999664,79.58999634,77.48397064,14052600,74.83742981,72.12227951,64.9902632,0.1711504697,0.09232604734,0.02073986317,TRUE,TRUE,7.132016315,0.1868892703,39.89879111,41.8483501,71.18424245,6.329398022,1.479816434,0.1723786409,16.24273539,26.16572006,30.17154007,33.88269138,5.783778593,4.239468902,162.5755087,0.8642089958,0.02019495456,0.1813237399,3.709933959,4.810162137,-6.387259411,1.198187959,141186000,110.7405297,-98537829638,-5.864157915,52.4145929,5.204644327,15.95201735,0,0.329605616,6.606308608,0.4258212534,0.02019495456,1.627884086
2024-09-25,80.19999695,80.41999817,79.48000336,77.89198303,8179600,75.09860306,72.32787277,65.08097198,0.1775950442,0.09687473229,0.02134079714,TRUE,TRUE,7.246900787,0.1877991367,45.72076618,41.79970094,72.72188624,-1.358184238,1.522051193,0.1716907202,17.34747524,28.28974162,31.04334588,42.0922068,7.188071403,4.177027391,167.7724028,0.8553502157,0.03017331975,0.2104643692,3.436283484,5.23621013,-6.387259411,0.6978871245,149365600,-1.845585235,-98573646350,-5.734331961,52.1984147,6.523624678,18.05779846,0,0.3311472095,6.826585078,0.4587639581,0.03017331975,1.664981802
2024-09-26,80.02999878,80.37999725,79.41000366,77.35767365,9897300,75.33306084,72.52200806,65.1695735,0.1840380134,0.1015200191,0.02194638874,TRUE,TRUE,7.352434559,0.1877055408,48.65437744,41.6443704,67.63228351,-8.995434766,1.495172821,0.1158498781,16.33956833,23.95091119,34.15638666,31.34150104,6.452801988,4.156929863,164.7631126,0.864182237,0.02996200863,0.2032165362,3.02835252,4.814338765,-6.387259411,0.8279962504,139468300,88.82932041,-98625425424,-5.657888061,52.03730397,5.673755168,14.19368842,0,0.3133226206,6.416782185,0.4507954483,0.02996200863,1.228802234
2024-09-27,79.95999908,80.63999939,79.87999725,78.12514496,7402000,75.58611069,72.73265045,65.26008436,0.1898896514,0.106267024,0.02255705528,TRUE,TRUE,7.47256609,0.1888891563,48.80284709,41.68069523,70.7941441,-0.3900983424,1.518298043,0.1111800804,18.82151324,24.32257374,38.14619483,42.75206754,6.926785778,4.101448863,166.9323243,0.8681153067,0.02998663302,0.2015315834,2.778981269,4.911185728,-6.387259411,0.6166041621,146870300,16.03517738,-98667010003,-5.684227092,52.19514737,7.942765723,14.94585344,0,0.3207198725,6.530845934,0.448922692,0.02998663302,1.520996177
2024-09-30,80.58000183,80.83000183,79.86000061,78.47486115,9507100,75.82914619,72.94874344,65.35356644,0.1950867018,0.1110789638,0.02317322297,TRUE,TRUE,7.595177002,0.1901701978,48.81695106,41.84623129,72.13013585,-0.5917503889,1.54701114,0.1119145422,20.18235115,25.64463244,41.83092956,49.67648435,6.602956195,4.022671963,172.0175798,0.8682470679,0.03001623193,0.2018844629,2.802366404,4.993405071,-6.387259411,0.7886679226,156377400,11.7995696,-98703668944,-5.608233419,51.76269034,,16.27488281,0,0.3249591356,6.617235968,0.4493155494,0.03001623193,1.538049165
2024-10-01,80.69000244,81.55000305,80.19999695,79.10632324,12181200,76.10906181,73.16607941,65.43891979,0.2013500343,0.1159337944,0.02379603554,TRUE,TRUE,7.727159615,0.1919157681,51.12329219,42.46069491,74.406683,6.774399486,1.602250445,0.1337230775,20.5260562,26.44247851,42.72958164,46.64456697,7.615921465,3.995346235,177.7139272,0.8704188737,0.0301313876,0.2023512395,3.107088893,5.194493227,-6.387259411,1.008960893,168558600,3.112540737,-98735586734,-5.381724992,57.9609248,9.799436113,16.26501,0,0.3370752482,6.847706234,0.4498346802,0.0301313876,1.686565299
2024-10-02,80.91000366,81.62000275,80.76999664,79.14517212,8245800,76.35955925,73.39268387,65.5285116,0.20815334,0.1207633659,0.02442614624,TRUE,TRUE,7.864172268,0.1933356344,50.42392649,43.07344386,74.5444484,3.750304297,1.630368894,0.1294732212,19.86275143,27.00983196,49.76305274,41.63142875,6.757852073,3.948540303,183.6375209,0.8710245496,0.03009309685,0.2015885268,2.772950267,5.117266608,-6.387259411,0.6986352728,176804400,-39.59828885,-98775356962,-5.336724911,57.7378162,10.68203322,16.96100325,0,0.3327862373,6.752954563,0.4489861098,0.03009309685,1.51690834
2024-10-03,81.91999817,82.05999756,81.23999786,79.11602783,12102700,76.61776695,73.60345947,65.62327147,0.2150603026,0.1255483828,0.02506257173,TRUE,TRUE,7.980188007,0.1950628632,43.10811638,43.90346141,74.22167037,2.091534519,1.631494415,0.1044789936,19.60885091,27.21708667,47.99590203,37.09466806,6.983128065,3.867683092,184.3065947,0.8678611794,0.02987271537,0.2000378555,2.530223596,4.836754536,-6.387259411,1.006945123,164701700,55.70779781,-98850156690,-5.374914657,58.76151725,9.911783786,17.0770296,0,0.3167201553,6.445621818,0.4472559172,0.02987271537,1.355491855
2024-10-04,80.73999786,81.40000153,80.48000336,78.98973846,12541400,76.904879,73.8230954,65.71807871,0.2217222882,0.1302622521,0.02570430828,TRUE,TRUE,8.105016689,0.1979886465,36.09534608,43.32706605,72.75162943,-1.655053564,1.603709339,0.06135513403,19.29609455,26.64367104,47.91581407,34.39617748,7.839504553,3.757143259,173.4477263,0.8454237592,0.02941587448,0.204678946,2.350080997,4.343057735,-6.387259411,1.031691777,152160300,27.93561089,-98903328623,-5.292847203,52.55879897,8.888452598,16.70785405,0,0.2822821602,5.918348196,0.4524145732,0.02941587448,1.202010261
2024-10-07,81.04000092,81.08999634,79.23000336,77.17310333,17642000,77.06401062,73.99308289,65.80209391,0.2264603785,0.1347903546,0.02634963268,TRUE,TRUE,8.190988979,0.1981904435,9.596311957,41.06873049,55.67071531,-18.87373309,1.418747752,-0.09888516223,16.2137613,22.91990947,45.35878579,-4.420809987,4.301408557,3.7608448,159.3267551,0.9044655438,0.02896736499,0.1734118776,2.246631604,3.17177534,-6.387259411,1.39142423,134518300,145.6042656,-98959989943,-5.154476671,44.21541714,5.719559017,13.19435167,0,0.2305355928,4.432175198,0.4164275178,0.02896736499,0.06847105642
2024-10-08,79.79000092,80.04000092,79.47000122,77.21196747,13011100,77.20771637,74.15767197,65.89242685,0.2292128656,0.1390691437,0.02699918763,TRUE,TRUE,8.265245113,0.1951591051,17.48129622,38.97170461,55.90921194,-18.31245843,1.260767035,-0.2054927032,15.18437213,22.31049631,43.39976103,-3.590379791,3.866287355,3.76017212,145.8341785,0.8366339056,0.02945527972,0.2095724574,2.035058636,4.212597222,-6.387259411,1.020617315,147529400,11.89745177,-99076087073,-5.282897609,46.70446249,6.383812736,13.12958727,0,0.273495996,5.813628397,0.4577908446,0.02945527972,0.002915022169
2024-10-09,79.26000214,79.5,78.34999847,76.55137634,17144000,77.30681381,74.30190872,65.97893467,0.2292210577,0.1430632799,0.02765199156,TRUE,TRUE,8.322974052,0.191365573,14.55802598,36.59470786,50.89676178,-21.85486765,1.069928526,-0.31706497,12.14869641,23.3780333,40.77131166,-48.48039286,2.65785714,3.758598451,133.1446828,0.845309866,0.02907231184,0.2000778376,1.791123521,3.658493337,-6.387259411,1.310072366,130385400,65.11128447,-99146858094,-5.273517743,47.57454631,3.40479703,12.66410927,0,0.2454271275,5.134325064,0.4473006121,0.02907231184,-0.5673808776
2024-10-10,78.87999725,79.5,78.51999664,76.31821442,13163300,77.38605118,74.42353455,66.06327986,0.2264454493,0.1467471424,0.02830809899,TRUE,TRUE,8.360254688,0.1867584619,-13.70304672,34.38749659,49.21945284,-6.451262472,0.8896184459,-0.39790004,10.99124047,23.24943353,38.45090455,-54.76508245,2.120532308,3.581219386,121.2042789,0.8477098003,0.02898976121,0.1978864064,1.928466727,3.535260639,-6.387259411,0.9926257947,117222100,36.16033101,-99219169600,-5.172915584,36.96832361,2.617617269,11.73493609,0,0.2388073773,4.975211553,0.4448442496,0.02898976121,-0.8810223298
2024-10-11,78.30000305,79.25,78.05000305,76.98852539,9666300,77.44621582,74.53328583,66.1491728,0.2215739676,0.150150555,0.02896859451,TRUE,TRUE,8.384113026,0.1826704616,-15.29748099,32.81270137,53.92088739,-1.988324549,0.7916838632,-0.3966676982,14.75195266,25.28090634,37.43918619,-26.47080088,1.587766912,3.531762548,115.7013339,0.8512423324,0.0291613745,0.1985452362,2.027190466,3.820171977,-6.387259411,0.7246952135,126888400,19.05190039,-99245936879,-5.126819007,30.36187204,5.994512857,11.96583419,0,0.2548042869,5.287122162,0.4455841517,0.0291613745,-0.395579216
2024-10-14,79.37000275,80.31999969,79.22000122,77.95998383,9020900,77.52600594,74.66015045,66.2401129,0.2153235833,0.1532829958,0.02963339307,TRUE,TRUE,8.420037556,0.1797837236,6.541989439,30.76976497,59.7386258,8.84186402,0.7834277108,-0.3239390805,15.30440589,28.03839408,41.35692185,-2.244871556,2.089726198,3.542652318,113.3247489,0.8616380289,0.009627623239,0.04143372593,1.988717765,4.126473233,-6.387259411,0.6786859333,135909300,-9.38595522,-99275624155,-5.006294487,36.95984308,115.3044059,128.0383941,,0.2606516799,4.883845271,0.2035527596,0.009627623239,0.3829506742
2024-10-15,80.59999847,81.19999695,80.51999664,78.30971527,13213800,77.62617683,74.83183472,66.33066559,0.2077874851,0.1561890084,0.03030202447,TRUE,TRUE,8.501169128,0.1778634404,5.787372487,29.66254305,61.61742073,12.39796789,0.7959300689,-0.2491493779,15.75559876,30.33389947,40.4107093,6.476622818,2.625494932,3.554558233,110.8022766,0.8584776144,0.009507093975,0.04072565606,1.963544463,4.020637421,-6.387259411,0.9970173534,149123100,-5.490827164,-99374738551,-4.868429687,43.89089595,7.741862091,15.75832417,0,0.2503739022,4.669441584,0.2018059862,0.009507093975,0.6168992712
2024-10-16,81.01000214,82.37000275,80.65000153,79.86405945,9549800,77.83301239,75.02283371,66.42936974,0.2003047278,0.1589851096,0.03097488388,TRUE,TRUE,8.593463974,0.177212032,30.42457919,29.49283739,68.62504871,14.70416133,0.9206482033,-0.09954499479,18.15429063,30.20351439,41.73964579,41.99204918,5.462638283,3.625998583,112.0937683,0.8801470894,0.009977323924,0.04259906773,2.581339417,4.705336698,-6.387259411,0.7606402256,158672900,-59.39261993,-99393015775,-4.675306965,49.84012206,8.988906701,15.11461341,0,0.2967144025,5.397214989,0.206395416,0.009977323924,1.811917904
2024-10-17,82.48000336,82.5,81.41999817,79.15489197,11763600,78.02658348,75.19173706,66.52016096,0.1918897749,0.1615919605,0.03165097702,TRUE,TRUE,8.671576099,0.1760205043,12.58901647,29.42192908,62.97572616,3.237100365,0.9512983591,-0.05511587118,16.9715446,28.32642514,40.85722053,24.82898143,5.142459302,3.600155621,98.33168672,0.8856292983,0.009628498663,0.03924160857,2.526064836,4.075123532,-6.387259411,0.9718192573,146909300,-43.3576333,-99454123372,-4.656126337,51.20102561,7.03620276,12.80813825,0,0.2606671889,4.706444748,0.1980949484,0.009628498663,1.147451574
2024-10-18,81.41000366,81.98999786,81.05000305,79.61147308,7017600,78.14359589,75.36822784,66.61209589,0.1829930209,0.1640226153,0.03233095181,TRUE,TRUE,8.756131954,0.1740247357,13.71627967,28.90943583,64.97488409,3.357463356,1.000893432,-0.004416638471,16.66475297,27.11377191,42.91349132,35.08923826,3.028615256,3.591194439,102.6973061,0.8752931484,0.009868695254,0.042183824,2.484356452,4.548536027,-6.387259411,0.6183659335,153926900,-68.30295037,-99482619873,-4.762141118,46.21175616,7.092023902,11.77183068,0,0.2856254526,5.224328939,0.2053870103,0.009868695254,1.429323955
2024-10-21,82.13999939,82.37999725,81.30999756,79.3006134,7405800,78.20674095,75.53367691,66.70342588,0.1734674534,0.1662937274,0.03301407191,TRUE,TRUE,8.830251026,0.1720029934,2.438996359,28.72427433,62.5004558,-6.124592916,1.003545855,-0.001411372713,16.93677357,25.46689813,43.78774932,28.10362268,1.618321799,3.57765395,105.8462934,0.8742584096,0.009624850557,0.04023492989,2.478564227,4.139484054,-6.387259411,0.6650684596,146521100,-36.54147708,-99517840816,-4.688765029,44.63019064,7.447686472,11.09442904,0,0.2614425808,4.78482464,0.2005864649,0.009624850557,1.033453716
2024-10-22,81.08000183,81.51000214,80.69000244,79.01887512,8559600,78.28348618,75.69098267,66.79220795,0.1629976651,0.1683386414,0.03370092626,TRUE,TRUE,8.898774719,0.1694522021,-1.538541611,27.8102393,60.26055574,-2.715170418,0.971712695,-0.026595626,15.22608134,24.43693079,44.78300084,21.77242101,1.980931627,3.56290376,105.8944367,0.8772176877,0.009494583629,0.03890646757,2.483022824,3.882750335,-6.387259411,0.7881227301,137961500,-39.08885189,-99561288676,-4.711734958,39.3931264,5.148951313,10.93344262,0,0.2471415448,4.505714727,0.1972472245,0.009494583629,0.694454751
2024-10-23,81.40000153,82.15000153,81.25,79.77662659,9822500,78.37771835,75.85514496,66.88254778,0.1528157993,0.1701249175,0.03439285419,TRUE,TRUE,8.972597179,0.1681910232,7.391327359,27.46456545,63.99771128,-0.9771728086,0.9961459465,-0.001729899557,17.30486765,24.87726174,47.41615265,38.80055549,2.419560372,3.548428484,110.5119659,0.8815067121,0.009549379053,0.03895038662,2.470545635,3.996337537,-6.387259411,0.8976147983,147784000,20.08533425,-99603271589,-4.704539836,38.52589265,7.695729534,11.10774039,0,0.2550582105,4.626669403,0.1973585231,0.009549379053,1.265843225
2024-10-24,82.12999725,82.30000305,81.31999969,79.26174927,6546000,78.47292213,76.00997467,66.97282902,0.1427649519,0.171655147,0.0350898087,TRUE,TRUE,9.037145653,0.1670267746,2.916670416,27.25751499,59.87727616,-2.623179633,0.9628638823,-0.02800957104,15.41786137,23.73757904,42.79193877,27.23027072,2.461392041,3.5930531,109.4585815,0.8776657069,0.009161755479,0.03619744876,2.461425382,3.429132164,-6.387259411,0.6074990778,141238000,-33.8607499,-99637314040,-4.695397199,40.0289859,6.847925492,10.09381327,0,0.2205439041,4.015055508,0.1902562713,0.009161755479,0.7206626674
2024-10-25,82,82.06999969,80.31999969,78.08628082,8759100,78.47097893,76.14148788,67.05728037,0.1319602725,0.1728657302,0.0357894057,TRUE,TRUE,9.084207516,0.1655764475,10.5145351,25.91369404,51.69426898,-8.566286761,0.8320458206,-0.1270621062,13.19721034,23.24694685,39.89213807,0.815231368,-0.04974600145,3.711903814,109.5269999,0.8789186222,0.00877070102,0.03316557695,2.366774707,2.436074571,-6.387259411,0.8077980814,132478900,18.33423399,-99668433560,-4.617757689,42.43988495,4.910189333,10.47134318,0,0.1624637335,2.952268447,0.1821141866,0.00877070102,-0.3512358644
2024-10-28,80.80999756,81.41999817,80.62000275,78.69831085,7311400,78.48215141,76.27887329,67.1519121,0.1208144551,0.1737979079,0.03649191176,TRUE,TRUE,9.126961193,0.164959752,16.0545673,24.66586031,55.13245701,-8.86525427,0.7688939419,-0.1521711879,13.49702128,22.54666568,39.78739064,14.5687246,0.2847404937,3.725406394,109.6450716,0.8827110001,0.008889666202,0.03378246989,2.228482955,2.611993666,-6.387259411,0.6811824218,139790300,-23.09537083,-99710870806,-4.691907182,49.41334399,4.971991798,9.23081086,0,0.1731774275,3.133534928,0.1838000813,0.008889666202,0.1971446923
2024-10-29,80.11000061,80.12000275,79.26000214,77.01767731,13866500,78.37771912,76.37318985,67.23643183,0.1086069864,0.1744015998,0.03719579949,TRUE,TRUE,9.136758022,0.1579888808,4.536833799,23.61405179,45.54585307,-14.3314231,0.5765860169,-0.2755832903,9.654116067,20.55857785,39.43432394,-23.19834725,-2.640302127,3.726352873,113.2738905,0.8575805553,-0.01061083358,0.0259789256,2.155112734,2.844412904,-6.387259411,1.281839141,125923800,13.83525433,-99797047016,-4.906145516,50.53818495,2.543112837,6.058082715,0,0.1369898426,2.541583654,-0.1611797928,-0.01061083358,-1.200666634
2024-10-30,79.58999634,79.73999786,78.94999695,76.83308411,10455300,78.26211472,76.46690231,67.32330389,0.09529173428,0.1747037347,0.03790012279,TRUE,TRUE,9.143598423,0.1513078048,5.033162864,22.89438589,44.62796054,-7.066308441,0.4046212504,-0.3580384455,7.457414146,18.89785319,38.04242063,-27.34651191,-2.921325396,3.714267046,116.7734577,0.8545387466,-0.01066186179,0.02614165884,2.065259915,2.518963731,-6.387259411,0.9567323244,115468500,26.79545951,-99863535058,-4.978791424,51.52359616,-1.249884245,4.616422291,0,0.1305004289,2.438223655,-0.1616838237,-0.01066186179,-1.223763206
2024-10-31,79.29000092,80.5,79.23000336,77.62969208,13758000,78.18779793,76.56631866,67.4184786,0.0821307918,0.174701576,0.03860511856,TRUE,TRUE,9.147840061,0.1462409108,6.19135219,21.45228904,49.36999389,-5.762463116,0.3288270264,-0.3470661356,8.395995675,19.49339656,38.28196827,-37.19165452,-1.878678436,3.743793327,115.7783906,0.8605768526,-0.01070838144,0.02599318028,1.974435191,2.647066539,-6.387259411,1.249489143,129226500,13.67711337,-99911965721,-4.821626891,59.87909081,-1.075660366,7.289154049,0,0.1382458248,2.564441596,-0.1612240065,-0.01070838144,-0.4820466475
2024-11-01,79.90000153,80.13999939,78.05999756,75.90048981,15430500,78.03333549,76.63288773,67.5081402,0.06893564239,0.1743335105,0.03930898005,FALSE,TRUE,9.124747524,0.1380855731,-18.53131779,21.06242939,41.13487144,-4.41098163,0.1277547094,-0.438510762,8.856139597,15.9094468,33.67885256,-48.63753523,-3.910949343,3.751807733,124.7741218,0.9140949964,-0.01113775063,0.02491321477,2.291657213,1.815755762,-6.387259411,1.383237019,113796000,23.0365031,-99959436850,-4.733637912,51.08768692,,4.073335538,0,0.09773570676,1.706127619,-0.1578392054,-0.01113775063,-1.709365417
2024-11-04,77.34999847,77.76000214,76.77999878,74.99701691,13978100,77.92453117,76.6773349,67.59366419,0.05500182302,0.1735825246,0.04001118378,FALSE,TRUE,9.083670712,0.1285738248,-28.39294822,21.53216791,37.60538852,-7.022572023,-0.1033083881,-0.5356590876,6.659982069,13.94675735,29.66064293,-31.17100511,-2.819747207,3.665523457,141.091177,0.9290882733,-0.01139089154,0.02522809247,2.762951702,1.350439921,-6.387259411,1.273960642,99817900,-20.76805351,-100024277427,-4.849945153,41.81780152,-4.423678399,3.66606043,0,0.07132633124,1.225385601,-0.158833537,-0.01139089154,-2.074909523
2024-11-05,77.16000366,78.36000061,76.93000031,76.12392426,9508100,77.87012901,76.73486343,67.68629423,0.04126585222,0.1725019625,0.04071217056,FALSE,TRUE,9.048569202,0.1209015009,-33.27554667,21.37211663,44.05348787,-5.31650602,-0.193267683,-0.500494706,7.656938099,14.36163171,30.8430009,-11.46983189,-1.409163953,3.54583117,145.9957006,0.9466687186,-0.01110389276,0.02308440189,2.951085524,1.695955949,-6.387259411,0.8806234319,109326000,-26.9231656,-100044504758,-4.484656792,41.61561918,-4.22866172,3.582134901,0,0.09429639488,1.587875705,-0.1519355189,-0.01110389276,-1.196065877
2024-11-06,77.34999847,77.88999939,76.81999969,75.33704376,16479400,77.80941238,76.78823395,67.77446772,0.02723108822,0.1710679168,0.04140995717,FALSE,TRUE,9.013766232,0.1123662645,-33.73371416,21.29698514,40.87685272,-0.2580187197,-0.3243172247,-0.5052353982,6.427895111,12.00374262,29.82630403,-25.7670609,-1.586297515,3.500392979,154.0705526,0.9561395746,-0.01152768982,0.02439937949,3.298124113,1.231762937,-6.387259411,1.531004907,92846600,-3.876574895,-100106663094,-4.458494136,32.39875762,-4.893200348,-0.2354166307,0,0.06627330767,1.10585076,-0.1562030073,-0.01152768982,-1.604699003
2024-11-07,77.94000244,78.47000122,77.27999878,75.47304535,18851600,77.76715393,76.84432449,67.86726107,0.01308796101,0.1693287514,0.04210411667,FALSE,TRUE,8.977063427,0.1037627837,-37.63224971,20.64712161,41.65987527,4.054486756,-0.4124463149,-0.4746915907,6.257919743,10.52299873,31.01622505,-23.33846047,-1.107427727,3.522274329,159.4413287,0.9559832033,-0.01147180434,0.02417145605,3.599056534,1.300583493,-6.387259411,1.706305872,111698200,43.21332796,-100182764935,-4.360872232,41.63263628,-5.467524744,-1.957973522,0,0.07058842032,1.177876406,-0.1554717211,-0.01147180434,-1.438841861
2024-11-08,78.08000183,79.34999847,78.01999664,76.9205246,14428600,77.76375389,76.92145203,67.96216522,-0.0007268570061,0.1673589554,0.04279563774,FALSE,TRUE,8.959286804,0.09729621465,-19.61561412,19.24760441,49.34870641,5.295218531,-0.36132465,-0.3388559406,8.104914273,12.75332273,34.51725797,2.5457556,-0.08832588118,3.558921644,159.6232546,0.9843898027,-0.01119487259,0.02168375352,3.720658232,1.782145289,-6.387259411,1.278416063,126126800,49.26704116,-100221048905,-4.319888544,43.97065985,-3.085731783,0.1834142504,0,0.1034607681,1.674012182,-0.1472540442,-0.01119487259,-0.5282621858
2024-11-11,79.19000244,79.87000275,79.01000214,77.13424683,13005500,77.72246704,76.99185394,68.05728357,-0.0143491441,0.1651472148,0.04348444786,TRUE,TRUE,8.93457037,0.09141907179,-15.61981099,18.2266465,50.38838327,9.511530554,-0.3001053369,-0.2221093021,7.776792769,13.06660571,36.6895401,6.417532114,-1.059180568,3.617595093,160.155992,0.9837075792,-0.01121968504,0.02181212875,3.816082413,1.738350037,-6.387259411,1.132336834,139132300,44.17075902,-100290787238,-4.419309337,50.46325892,-2.643133756,-0.1063178465,0,0.1006135248,1.629207573,-0.147689298,-0.01121968504,-0.3672795551
2024-11-12,79.16000366,79.33999634,78.11000061,76.25020599,9351600,77.61949158,77.04669785,68.14613049,-0.02815629371,0.1626772487,0.04416974805,FALSE,TRUE,8.90056736,0.084599237,-28.92424934,17.31875385,46.16707104,4.507195768,-0.3192432597,-0.1929977798,6.613429648,11.47356215,34.4060923,-9.597687964,-2.62995373,3.572851173,162.7809353,0.9946056908,-0.01160634685,0.02284429099,3.429779037,1.239327635,-6.387259411,0.828129995,129780700,-29.22853381,-100328418701,-4.222652474,44.7861907,-3.922519284,-2.543571756,0,0.06951963403,1.114141825,-0.1511432797,-0.01160634685,-0.8411830173
2024-11-13,79,79.02999878,78.01999664,76.11420441,8205900,77.43199883,77.08627747,68.23439228,-0.04136603363,0.1599094357,0.04485125152,FALSE,TRUE,8.851885185,0.07707535939,-26.64466057,16.54744923,45.5350677,-3.813638702,-0.3414483883,-0.1721623268,6.437623226,9.633159444,35.78717146,-12.58590279,-4.695297318,3.603298296,157.0622344,0.9944320062,-0.01162056129,0.02291388726,2.959669647,1.248901543,-6.387259411,0.7310225577,121574800,-14.07254602,-100367592338,-4.341007397,44.42935839,-3.108138351,-4.762928433,0,0.07024948283,1.126071674,-0.1513733373,-0.01162056129,-0.8390269137
2024-11-14,78.44999695,78.84999847,77.95999908,75.85191345,8853700,77.2668499,77.12427826,68.32195972,-0.05327563035,0.1568716127,0.0455291282,FALSE,TRUE,8.802318535,0.06976786341,-20.49903861,15.88180472,44.27619628,-6.112186994,-0.3758779141,-0.165273482,5.600621831,9.633241491,30.12305793,-20.00184158,-4.172804022,3.608935163,155.3486098,0.9926925867,-0.01181291873,0.023766195,3.106580564,0.9703224113,-6.387259411,0.7990891483,112721100,-24.73647523,-100418388444,-4.351478792,44.48024309,-4.052470124,-4.905179406,0,0.05207291386,0.8366326937,-0.1541628846,-0.01181291873,-0.9108137169
2024-11-15,78.13999939,79.34999847,77.98999786,76.98852539,11965700,77.13570251,77.19909882,68.40965647,-0.06406874033,0.1536399824,0.04620379755,FALSE,TRUE,8.789442348,0.06399904269,-14.96602501,14.77626391,50.64399038,4.476919335,-0.3078992065,-0.07783581959,6.482097023,11.18376915,32.47899968,5.605552229,-3.294685541,3.570904769,145.2570788,1.00911636,-0.01165286857,0.02236905407,1.936068889,1.378739027,-6.387259411,1.05637387,124686800,70.50986092,-100447976664,-4.261253791,45.87361445,-2.232006204,-1.830605653,0,0.07967406113,1.258098484,-0.1495628766,-0.01165286857,-0.1013218256
2024-11-18,79.18000031,80.16000366,79.08000183,77.65883636,7330100,77.05361366,77.27246613,68.50606865,-0.07352189172,0.1502478552,0.0468758364,TRUE,TRUE,8.766397476,0.05942708996,6.156630037,14.40864975,53.98370033,8.448632625,-0.197658612,0.02592381994,7.63904281,12.3381488,32.92256514,23.62465852,-2.07032073,3.701023348,136.7697533,1.013739948,-0.01156689973,0.02182938229,1.955561206,1.52681614,-6.387259411,0.6473431914,132016900,-1.022171811,-100474598000,-4.224705319,51.97536805,-1.679342532,,0,0.08967774681,1.409122528,-0.1477476981,-0.01156689973,0.4425120961
2024-11-19,79.63999939,80.45999908,79.26000214,78.15428162,5875200,77.01038399,77.34879471,68.61103399,-0.0806468172,0.1467629602,0.0475450505,TRUE,TRUE,8.737760715,0.05619734658,12.31888594,14.31472382,56.33550463,12.05930835,-0.06951255792,0.1232558992,7.563297865,12.0463917,33.40548943,36.94307489,-1.094160736,3.684767091,131.4957985,1.013635672,-0.01158085166,0.02188506489,2.461840897,1.523905195,-6.194168624,0.5250805692,137892100,-31.36127856,-100491300443,-4.155867953,56.98020002,-1.499128833,-1.265631858,0,0.08941685642,1.40520947,-0.1479360162,-0.01158085166,0.8699119227
2024-11-20,80.59999847,80.87000275,80.08999634,78.19313812,6098400,76.93120956,77.42126892,68.71514935,-0.08550049,0.1432189481,0.04821127364,TRUE,TRUE,8.706119576,0.05177730636,5.652988616,14.55901963,56.52317687,5.879186496,0.03477860242,0.1820376476,7.745547227,13.44090645,33.8801919,34.55105067,-1.984902762,3.596045425,118.0423942,1.006720721,-0.01148447666,0.02181860118,2.496901115,1.755174175,-6.194168624,0.5542521155,143990500,-37.91397302,-100527059625,-4.197916449,54.88899444,-1.596645568,-0.31130701,0,0.1038868075,1.64365939,-0.1477112087,-0.01148447666,1.069046902
2024-11-21,80.61000061,81.98999786,80.22000122,79.55319214,10882000,76.94578171,77.51766342,68.82587507,-0.08646757054,0.1396744462,0.04887517378,TRUE,TRUE,8.691788349,0.04927985426,38.05661033,15.58368591,62.58489414,8.601193815,0.2245862011,0.2974761971,9.314415351,17.40309726,35.92429783,53.2282888,0.3676967437,3.650082781,121.2082665,1.027818209,-0.01097624135,0.01912818032,3.83241062,2.166880788,-6.194168624,0.9698981304,154872500,66.23892453,-100546140756,-4.050125583,63.64596084,-0.5414369621,1.28568928,0,0.1344998845,2.08109034,-0.1383046648,-0.01097624135,2.151182017
2024-11-22,82.15000153,82.26999664,81.41999817,79.12573242,7880700,76.99775429,77.58447342,68.93650465,-0.0844264161,0.1361002016,0.04953596589,TRUE,TRUE,8.647968769,0.04636961949,45.26076676,16.71424902,59.76453051,3.429025885,0.3366371207,0.3276216933,8.025168175,15.61270116,34.54532434,42.3070462,1.331157776,3.747191252,128.3727452,1.030376714,-0.011182202,0.01975635953,3.516400615,1.883732049,-6.194168624,0.7051566262,146991800,-10.02842758,-100596563697,-4.152404711,71.49051104,-1.83603137,-0.2848320017,0,0.1158191111,1.78832112,-0.1405573176,-0.011182202,1.657655705
2024-11-25,82.09999847,82.25,81,79.27146912,7126900,77.0264122,77.64261917,69.04677111,-0.07958407983,0.1325108342,0.05019358509,TRUE,TRUE,8.595848064,0.04429365764,38.66339032,17.25815178,60.41943205,3.896255176,0.4322157014,0.3385602192,9.086398382,15.93915528,34.44910684,44.98111549,0.7282980511,3.718792403,132.9278162,1.027238038,-0.01130572431,0.02031662191,3.323666681,1.743043459,-6.194168624,0.6382342327,154118700,-2.52345652,-100623401104,-4.08598461,66.07932709,-1.110508179,-0.3557672057,0,0.1058755045,1.640337326,-0.142536388,-0.01130572431,1.68892936
2024-11-26,81.83000183,82.94999695,81.62000275,80.53437042,8687400,77.20224686,77.72718063,69.16002932,-0.07168966939,0.1289763981,0.05084990144,TRUE,TRUE,8.567151318,0.04379374448,60.31541407,18.23996095,65.63882635,3.053932206,0.6029179335,0.407409961,10.82429168,19.32305835,36.37351493,57.39634381,4.566085655,3.830097782,154.3406456,1.043769088,-0.01104896815,0.01879244505,4.017901452,2.155813974,-6.194168624,0.7964512931,162806100,-37.34972776,-100646271005,-3.892796143,75.92902966,0.09972990697,0.9597875563,0,0.1359003593,2.070213225,-0.1370855392,-0.01104896815,2.158941057
2024-11-27,83.15000153,83.41000366,82.81999969,80.53437042,8578300,77.38731117,77.82332108,69.27808182,-0.06120918819,0.1254975944,0.05150412613,TRUE,TRUE,8.545239258,0.04396644162,59.67902412,19.44120775,65.63882635,5.874295837,0.7297881389,0.4274241332,10.22419707,17.73677238,35.9405101,47.23613166,4.817308011,3.807274854,170.9751545,1.039936277,-0.01118386976,0.01940157371,3.649973423,1.946678223,-6.194168624,0.7932745103,162806100,-17.95261733,-100721312633,-3.966130152,74.16092847,-0.3979179326,0.1195615792,0,0.1213025051,1.85536059,-0.139289532,-0.01118386976,1.840652964
2024-11-29,83.16999817,83.23000336,82.75,80.56350708,4617400,77.53400192,77.92892181,69.39471355,-0.04849105376,0.122052892,0.05215612334,TRUE,TRUE,8.53420826,0.04352053478,51.58155136,20.46464968,65.75964002,5.340207975,0.8231954903,0.4166651876,9.440244823,15.73863085,37.07779477,47.77074879,3.779243385,3.701160648,185.1611887,1.038774349,-0.0111519061,0.01933872082,3.475509752,2.02106218,-6.094158718,0.4458346268,167423500,-66.43843582,-100767996040,-4.132714928,68.08735728,-1.303310315,-1.414488037,0,0.1263114306,1.934031693,-0.1390637293,-0.0111519061,1.636144799
2024-12-02,82.91999817,82.94999695,81.12000275,78.83431244,11042100,77.68069305,77.96018356,69.49790504,-0.03513306037,0.118510418,0.05280430164,TRUE,TRUE,8.462278519,0.0386786096,19.81880942,19.57089449,53.69372028,-11.94510607,0.7490552901,0.2740199899,7.245879071,14.56203652,33.55853384,16.0424334,3.865354017,3.731333833,183.1492702,1.071144785,-0.01138594092,0.01896338546,3.333774096,1.66509005,-6.094158718,1.089250774,156381400,-28.43977836,-100806621639,-4.17853799,58.02889742,-4.366392967,-3.245749697,0,0.1058493521,1.571523108,-0.1377076086,-0.01138594092,0.6298793238
2024-12-03,81.63999939,81.90000153,80.43000031,78.15428162,9426800,77.83855629,77.96251495,69.59802864,-0.02070755148,0.1148293756,0.05344854108,TRUE,TRUE,8.364486313,0.03367069178,22.73786194,18.22853524,49.82210266,-15.81672369,0.6281845229,0.1225193783,5.421253277,13.62120637,30.80165226,3.564814102,4.209853724,3.842394256,172.0720432,1.072234875,-0.01179595739,0.02030775769,3.115344443,1.200260136,-6.094158718,0.9512632483,146954600,-32.5602192,-100845235823,-4.142166748,57.85979337,-6.219829154,-4.855478289,0,0.07317781654,1.086265315,-0.14250529,-0.01179595739,0.1834843829
2024-12-04,80.69999695,80.90000153,80.12999725,78.1445694,12084700,77.93958855,77.97572693,69.69829355,-0.005568420582,0.1111076023,0.05408877863,TRUE,TRUE,8.277433376,0.02900424755,24.61722329,17.24062971,49.76690963,-15.99273039,0.5255516421,0.01590919791,5.669492067,14.25901006,31.30209186,3.386608394,2.654415365,3.839757354,167.3417995,1.071201344,-0.01185629246,0.02055924357,2.858443909,1.082388667,-6.094158718,1.203823242,134869900,27.0989998,-100919640437,-4.35885322,55.90730653,-6.195408577,-3.473439457,0,0.06498156749,0.965696524,-0.1433849489,-0.01185629246,0.1224923186
2024-12-05,80.52999878,81.13999939,80.31999969,78.38742828,7113000,78.09210777,77.98563583,69.79592785,0.01068642236,0.1073504819,0.05472465135,TRUE,TRUE,8.189707985,0.02491688963,30.81452868,16.09604681,51.22205327,-2.471667001,0.4585254313,-0.04089361028,7.017210002,15.81356562,32.65347504,7.33265673,4.048983567,3.85151974,155.8817141,1.071198758,-0.01187691228,0.02062471767,2.49975757,1.082209637,-6.094158718,0.7432384423,141982900,-56.83702077,-100960281206,-4.45973426,62.56438807,-5.893946695,-1.749551103,0,0.06479086395,0.9628970403,-0.1436130832,-0.01187691228,0.1894516701
2024-12-06,80.73000336,80.91999817,79.54000092,77.41596985,7114300,78.189254,77.98680176,69.89098331,0.02723672394,0.1035281757,0.0553549428,FALSE,TRUE,8.095818443,0.01930284005,5.301205275,15.7132672,45.53931831,-4.28278435,0.3232913975,-0.1409021153,4.62964882,15.63752936,29.28109122,-38.43028357,2.574329008,3.81076658,144.3264455,1.084654049,-0.01213652544,0.0210013476,2.435683697,0.712827067,-6.094158718,0.7919371419,134868600,-62.2615587,-100989295541,-4.488997815,54.89388657,-6.980642914,-3.073523478,0,0.0394690147,0.5794713185,-0.144918417,-0.01213652544,-0.5357882586
2024-12-09,79.69000244,79.80000305,78.63999939,76.44451141,10526900,78.16545334,77.95318909,69.97909288,0.04275859431,0.09961780958,0.05597889392,FALSE,TRUE,7.974096203,0.0137298196,-14.51794448,16.03974986,40.67909339,-9.087816236,0.1361593147,-0.2624273585,2.833898028,12.73575278,27.94012295,-46.02696037,-0.6188376719,3.785616229,146.8983831,1.083244667,-0.01256652516,0.02258233069,2.621294376,0.06352768197,-6.094158718,1.197827118,124341700,-27.0414316,-101039670044,-4.657432865,47.30962143,-8.839107166,-5.456330322,0,-0.006438722067,-0.09475616144,-0.150274185,-0.01256652516,-1.17151863
2024-12-10,78.55999756,78.55999756,77.48999786,75.89076996,10159500,78.1032795,77.90150726,70.07022486,0.05613630998,0.09561367425,0.05659597687,FALSE,TRUE,7.831282406,0.008193658954,-26.87426345,17.0734104,38.17788864,-13.04416464,-0.05617892116,-0.3638124754,1.771962737,12.60260097,27.25371458,-27.01395843,-1.612094392,3.748702159,153.9546111,1.082965743,-0.01282380877,0.02352826397,2.938591215,-0.3000577457,-6.094158718,1.17504797,114182200,-21.88304948,-101080198442,-4.56516577,40.96619575,-8.491478394,-6.09427669,0,-0.03227891661,-0.4754656164,-0.1533892564,-0.01282380877,-1.437118071
2024-12-11,78.33000183,78.38999939,77.48999786,75.41475677,7379800,78.06150703,77.82767593,70.15351793,0.06671869751,0.0914924139,0.05720522384,FALSE,TRUE,7.674158001,0.001805347931,-31.35956792,18.03323805,36.12179033,-9.417527974,-0.2442036172,-0.4414697372,0.9116259412,12.63217506,25.64315649,-35.05471379,-1.095668147,3.751858867,160.2518028,1.0859161,-0.01294649967,0.02386037359,3.306720163,-0.4335952738,-6.390921264,0.8633930159,106802400,-21.0851619,-101121611216,-4.639941988,35.66489527,-8.886382779,-6.442349383,0,-0.04162528843,-0.6116077202,-0.1544680342,-0.01294649967,-1.651619647
2024-12-12,78,78.25,77.51999664,75.37588501,7712500,78.02459106,77.75229019,70.23571472,0.07314861728,0.0873010327,0.05780693674,FALSE,TRUE,7.51657547,-0.005578412954,-55.41242956,18.92450659,35.95151602,-4.727577377,-0.3918343476,-0.4712803741,-0.5401415559,12.31721266,26.09207801,-35.7113308,-0.9700152589,3.662667901,165.7305024,1.081522651,-0.01286050274,0.02373027161,3.712640884,-0.2623594152,-6.439171107,0.9049287966,99089900,-6.012746926,-101174628880,-4.734590641,27.51889286,-8.870816973,-7.038442106,0,-0.02964646996,-0.4373120129,-0.1540463294,-0.01286050274,-1.598200703
2024-12-13,77.69999695,78.05000305,77.51000214,75.42447662,6904200,78.00321922,77.67845917,70.31805956,0.07577449426,0.0830334269,0.05840072911,FALSE,TRUE,7.360399609,-0.01361532018,-51.6956386,19.75901552,36.35539681,-1.822491826,-0.499157847,-0.4628830987,-1.230557149,12.66280261,21.5824675,-34.89052732,-0.5635148926,3.656265759,168.9245719,1.078824793,-0.01270044782,0.02324181403,4.057415391,-0.1034552581,-6.439171107,0.819460921,105994100,-22.01904289,-101234862194,-4.845371883,21.05903432,-8.423061966,-6.419783774,0,-0.01871189283,-0.2766204899,-0.1524526616,-0.01270044782,-1.526564531
2024-12-16,77.70999908,77.91000366,76.98999786,74.82215881,8060500,77.89490089,77.59510757,70.39919661,0.07367489607,0.0787162271,0.05898659515,FALSE,TRUE,7.195910969,-0.01927839355,-58.41836275,20.89221276,33.53271377,-2.589076562,-0.6256029456,-0.4714625579,-1.944975109,13.00723588,22.204894,-33.7669329,-2.813882414,3.624721648,182.1976305,1.026742733,-0.01322801481,0.0278647426,4.461673953,-0.9948604319,-7.126487506,0.9794004521,97933600,-32.63661967,-101280909121,-5.060321475,20.96760282,-8.92877367,-5.728192042,0,-0.07793961201,-1.21422885,-0.1669273573,-0.01322801481,-1.686488498
2024-12-17,76.54000092,77.01999664,76.38999939,74.51128387,7938400,77.73752327,77.54187119,70.47384258,0.06688925463,0.07432780302,0.05956520832,FALSE,TRUE,7.068028603,-0.02401587022,-90.37891329,22.32345747,32.14545496,-3.806061062,-0.7423393805,-0.4705591942,-1.605845814,12.48894414,23.84684515,-26.76231299,-4.053051317,3.497901635,197.3110539,1.018615323,-0.01347610156,0.02939448663,4.8926021,-1.368363873,-7.512363134,0.9610130199,89995200,8.298658954,-101336193745,-5.215186487,13.62022041,-8.950179886,-6.17893198,0,-0.1022391198,-1.607138866,-0.1714482039,-0.01347610156,-1.63510322
2024-12-18,76.65000153,76.76000214,74.83999634,72.75294495,14905900,77.46745644,77.45269073,70.54055128,0.05453450626,0.06979179789,0.06013529481,FALSE,TRUE,6.912139454,-0.03237844744,-92.38745361,24.43948442,25.67540475,-10.67999206,-0.9656061954,-0.5550608073,-3.361329124,8.890248005,21.19776391,-24.87544274,-6.911120617,3.520890841,226.1622036,1.057656072,-0.0132289501,0.02627087139,5.5363462,-1.730667297,-9.694913264,1.710964838,75089300,153.7088099,-101383505150,-5.120559247,5.823667694,-7.093346884,-7.240771473,0,-0.130327786,-1.970012539,-0.1620829152,-0.0132289501,-2.084570903
2024-12-19,74.95999908,76.08000183,74.94000244,73.08324432,13538200,77.21196175,77.38332809,70.60606337,0.03659238428,0.06512937103,0.06069712947,FALSE,TRUE,6.777264729,-0.03924509607,-85.7458321,26.40436659,28.58329319,-4.94942058,-1.103177611,-0.5541057781,-5.419845037,10.03093884,21.05874956,-21.66155218,-6.534964476,3.566690984,245.5636927,1.056969279,-0.0132652508,0.02644748255,4.256647607,-1.749958477,-9.694913264,1.490338756,88627500,121.9959334,-101441143659,-5.03129981,5.469740431,-8.482548428,-5.453564341,0,-0.1317126731,-1.992447137,-0.1626268199,-0.0132652508,-1.681322421
2024-12-20,74.80000305,76.59999847,74.69999695,74.24899292,12594300,76.94675179,77.34194366,70.67545801,0.01466945132,0.06037149356,0.06125154693,FALSE,TRUE,6.666485653,-0.04483906417,-56.19046194,27.49452547,37.82853212,5.683077164,-1.105395468,-0.4450589087,-4.854984949,10.33541205,25.53642447,-6.263940855,-6.667487597,3.61942505,247.5819903,1.076403929,-0.01273329911,0.02348067327,4.069947264,-1.157688906,-9.694913264,1.373485619,101221800,15.73515898,-101459716986,-4.981554413,14.50344437,-8.441611168,-4.374733264,0,-0.09213967716,-1.366045525,-0.1532340473,-0.01273329911,-1.089642612
2024-12-23,75.61000061,76.12000275,74.87000275,74.50170135,10057200,76.71555023,77.29220718,70.74535671,-0.009737200056,0.05548508835,0.06179861278,FALSE,TRUE,6.546850471,-0.04854520483,-47.23371341,28.50681585,39.65233669,13.97693194,-1.074376929,-0.3312322958,-3.848885469,11.76868563,25.7416648,-3.079122952,-5.84390302,3.492608046,247.7533063,1.068841669,-0.01279821387,0.02406994733,4.279408846,-1.327211557,-9.694913264,1.083935133,111279000,27.61810499,-101475700715,-4.737538785,14.50306596,-8.074001582,-3.9608937,0,-0.1031290956,-1.540428795,-0.1551449236,-0.01279821387,-0.8935698618
2024-12-24,76.05999756,76.5,75.83000183,74.91311646,4505100,76.4976326,77.23126984,70.81579351,-0.03638010011,0.05050102758,0.06233868681,FALSE,TRUE,6.415476322,-0.05078279687,-39.72431865,28.89798871,42.60430485,14.02101166,-1.005011605,-0.2094935774,-3.824355808,12.85969026,26.01203331,3.309307858,-5.498009195,3.402161469,243.2147803,1.069790805,-0.01276375898,0.02389932616,4.439557927,-1.300168232,-9.694913264,0.4925046393,115784100,-36.78738301,-101492536178,-4.750760876,18.89360692,-8.585130084,-3.240233676,0,-0.1012490917,-1.51084723,-0.154594069,-0.01276375898,-0.6514884259
2024-12-26,76.16000366,76.51000214,75.98999786,74.73679352,5057000,76.20775375,77.1598114,70.88829174,-0.06359263255,0.04552235435,0.0628718261,FALSE,TRUE,6.271519661,-0.05204123847,-45.24742083,29.24653018,41.66366802,3.835135901,-0.9532780776,-0.1262080396,-3.388002771,12.39798053,24.95715238,0.5915846078,-7.198885239,3.276524247,226.5487317,1.063758391,-0.005882942649,0.01008602458,3.504512534,-1.566216728,-9.694913264,0.5640318967,110727100,-41.78925801,-101521967803,-4.883536936,13.35946495,96.61199723,112.3979805,,-0.1177058102,-1.754295675,-0.1004292018,-0.005882942649,-0.6492908719
2024-12-27,75.90000153,76.30000305,75.58999634,74.52130127,6902700,75.9071003,77.05295624,70.95767134,-0.0906826679,0.04053643465,0.06339837538,FALSE,TRUE,6.095284901,-0.05334428139,-39.58686343,29.863496,40.4871641,0.8348274119,-0.9190728082,-0.07360221623,-4.612911363,13.34038216,24.67601029,-3.503832644,-7.466463227,3.193085863,204.9812354,1.063907424,-0.005911746071,0.01018262485,2.530777028,-1.649913886,-9.694913264,0.7771538585,103824400,-19.53300771,-101549650254,-4.662999828,13.41952988,-8.802842283,-2.184108289,0,-0.1206763231,-1.783379222,-0.1009089929,-0.005911746071,-0.6760614081
2024-12-30,75.73999786,75.94999695,75.06999969,74.20786285,8435000,75.58931808,76.95401566,71.02790466,-0.1177703984,0.03553638468,0.06391799954,FALSE,TRUE,5.926110992,-0.05495360179,-33.6127112,30.79080482,38.77217526,-3.832129598,-0.9068036782,-0.04906646892,-5.437407889,13.64754651,23.27056085,-12.74958592,-7.888986536,3.114617039,176.2451285,1.064706901,-0.005966780018,0.01035680676,2.026168442,-1.744042334,-9.694913264,0.929691207,95389400,82.67856369,-101574612861,-4.445195999,13.69188137,-8.793277648,,0,-0.1275245327,-1.883393616,-0.1017683976,-0.005966780018,-0.7838260508
2024-12-31,75.91000366,76.13999939,75.33000183,74.13928986,6302700,75.35456696,76.84457199,71.09736792,-0.142971204,0.0305417961,0.06443071999,FALSE,TRUE,5.747204075,-0.05661663512,-28.39160805,31.34093815,38.38905339,-3.274614633,-0.8923273775,-0.0276721346,-6.278933444,12.95830535,23.31222038,-15.1953041,-5.955557216,3.099833226,161.3901578,1.064679639,-0.005953355665,0.01030919232,1.61344199,-1.72738296,-9.694913264,0.7133031196,89086700,-42.92118347,-101599445741,-4.486362236,19.37133494,-10.02035621,-1.911065715,0,-0.1263553924,-1.866118121,-0.1015341929,-0.005953355665,-0.7530057074
2025-01-02,76.23999786,76.66000366,75.72000122,74.70740509,12051700,75.18222313,76.75270782,71.16828377,-0.164643553,0.02559445217,0.06493645221,FALSE,TRUE,5.584424057,-0.06015783036,-11.29754733,31.03648518,43.38075725,2.893593151,-0.8254968397,0.03132672254,-5.607122848,13.14189971,22.47788839,0.2086798795,-4.410348934,3.078314574,147.7466826,1.030331314,-0.005411371004,0.009096021982,1.633323146,-0.9976314758,-9.694913264,1.343978821,101138400,27.84507998,-101637462277,-4.417366745,28.33089382,-10.01400229,-0.8502811233,0,-0.07158042802,-1.091633117,-0.09537306738,-0.005411371004,-0.3213730628
2025-01-03,76.70999908,77.48999786,76.37999725,75.50081635,8883500,75.05003548,76.68234665,71.24048649,-0.1826145648,0.02074971732,0.06543602405,FALSE,TRUE,5.441860161,-0.06219545869,1.780752647,29.6274326,49.53062103,10.75844578,-0.7004372945,0.1251090142,-4.569505808,14.14331752,23.31800505,23.90501307,-3.383156465,3.040984592,130.690053,1.040213259,-0.005192719627,0.008217991763,1.714172952,-0.7308400307,-9.694913264,1.008672529,110021900,-26.48969358,-101660418208,-4.20556193,35.20911431,-10.01373164,-1.525905666,0,-0.05333134428,-0.8051526385,-0.09065313984,-0.005192719627,0.3449236252
2025-01-06,77.08000183,77.13999939,75.97000122,74.65843201,12811900,74.86358566,76.57998276,71.30809441,-0.1964957546,0.01597094733,0.06592824232,FALSE,TRUE,5.271888351,-0.06663860057,-9.809212397,28.71131276,44.05881311,5.669759722,-0.6616727285,0.1310988641,-5.483378654,12.75463797,22.3214606,-1.294855279,-4.757135626,2.97628038,104.5584268,1.044238929,-0.005200160696,0.008175473748,1.739705886,-0.7939417739,-9.694913264,1.409129829,97210000,80.11949951,-101701954416,-4.078684048,33.65062411,-9.871705034,-2.498051662,0,-0.05791992551,-0.8710358132,-0.09041832639,-0.005200160696,-0.1962095856
2025-01-07,76.48000336,76.80999756,75.83000183,74.47232056,11428200,74.7164032,76.48419418,71.37525038,-0.2060907427,0.011276355,0.06641265625,FALSE,TRUE,5.108943806,-0.0716768401,-4.731870314,27.99294043,42.93039652,-0.4503607293,-0.6386076973,0.1233311163,-3.499642569,12.14669504,21.56272761,-8.160441466,-3.802379919,2.95168709,85.76851517,1.044022559,-0.005184982035,0.008129636631,1.761082682,-0.7800926562,-9.694913264,1.227814211,85781800,60.63702683,-101745047760,-4.059796443,32.83376758,-7.784371366,-3.081884149,0,-0.05696312354,-0.8568024385,-0.09016449762,-0.005184982035,-0.2845830327
2025-01-08,75.90000153,76.08999634,74.76000214,74.4527359,13422900,74.61681442,76.41152328,71.44187767,-0.2122618955,0.006687302196,0.06688918966,FALSE,TRUE,4.969645615,-0.07550848717,-0.8243936292,28.22575123,42.80615395,-6.724467078,-0.6148215321,0.1176938252,-3.573580182,11.06816623,20.65200532,-8.862400223,-2.60551801,2.896803857,75.60860618,1.03711238,-0.005376285069,0.008858929349,1.765321747,-1.016062739,-9.694913264,1.420028014,72358900,27.51047317,-101764672798,-3.834954524,31.58160544,-8.605894247,-3.207579013,0,-0.07321129593,-1.109043941,-0.0941218856,-0.005376285069,-0.2170103775
2025-01-10,76.25,76.83999634,75.22000122,74.03154755,15608500,74.5238533,76.31818802,71.50496321,-0.2154064574,0.002189157291,0.06735666071,FALSE,TRUE,4.813224812,-0.07824315089,22.17950432,27.46064291,40.11721244,-3.941600666,-0.6227782055,0.08778972147,-3.291683203,8.457116607,20.95570768,-23.95875206,-2.449866319,2.926651768,70.36893653,1.024679213,0.00256044257,0.001048745583,1.562277209,-1.500266109,-9.694913264,1.604985496,56750400,53.63452926,-101803182576,-3.717138257,42.41331467,-6.211276729,-3.461662618,0,-0.08220989962,-1.255795131,0.03238434163,0.00256044257,-0.6996066445
2025-01-13,75.5,75.58000183,73.91000366,73.16957092,12445800,74.41159401,76.24122589,71.56723269,-0.2154316929,-0.002262871369,0.06781412306,FALSE,TRUE,4.673993206,-0.08157981879,1.371031551,27.71937964,35.23858728,-7.691809244,-0.6906765468,0.01591310409,-4.125677622,6.412099701,19.5659165,-20.68251225,-2.977117408,2.799366229,73.25774442,1.031684213,0.002456546021,0.0009478846429,1.545749447,-1.903717694,-9.694913264,1.247285362,44304600,68.6468468,-101826664649,-3.532930093,42.76403465,-6.054850086,-4.052237598,0,-0.1006930935,-1.537310762,0.03078773527,0.002456546021,-1.695415408
2025-01-14,74.98999786,75.91000366,74.80000305,74.12949371,9837500,74.34927444,76.18715408,71.62583052,-0.2114415007,-0.006599954293,0.06826247626,FALSE,TRUE,4.561323566,-0.08042271819,-1.962012394,27.55964645,43.48153524,0.6753812849,-0.6594272578,0.0377299145,-3.713581554,10.49054531,24.0205064,6.131016949,-1.653567711,2.688312882,69.84484084,1.012018338,0.002239727949,0.0008186780057,1.558403018,-2.116643403,-9.694913264,0.9755011622,54142100,27.55267423,-101848387072,-3.340543324,41.60869058,-5.009944516,0.3232143423,0,-0.1124432744,-1.749910929,0.02861254979,0.002239727949,-0.3146699578
2025-01-15,77,77.55000305,76.70999908,75.21675873,10680200,74.33888855,76.13889542,71.68771093,-0.2024103365,-0.01078025183,0.06870253799,FALSE,TRUE,4.451184483,-0.0783665192,10.32543792,25.74339916,51.0771327,10.95992026,-0.5406959645,0.1251689662,-3.518760476,11.24712003,25.12408895,35.89987047,-0.2753985242,2.79659919,68.29920753,1.027237129,0.002829115535,0.001268281436,1.521067813,-1.478813878,-9.694913264,1.039601455,64822300,54.6913473,-101897038773,-3.222784845,49.18769052,,1.256395979,0,-0.07155865345,-1.09751272,0.03561293917,0.002829115535,1.285329962
2025-01-16,76.75,78.76000214,76.72000122,77.11701202,15207500,74.45363121,76.16322586,71.76100704,-0.1879400093,-0.01469922594,0.06913564896,TRUE,TRUE,4.402218819,-0.0722024386,26.19307337,24.69199063,60.95381268,25.71522541,-0.2899239367,0.3007527952,-1.523059103,13.99257258,29.69851157,66.12390455,3.067076982,2.870786101,92.00740145,1.077941043,0.003207549801,0.001480639309,3.394354167,-0.930746774,-9.694913264,1.430525337,80029800,88.66695614,-101906327117,-2.941562676,52.96110099,-4.15363697,3.137450457,0,-0.03787424242,-0.5536638158,0.03847907625,0.003207549801,2.894746261
2025-01-17,78.68000031,79.19999695,78.43000031,77.22475433,7334400,74.58930473,76.20778061,71.83431536,-0.168841557,-0.01835940954,0.0695618168,TRUE,TRUE,4.373465252,-0.06624999241,29.81215078,24.02087793,61.42927527,17.94774003,-0.08155132107,0.4073003287,-3.304747008,14.24959024,31.794666,62.66077275,3.641690651,2.911742299,110.9571778,1.077253328,0.003296734585,0.001567098835,3.414672932,-0.8011269944,-9.694913264,0.6918912392,87364200,-7.608586113,-101936622022,-2.832072596,57.08333451,-6.385858514,1.720699113,0,-0.02881884385,-0.4215886869,0.03958659919,0.003296734585,2.375195235
2025-01-21,79.73000336,80.44000244,79.52999878,78.40996552,10816700,74.87215576,76.25350143,71.91479414,-0.1452324258,-0.02172603327,0.06998132147,TRUE,TRUE,4.338707294,-0.05871674203,41.74546402,24.16732489,66.29185476,15.21472206,0.1771796979,0.5328250781,-0.9410997023,15.87072574,35.26382718,68.91213927,7.775658529,3.018224249,131.8232041,1.095315338,0.003737554108,0.001949499383,4.592453675,-0.3313754726,-9.694913264,1.040462483,98180900,-27.4334324,-101974065129,-2.840309438,62.7238667,-4.250557751,2.297119882,0,0.003881150687,0.05585736212,0.04415313559,0.003737554108,2.683753425
2025-01-22,80.26999664,80.26999664,78.27999878,76.71540833,11822400,75.05376396,76.28106873,71.98742228,-0.1191603106,-0.02485086025,0.07039252829,TRUE,TRUE,4.29364645,-0.05264329203,23.44311815,23.21065195,55.51557347,-5.438239212,0.2426916925,0.4786696582,-3.637747985,12.42078327,32.51419436,42.9617946,4.969899784,3.13715544,130.8971546,1.122409132,0.003261797465,0.001413566864,4.401452527,-1.058848803,-9.694913264,1.146663615,86358500,-12.67376756,-102004477714,-2.731910032,61.20121439,-6.507514646,-0.2964274468,0,-0.04980543422,-0.6991611574,0.03759743161,0.003261797465,1.269427413
2025-01-23,78.61000061,79.26000214,78.47000122,77.07783508,10792500,75.19520607,76.31316452,72.06095324,-0.09200970929,-0.02771409577,0.07079615003,TRUE,TRUE,4.252211285,-0.04667825829,26.73798907,22.3223128,57.12104158,-4.30823369,0.3201645728,0.4449140308,-2.802977461,13.65906217,33.82052842,48.5119757,3.809940111,3.179161106,136.8899168,1.121787667,0.003470861805,0.0016029636,4.178515744,-0.7957939467,-9.694913264,1.056000047,97151000,-14.30647198,-102053308025,-2.904017445,55.58352781,-6.758115956,-0.1604699663,0,-0.03055941243,-0.4292931157,0.04003702787,0.003470861805,1.375286841
2025-01-24,78.56999969,79.72000122,78.40000153,77.86143494,8384800,75.36319275,76.33198273,72.1363442,-0.06347594584,-0.03029315763,0.07119229768,TRUE,TRUE,4.195638523,-0.04129959174,28.14681922,21.81122426,60.44498778,-5.846866986,0.4397234892,0.4515783578,-1.464764189,13.53829096,34.93634012,60.5119757,4.50960652,3.158307733,148.0882575,1.113688997,0.003837996493,0.001989584299,3.98776271,-0.2077466312,-9.694913264,0.8271847917,105535800,-16.62888279,-102068534908,-2.924240458,54.66526036,-5.720402108,-1.223323149,0,0.01236543611,0.1750328348,0.04460475646,0.003837996493,1.686995464
2025-01-27,77.88999939,78.08000183,75.83000183,76.05913544,21224100,75.4204937,76.3104805,72.20100071,-0.03553078185,-0.03269378842,0.07157987989,FALSE,TRUE,4.10947979,-0.0378256806,4.570944583,21.04993094,50.70839658,-4.807176886,0.3846107316,0.3171724801,-4.65987509,11.83860734,33.63782881,32.91167192,1.529797499,3.183130292,148.4717772,1.148098467,0.003331511911,0.001409637036,3.944751159,-0.91556746,-9.694913264,1.934299385,84311700,371.1127389,-102085436204,-2.701754501,45.57507519,-9.201750959,-2.748841767,0,-0.040924165,-0.5616375735,0.03754513332,0.003331511911,0.4301435268
2025-01-28,77.61000061,77.61000061,75.90000153,75.01106262,14270100,75.43420715,76.28569763,72.26582504,-0.01034698802,-0.03495298221,0.07195870317,FALSE,TRUE,4.019872589,-0.03877179145,2.839167489,20.34301571,46.06178294,-11.05925864,0.2534412442,0.1488023942,-5.362847382,9.228177611,29.46403088,16.86154925,0.3669800256,3.234349152,147.932732,1.128781127,0.003348591581,0.0014738331,3.907444109,-0.7536694024,-9.694913264,1.248133171,70041600,182.18509,-102114542858,-2.591476522,45.18301203,-10.58481106,-5.01124088,0,-0.02809634064,-0.3922230729,0.038390534,0.003348591581,-0.2860384753
2025-01-29,76.55999756,77.62000275,76.48000336,75.16777802,9565400,75.46653099,76.2667691,72.33205515,0.01171464303,-0.03708669878,0.07232834659,FALSE,TRUE,3.934713955,-0.03966235208,5.612685019,19.67841287,46.84610897,-13.59887881,0.1602864208,0.04451805662,-3.737535937,8.966423924,29.35300659,19.26147914,0.867505981,3.271068196,146.5326761,1.128906427,0.003423085138,0.00154007463,3.832493205,-0.6484501483,-9.694913264,0.8270067584,79607000,38.5747606,-102146129252,-2.578523445,51.20229712,-9.601346323,-5.670342667,0,-0.02039620325,-0.2847148034,0.0392437846,0.003423085138,-0.2038814709
2025-01-30,77.62999725,78.45999908,77.55999756,76.73499298,9356300,75.5928875,76.28443069,72.40846651,0.0312262634,-0.03900709121,0.07268986767,TRUE,TRUE,3.875964184,-0.03654098214,16.37382727,18.38510851,54.04312014,3.334723555,0.210495244,0.07578150382,-2.494739531,10.66556622,31.21394051,43.26171282,3.405474878,3.360135393,146.0027015,1.153539265,0.004001405704,0.00201729748,3.632439623,-0.3941993728,-9.694913264,0.8057194256,88963300,10.92234736,-102172638835,-2.574955617,57.96553529,-9.115743929,-5.044910234,0,-0.001885058912,-0.02575923692,0.0449143349,0.004001405704,0.7822495556
2025-01-31,78.41000366,78.48000336,77.69999695,76.28442383,9834800,75.7001442,76.27034866,72.48544876,0.04855815801,-0.04069672619,0.07304349471,TRUE,TRUE,3.784899902,-0.03703938214,16.12903931,17.16835451,51.86871641,5.806933474,0.2114909964,0.06142180502,-0.9520586762,8.610144541,30.48582936,36.3617245,2.89338349,3.319845031,142.60194,1.119083971,0.004383392848,0.002572127957,3.39002717,-0.01852864631,-9.694913264,0.8342381347,79128500,56.04106177,-102218170466,-2.624170095,50.44890638,-6.660222411,-4.614930131,0,0.02660424262,0.3748954047,0.05071615085,0.004383392848,0.4097276886
2025-02-03,76.84999847,78.58999634,76.73000336,76.69582367,14059400,75.79956512,76.25108841,72.56850828,0.06406946828,-0.04216280867,0.07338941701,TRUE,TRUE,3.682580128,-0.03841600177,26.08705714,16.7591783,53.7004564,6.854347432,0.2426792115,0.07408801608,-0.1786475691,7.265444088,31.46708038,33.61384438,2.661608413,3.361229722,142.2474706,1.109758495,0.004602686304,0.002883863911,2.939925527,0.3936744456,-9.694913264,1.182520988,93187900,16.65906055,-102232746584,-2.50343609,49.79480607,-4.755623815,-6.417361528,0,0.05636351393,0.80116075,0.05370161926,0.004602686304,0.6300699345
2025-02-04,77.84999847,77.98000336,76.83000183,76.01995087,10249100,75.82552185,76.20840179,72.6419187,0.07693608162,-0.04344431161,0.07372650647,FALSE,TRUE,3.566483097,-0.03908500152,14.28571429,16.37922897,50.31279233,-3.730327813,0.2104330686,0.03347349851,-2.07361535,6.14827967,27.87384952,4.120368991,0.6875879581,3.254283537,142.1472467,1.099254091,0.004143789514,0.002380975657,2.679199059,-0.1763209069,-9.694913264,0.8571183659,82938800,15.37231947,-102257434436,-2.496382969,43.77399027,-7.967532951,-9.775545574,0,0.01527613946,0.2191218488,0.04879524215,0.004143789514,0.1367800085
2025-02-05,78.37999725,78.91999817,77.73999786,76.78397369,7996300,75.93179893,76.18021851,72.71742628,0.08721084968,-0.04450511878,0.07405488328,TRUE,TRUE,3.462792225,-0.03982942268,12.13958233,15.21278914,53.85650798,1.987791567,0.2437185887,0.05340721494,1.164002879,10.1232282,31.53256059,20.69353008,2.847021602,3.173486301,140.9025986,1.09815397,0.004703005536,0.003074026555,2.510106865,0.3146837975,-9.694913264,0.6824618743,90935100,-37.5869309,-102278387777,-2.459848881,42.89637403,-5.593698486,,0,0.0507312853,0.7287850994,0.05544390458,0.004703005536,0.6047970493
2025-02-06,78.73000336,78.73000336,77.73999786,76.69582367,6410400,76.04297409,76.12307114,72.78775494,0.09514356484,-0.04534513366,0.0743738494,TRUE,TRUE,3.3353162,-0.04056824824,-3.795223213,14.12966645,53.38344209,-0.3170143139,0.2599876571,0.05574102666,2.26516578,9.076007483,34.17459104,18.78138229,2.985677224,3.028381572,137.5120831,1.098164545,0.00464724811,0.003000370981,2.539248709,0.2435291958,-9.694913264,0.5590812104,84524700,-43.90717698,-102298320474,-2.412676109,35.37574841,-4.353838063,-9.36028474,0,0.04570312903,0.656507094,0.05477564222,0.00464724811,0.4747579732
2025-02-07,78.27999878,78.83000183,78.05000305,76.53910065,7165200,76.14729233,76.0713385,72.85442839,0.1009992427,-0.04600932164,0.07468375944,TRUE,TRUE,3.216910114,-0.03917859314,-6.151106268,13.21357959,52.50048059,2.18768826,0.2572691345,0.04241800321,0.5453954137,8.244094102,33.41295183,15.38175102,2.802267399,3.039360053,132.6408425,1.070238999,0.004342685202,0.002757675115,2.586740736,-0.2747529706,-9.694913264,0.6424419465,77359500,-46.61958295,-102333244482,-2.548946985,35.28425477,-5.059404366,-9.912469569,0,0.009253771673,0.1363618156,0.05251357077,0.004342685202,0.2953904029
2025-02-10,78.36000061,79.01999664,77.93000031,77.37168121,5332100,76.31429901,76.03334274,72.92378107,0.1054714527,-0.04647519456,0.07498548763,TRUE,TRUE,3.109561672,-0.03604061469,-9.618905046,12.53955999,56.60664711,2.750139129,0.3186240792,0.08301835834,2.700713155,9.302207274,34.77497604,34.72254918,4.511770695,2.93885966,125.4313702,1.078909645,0.004561069727,0.002994403238,1.988781015,-0.07392860706,-9.694913264,0.5011725451,82691600,-65.83848544,-102344039009,-2.541797745,32.75483497,-2.63610553,-7.959893207,0,0.02328929617,0.3404856026,0.05472114069,0.004561069727,0.8429966127
2025-02-11,78.68000031,79.43000031,78.01999664,77.76348877,5417800,76.5439949,75.97792511,72.99317837,0.1087601178,-0.04670982026,0.07527944083,TRUE,TRUE,2.984746742,-0.03377189753,11.04235795,12.2918676,58.42794127,5.04449918,0.3943184525,0.1269701854,3.034783359,9.482617409,36.42761154,49.70404221,6.278453992,2.93032791,105.2525448,1.069929707,0.004923905374,0.003548696596,1.949778262,0.3340864419,-9.694913264,0.5266212085,88109400,-56.46884893,-102351428022,-2.550403498,38.19523286,-1.626325535,-7.450471708,0,0.05193533418,0.7659796142,0.05957093751,0.004923905374,1.158635992
2025-02-12,78.37000275,79.44000244,78.01999664,77.62635803,7444400,76.71883812,75.91976486,73.06102852,0.1103559322,-0.04667785189,0.07556486783,TRUE,TRUE,2.858736343,-0.03204259064,5.919636667,12.07124282,57.5180124,5.017531812,0.4381902993,0.1366736257,0.9176139122,9.096900006,35.66730194,46.1788299,4.717237558,2.855627325,91.12939757,1.069922806,0.004944225331,0.003577106787,1.932821782,0.3345878414,-9.694913264,0.7321260066,80665000,-24.32630241,-102362999734,-2.530501538,39.1395868,-3.509331696,-7.016095473,0,0.05207219256,0.7680141371,0.05980891896,0.004944225331,0.9958585669
2025-02-13,79.40000153,79.58000183,78.94000244,77.80266571,8510400,76.84813347,75.86454803,73.13325396,0.1100715815,-0.04633437689,0.07584113728,TRUE,TRUE,2.731294079,-0.03055284759,-0.6787172834,12.00448769,58.41471341,1.808066299,0.4816336374,0.144093571,0.866565646,8.71074943,34.4143022,52.60437012,3.43793993,2.785944806,86.9445422,1.068999254,0.005056999846,0.003749701326,1.872108072,0.4763777535,-9.694913264,0.8459890225,89175400,-20.31609895,-102401757633,-2.508616606,39.20197644,-3.979735884,-7.060459684,0,0.06190816051,0.9139979899,0.06123480486,0.005056999846,1.097863325
2025-02-14,79.38999939,80.02999878,79.05000305,77.47942352,6986000,76.86625404,75.83745026,73.1995558,0.1080845218,-0.0457798428,0.07610775153,TRUE,TRUE,2.637894459,-0.02777495409,19.78169577,12.37827185,56.07763122,-2.350310044,0.4843960367,0.1174847763,1.612084208,8.332127911,36.11060422,38.2426888,0.469950131,2.795478024,87.90675636,1.053424852,0.004867988086,0.003577027363,1.777191375,0.002724689757,-9.694913264,0.7240406151,82189400,-54.06214039,-102431135707,-2.719601594,49.43489086,-1.612312657,-5.767938694,0,0.02917994779,0.4370791325,0.05980825497,0.004867988086,0.697522585
2025-02-18,79.43000031,79.97000122,79.16000366,78.20426178,7754500,76.91522942,75.83844986,73.27115696,0.1053113195,-0.04501338323,0.07636534446,TRUE,TRUE,2.5672929,-0.02269996056,46.57134432,12.72535715,59.94736087,2.429348477,0.5388619822,0.1375605774,2.745949182,9.36034627,36.63197501,48.57072243,1.268385319,2.840862917,92.61182813,1.05434957,0.004923797719,0.003653866511,1.905372478,0.01899808112,-9.694913264,0.8019434032,89943900,5.727803229,-102457189770,-2.691765239,58.8186257,-0.7328699902,-3.996314263,0,0.03033017329,0.4539288732,0.06044722087,0.004923797719,1.391865801
2025-02-19,79.75,80.5,79.66999817,78.61566162,6256600,76.92551422,75.8478717,73.34112984,0.1036534807,-0.04398840691,0.07661467406,TRUE,TRUE,2.506741867,-0.01614111317,48.48485174,13.55449579,61.99406019,3.579346781,0.6082120752,0.1655285363,3.64361035,9.448297017,35.08770734,50.01750513,0.2623341365,2.797539654,94.45501431,1.053331096,0.004890367285,0.003611013527,2.04320047,-0.009095196729,-9.694913264,0.6626610024,96200500,-42.15795945,-102479341665,-2.675790811,57.72807876,0.565588867,-3.579940664,0,0.02840229259,0.4254744294,0.0600917093,0.004890367285,1.789367576
2025-02-20,80,80.44000244,79.29000092,78.60586548,8695400,77.02003708,75.85224045,73.40933079,0.1031257093,-0.04272452864,0.07685601157,TRUE,TRUE,2.44290966,-0.009558105893,33.68610336,13.77299287,61.91293048,5.835299252,0.6548335432,0.1697200035,2.100754729,8.719024712,35.22528342,49.75766026,2.464247007,2.664503096,101.4424102,1.053327217,0.004881979761,0.00359820113,1.94059523,-0.02471324863,-9.694913264,0.9364714904,87505100,-26.44979023,-102498382844,-2.659613553,49.67655245,-1.176751017,-3.558189496,0,0.02736862556,0.4099866756,0.05998500754,0.004881979761,1.563279496
2025-02-21,80.26000214,80.52999878,79.87999725,78.62545013,7773700,77.09741783,75.87643005,73.47504517,0.102979872,-0.04119599042,0.07708883047,TRUE,TRUE,2.401384888,-0.0006607519915,45.69767806,14.06873567,62.01994211,2.072581235,0.6854601526,0.1602772903,1.244692574,8.978817983,35.34739556,49.88023844,2.007860041,2.680112114,107.6209816,1.028702374,0.004340876483,0.002979134065,1.781267434,-0.4662461925,-9.694913264,0.8510412356,95278800,-27.97127635,-102536164083,-2.64308126,57.68306565,-0.5173834888,-2.265840459,0,-0.00237631979,-0.03643484842,0.05458144432,0.004340876483,1.41982751
2025-02-24,80.5,80.51000214,79.51000214,78.23365784,7487000,77.11602898,75.91221298,73.53712547,0.1028918606,-0.03946289707,0.07731191906,TRUE,TRUE,2.375087509,0.006921367004,30.13441612,13.79956419,58.48008241,-3.513977775,0.6703897612,0.1161655192,0.101563496,7.67254291,32.91352626,37.9366801,0.478058105,2.655094211,109.3201852,1.028378401,0.004363407363,0.003011735283,1.661453637,-0.4563533329,-9.694913264,0.8237022042,87791800,-10.70747066,-102562763063,-2.718691203,61.17960212,-1.580325032,-3.22419223,0,-0.001655666975,-0.02539395798,0.05487927918,0.004363407363,1.022344463
2025-02-25,79.40000153,79.62999725,78.31999969,77.84185028,10918900,77.20516472,75.95123459,73.59351364,0.1023461249,-0.03756854378,0.07752420883,TRUE,TRUE,2.357720947,0.01415776335,37.80514834,13.51803753,55.0935367,-6.819393778,0.6196874016,0.05237052761,-0.4492566103,7.261493234,33.27970996,3.650623067,2.343853678,2.678750212,107.5017858,1.029945563,0.004232731098,0.002825549124,1.430731736,-0.6316237622,-9.694913264,1.2734614,76872900,-48.55423787,-102581652765,-2.893664365,60.66024344,-2.43794458,-4.255174595,0,-0.01351597632,-0.2069571596,0.05315589454,0.004232731098,0.5922558006
2025-02-26,79.62000275,80.5,79.36000061,78.16508484,7710900,77.36286583,76.00624115,73.64802422,0.1015860745,-0.03553827362,0.07772600847,TRUE,TRUE,2.358216934,0.02414400843,31.54377619,12.83540074,57.29088644,-4.729055673,0.5986864589,0.02509566795,-1.744879448,7.407010584,32.88274941,15.2360873,4.204742749,2.64556782,96.15660013,1.00960274,0.004038521528,0.002676968777,1.296020413,-0.9530266971,-9.694913264,0.9350818495,84583800,-45.96463935,-102605528368,-2.977030173,60.61011445,-2.729370438,-3.530362697,0,-0.0338324164,-0.5284097662,0.05173943155,0.004038521528,0.8342838747
2025-02-27,79.58000183,79.76000214,77.94999695,76.43135071,12537300,77.42604446,76.02735046,73.68874504,0.09933871391,-0.03346802492,0.07791589236,TRUE,TRUE,2.338605423,0.03141972997,-4.390336573,12.97249317,44.66624225,-13.81384016,0.4371065138,-0.1091874217,-3.405190235,4.346705697,32.54518115,-57.64040295,1.681003119,2.692866576,84.40832285,1.047821094,0.003811983633,0.002212787606,1.343756792,-1.478322046,-9.694913264,1.49345579,72046500,31.0692705,-102639103976,-2.936182254,57.25192132,-3.39246522,-5.500513994,0,-0.07173752887,-1.079130999,0.04704027643,0.003811983633,-1.178430897
2025-02-28,78.54000092,79.25,78.12000275,77.59697723,10885000,77.46914368,76.07080048,73.73562901,0.09675552225,-0.03131069109,0.07809470234,TRUE,TRUE,2.335171471,0.0408837077,15.04186311,13.09979328,52.27994847,-2.813588227,0.3985157211,-0.1182225715,-2.112351267,6.782110464,32.06615519,-12.80858718,1.123326164,2.715421614,82.88091791,1.06809412,0.004254364274,0.002653729627,1.193714816,-1.081454591,-9.694913264,1.28493282,82931500,16.33872364,-102660065342,-2.876942194,58.65905591,-3.411361548,-4.846265243,0,-0.04579389159,-0.6759882035,0.05151436331,0.004254364274,0.1542376223
2025-03-03,79.13999939,79.58000183,78.80000305,77.70472717,9638200,77.54015884,76.12845184,73.78305172,0.09405892193,-0.02906743634,0.07826333246,TRUE,TRUE,2.345400124,0.04775833931,5.279695794,12.83612143,52.92477171,-4.366114729,0.3723347166,-0.1155228609,-3.513584616,6.930386418,31.84476724,-9.506573695,1.861852359,2.665890383,78.14508718,1.032472896,0.004595897382,0.003314689144,1.158135469,-0.5331660221,-9.694913264,1.139074601,92569700,-1.999023874,-102696771502,-2.828133281,60.17849617,-3.264596188,-3.518484011,0,-0.006382176559,-0.09751122417,0.05757333709,0.004595897382,0.210593314
2025-03-04,79.33000183,79.75,77.91999817,76.44114685,11280900,77.527425,76.1670491,73.82324718,0.08998327442,-0.02672288404,0.07842091697,TRUE,TRUE,2.343801918,0.05147170533,-18.4174677,13.35487753,45.20967058,0.5434283311,0.2467809726,-0.1928612839,-5.082579711,4.621964392,29.65903934,-56.6609568,-0.3320608694,2.708738759,79.7836756,1.047642993,0.004770020365,0.003466400666,1.344139374,-0.7182681924,-9.694913264,1.355469297,81288800,-19.76257877,-102726284924,-2.965082865,53.01794956,-2.615695634,-3.271231268,0,-0.018872677,-0.2841760651,0.05887614683,0.004770020365,-1.361529341
2025-03-05,77.51999664,78.04000092,76.86000061,75.90241241,10333400,77.52154808,76.23003845,73.85562794,0.08363522838,-0.02431648689,0.07856702406,FALSE,TRUE,2.374410515,0.05438063935,-22.73906047,14.59424074,42.37349274,-9.906455726,0.1026243695,-0.2696143096,-5.785615391,3.108453174,29.53790762,-26.09233443,-0.1546152698,2.720656422,80.98675386,1.051235706,0.004569290889,0.003160439277,1.596284626,-0.8900624622,-9.694913264,1.240992852,70955400,0.8225112449,-102753389746,-2.978095276,51.89280961,-3.805975587,-5.442778466,0,-0.03104391025,-0.4657531285,0.05621778435,0.004569290889,-1.999259865
2025-03-06,76.88999939,76.95999908,75.66000366,74.32539368,12702900,77.39861908,76.25488144,73.88132008,0.0746586976,-0.02190408174,0.07870105453,FALSE,TRUE,2.373561363,0.05524052087,-38.71318186,16.43456717,35.37714082,-17.54763089,-0.1372904111,-0.4076232721,-5.719487648,1.111964265,24.74452572,-27.40474997,-3.201944232,2.715565419,107.191367,1.08237106,0.00436764948,0.002722180297,2.146243414,-1.448298398,-9.694913264,1.483628337,58252500,58.85972262,-102792174918,-3.000374567,43.89141215,-2.800143238,-7.241961149,0,-0.07178181943,-1.045570637,0.05217451769,0.00436764948,-2.867045631
2025-03-07,76.05000305,77.62999725,75.83000183,75.70652008,11617200,77.3491539,76.28403198,73.91363071,0.06452517402,-0.01941606248,0.07882405629,FALSE,TRUE,2.370401268,0.05694373561,-17.65835895,17.36859426,44.08457624,-1.125094344,-0.213517943,-0.3870806433,-3.131960892,2.119500853,27.42801582,0.9551635543,-1.289905423,2.767664634,112.7440533,1.100005421,0.005069996465,0.003553545962,2.332178632,-0.6800598568,-9.694913264,1.316786041,69869700,81.22426058,-102805386025,-2.873742549,45.67298128,-0.9155375116,-7.047142525,0,-0.01811300059,-0.2597534882,0.05961162607,0.005069996465,-1.45695828
2025-03-10,77.01999664,78.37000275,77.01999664,76.53910065,18683000,77.3491539,76.32477997,73.95067856,0.05407460033,-0.01685236907,0.07893771901,TRUE,TRUE,2.37410141,0.05846029262,-16.40913985,17.45708927,48.58231414,6.2088214,-0.2043904321,-0.3023625058,-2.054485375,3.498527807,27.60594352,18.05129089,0,2.753694411,112.7440533,1.097611049,0.005302113874,0.003903766904,2.433414059,-0.1139749564,-9.694913264,1.987916938,88552700,160.7463853,-102837379453,-2.682059759,49.62216842,1.487899479,-4.40368754,0,0.02229624218,0.3205485298,0.06248013207,0.005302113874,-0.7184886739
2025-03-11,78.09999847,78.40000153,77,75.82405853,16320000,77.27177277,76.34299881,73.98104027,0.04334821887,-0.01430213194,0.07904205107,FALSE,TRUE,2.361958542,0.05786084819,-26.7103053,17.50823901,45.21823528,9.841094462,-0.2519504092,-0.2799379863,-3.270128651,3.517609557,25.59877161,3.368686552,-2.000244348,2.738699519,117.7798404,1.100315226,0.005319176724,0.003909079975,2.613092981,-0.1641535347,-9.694913264,1.640584358,72232700,206.0707789,-102881115659,-2.699508425,42.4438397,1.252113177,-4.287431584,0,0.01881222689,0.2697907845,0.0625226357,0.005319176724,-1.229169804
2025-03-12,77.40000153,77.84999847,76.69999695,75.58896637,8716000,77.16304665,76.36004227,74.0143425,0.03325557422,-0.01180148467,0.07913690773,FALSE,TRUE,2.345699768,0.05607291198,-28.25683838,17.7774996,44.13612047,0.05154423364,-0.3050950605,-0.2664661102,-2.359982679,2.160407231,24.89510395,-1.458672766,-2.796328244,2.766267571,122.9261608,1.097988155,0.005394688369,0.004038178493,2.809546059,-0.08807140138,-9.694913264,0.8618963401,63516700,60.87710879,-102906672928,-2.745316385,42.5212001,1.638212826,-4.987486835,0,0.02431823679,0.3495243492,0.0635466639,0.005394688369,-1.280508776
2025-03-13,77.43000031,77.68000031,76.87000275,75.77507782,8400600,77.07048264,76.3851178,74.05441425,0.02367036404,-0.009426713703,0.0792222275,FALSE,TRUE,2.330703545,0.05451451116,-26.28711185,18.0275273,45.25308406,-3.329230087,-0.3284092437,-0.2318242346,-0.8757117828,1.933369466,24.57728882,2.372663792,-2.384860322,2.775206042,126.1808143,1.098379112,0.005417563265,0.004069771458,2.559116191,-0.01631650497,-9.694913264,0.8267985644,71917300,12.8445543,-102937784772,-2.828556561,42.64168427,3.836640853,-4.477209924,0,0.02940476199,0.422497721,0.06379476043,0.005417563265,-1.026625817
2025-03-14,77.58999634,78.95999908,77.30999756,77.25414276,9134700,77.04305649,76.4460434,74.09848324,0.01520606851,-0.007086753708,0.07929901913,TRUE,TRUE,2.347560158,0.0554409821,-8.210173589,16.89037123,53.252608,8.034372723,-0.2249446996,-0.1026877524,1.79649357,3.600289504,28.25000014,32.93678317,-0.7050181947,2.842304604,125.0970804,1.126495598,0.006059186121,0.004845589303,2.508552257,0.4273877077,-9.694913264,0.896296071,81052000,7.3357304,-102947537916,-2.677596001,48.01450493,4.598551119,-3.573506551,0,0.06231261954,0.8734134472,0.06961026722,0.006059186121,0.1687379693
2025-03-17,78.84999847,79.66000366,78.45999908,77.57738495,9645200,77.04795456,76.5148053,74.14450348,0.006804742455,-0.004804241452,0.07936766043,TRUE,TRUE,2.370301819,0.05577480425,-2.229528779,16.15454622,54.80679442,10.67067395,-0.1155335609,0.005378708979,2.867645891,3.805414036,27.91969064,39.61534581,0.1264354087,2.923412197,125.2959486,1.121974389,0.006258606795,0.005215179861,2.514159688,0.7160896829,-9.694913264,0.9341987124,90697200,38.06470083,-102971371379,-2.616262332,54.6157923,5.46635223,-3.139266871,0,0.08314769053,1.170484275,0.07221620221,0.006258606795,0.4225439013
2025-03-18,78.73000336,78.87000275,78.13999939,77.03865051,9642600,76.989674,76.56143021,74.19223316,-0.001929101585,-0.002605326728,0.07942749104,TRUE,TRUE,2.369197044,0.05454543788,-9.326765272,15.16490749,51.72048346,6.467399407,-0.07147192795,0.03955227355,2.205964816,1.653907927,28.05371819,33.62554546,-1.490470264,2.817246571,122.3096797,1.124580461,0.006236583959,0.005153789508,2.053591108,0.6487999087,-9.694913264,0.9254845126,81054600,24.34844284,-103010109370,-2.653426084,49.04078667,4.157087016,-4.563103632,0,0.07841585951,1.101252371,0.07178989837,0.006236583959,0.04004304227
2025-03-19,78.69000244,79.05000305,78.41000366,77.32271576,8081700,76.9250267,76.59786819,74.23683647,-0.01153603346,-0.0004746186438,0.07947907122,TRUE,TRUE,2.361031723,0.05066106849,8.387131973,14.41202424,53.21646544,-0.03614256747,-0.01347573513,0.07803877309,2.516741542,1.25521445,28.34361671,40.65314391,-1.644641583,2.825496585,116.5441983,1.079248283,0.006175104642,0.005495008265,2.01064203,1.344951676,-9.694913264,0.7689365504,89136300,29.17079564,-103045650892,-2.694085797,55.72324554,2.558485732,-5.892543724,0,0.1241647538,1.817880503,0.07412832296,0.006175104642,0.3412345377
2025-03-20,78.94999695,79.37999725,78.77999878,77.63615417,8207600,76.87654114,76.65742264,74.27697655,-0.02034241698,0.001553643638,0.07952337315,TRUE,TRUE,2.380446091,0.04759641532,0.4007632843,14.01862307,54.87785688,0.07106245843,0.0571200814,0.1189076717,3.760911749,1.742787843,28.27283892,48.31668171,-1.233637335,2.744040198,111.0720762,1.079001708,0.006185118235,0.00551609368,2.010438807,1.333332952,-9.694913264,0.7827317602,97343900,-5.609862686,-103085152635,-2.797915048,54.94468904,3.435955851,-5.588660882,0,0.1233003641,1.805649132,0.07427040918,0.006185118235,0.6838919945
2025-03-21,78.94999695,79.33000183,78.26000214,77.13659668,7813800,76.80209846,76.71070816,74.31859131,-0.02877468253,0.003465262152,0.07955984206,TRUE,TRUE,2.392116852,0.04543565081,-5.587771825,13.10287325,51.72504707,0.004563608184,0.07192851261,0.1069728823,3.52337615,1.860950348,26.32861577,36.10255109,-1.893602456,2.73503353,103.4622321,1.065271822,0.005728087224,0.004850210546,1.950844781,0.7945409358,-9.694913264,0.745033894,89530100,0.5158418771,-103109374039,-2.732734683,49.12775829,3.436517865,-5.576621172,0,0.08470565506,1.255792848,0.069643453,0.005728087224,0.3233046572
2025-03-24,78.5,79.12000275,78.09999847,77.11193848,6998400,76.7460125,76.76389221,74.36022629,-0.03727022673,0.005302296021,0.07958856856,TRUE,TRUE,2.403665924,0.04350231538,7.512954253,12.24698541,51.56756256,-1.648902881,0.08074382556,0.09263055622,5.991501146,2.42877795,26.13005157,36.29837036,-1.433806614,2.730177416,98.19998247,1.064749778,0.005630849579,0.004693298399,1.915496886,0.702414385,-9.694913264,0.6688447319,82531700,-6.525978362,-103129930890,-2.710242437,50.57641488,2.104688091,-5.335109419,0,0.07815744795,1.159152241,0.06850765212,0.005630849579,0.372633447
2025-03-25,78.08999634,78.11000061,76.55999756,75.87885284,11198000,76.64786263,76.80083832,74.39765816,-0.04520408975,0.006963844788,0.07960840892,FALSE,TRUE,2.403180161,0.04009978837,-0.24483026,12.80762251,44.30332863,-10.57452825,-0.01163555321,0.0002009419652,3.825238666,-1.801928379,24.30775365,5.471229553,-2.521776434,2.76994616,96.46539311,1.084043174,0.005245266526,0.00392687406,1.918039421,0.1648578731,-9.694913264,1.068779665,71333700,2.55611829,-103150970753,-2.71689359,50.28503516,-0.7890094812,-9.620200651,0,0.04108496966,0.5981309001,0.06266477528,0.005245266526,-0.7971872151
2025-03-26,76.93000031,77.61000061,76.93000031,76.38195801,7582000,76.55870628,76.86508606,74.44114719,-0.05108354898,0.008541733063,0.07962002712,FALSE,TRUE,2.423938866,0.03716950455,24.05646654,13.32821411,47.54979302,-4.175254052,-0.04374621522,-0.02552777604,2.872719217,-2.121735818,24.95560295,14.41138154,-2.281231876,2.792020554,89.70815806,1.086557655,0.6027815753,0.2129222263,1.601972728,0.3832371706,-9.694913264,0.7241003063,78915700,-1.671659599,-103170774090,-2.699120289,57.31294039,-0.281679467,-8.975897211,0,0.02235274673,0.3652615828,0.4614349643,0.6027815753,-0.1970258665
2025-03-27,77.36000061,78.05000305,77.18000031,76.36222839,6985900,76.55525017,76.90974075,74.48822285,-0.05480556144,0.01003235591,0.07962327727,FALSE,TRUE,2.421517906,0.03375021258,9.122888584,13.29874126,47.43302961,-4.134532944,-0.06997948129,-0.04140883369,2.497294699,-1.447708783,24.33920785,-6.379637924,-0.09043712274,2.639659647,89.77309732,1.085732754,0.6028304705,0.2129495781,1.52229457,0.447496394,-9.694913264,0.6853386348,71929800,-44.27907125,-103190892990,-2.706611383,55.91835882,0.003080464255,-8.272422578,0,0.02154767538,0.3551210995,0.4614646012,0.6028304705,-0.2150107104
2025-03-28,77.87999725,78.47000122,77.73999786,76.92451477,9539300,76.52162704,76.94389587,74.53380253,-0.05701792523,0.01141576318,0.07961839845,FALSE,TRUE,2.410093346,0.03061914786,5.571811928,12.80437638,51.11718546,6.813856834,-0.0448803693,-0.01304777736,2.684974822,-1.242063976,26.69630095,11.75859659,-0.8666090966,2.568764164,86.87876576,1.087568865,0.5390209395,0.1784174899,1.494914726,0.728192922,-9.694913264,0.9420535311,81469100,-12.3628847,-103221744898,-2.773433111,52.80448983,2.150885324,-6.562354546,0,0.05137357177,0.8272898061,0.4223949454,0.5390209395,0.4637355542
2025-03-31,78.09999847,79.16999817,78.08000183,77.7827301,10735000,76.52552719,76.95721024,74.5857312,-0.0566284435,0.01281277214,0.07960628394,TRUE,TRUE,2.371479034,0.02862780105,27.74170403,12.14955951,56.16673104,8.616938022,0.04375725626,0.06047187856,4.075551601,0.5494690281,24.63198306,39.44290763,0.1003837637,2.575738273,87.45344226,1.095742914,0.5542443244,0.187979224,1.504021568,1.014457026,-9.694913264,1.054424408,92204100,11.3797182,-103238335353,-2.659702574,63.93199034,,-5.113919984,0,0.06743972797,1.08423604,0.433565709,0.5542443244,1.437568241
2025-04-01,78.80000305,79.27999878,78.29000092,77.98003387,9042400,76.60247154,76.97231583,74.64084801,-0.0538150555,0.01427818435,0.07958672587,TRUE,TRUE,2.331467819,0.02772034065,34.04818863,11.6494556,57.25982181,9.826792196,0.1284433634,0.1161263886,4.641267055,-0.1857418429,24.0916547,45.8075329,2.013165798,2.520795668,93.24969213,1.092341143,0.5489584797,0.1847643762,1.501437714,0.8934547502,-9.694913264,0.8980448377,101246500,-19.84327492,-103253040080,-2.615731161,71.06898901,2.68655243,-6.412288581,0,0.06082253739,0.9789599804,0.4298422689,0.5489584797,1.477283518
2025-04-02,78.98999786,79.59999847,78.58999634,78.34501648,6475600,76.72460175,76.97101685,74.69702396,-0.04795883638,0.01577908475,0.07955997905,TRUE,TRUE,2.273992882,0.02857411399,35.68630941,11.50234362,59.28262485,8.165439393,0.2224445571,0.1681020658,5.575087957,-0.1654602042,25.43674057,57.58114214,3.21808489,2.466103899,99.39163367,1.08593881,0.5342333787,0.1800806648,1.683293867,0.7540069345,-9.694913264,0.6556842558,107722100,-37.33330753,-103262657043,-2.578282695,70.65726247,1.721223291,-7.504525308,0,0.04767562093,0.7696720394,0.4243591224,0.5342333787,1.630333132
2025-04-03,79.31999969,80.20999908,78.81999969,77.85178375,19325100,76.90092125,76.99374435,74.75154739,-0.04032633588,0.01733206432,0.07952547932,TRUE,TRUE,2.24219696,0.027033484,9.615120241,11.93211202,55.46247073,-0.7042603181,0.2542110347,0.1598948347,5.007458129,-1.585890278,24.43723953,35.39138778,4.744529294,2.360624362,84.79725844,1.078750835,0.4446206308,0.1673511117,1.650244089,0.8782679319,-9.694913264,1.893280286,88397000,52.13140307,-103308904270,-2.531199047,72.98817025,5.522482238,-4.79301971,0,0.08547257273,1.378398997,0.4090857021,0.4446206308,1.121336374
2025-04-04,79.29000092,79.29000092,74.04000092,73.52120972,33082700,76.79165573,76.92261185,74.78810314,-0.03428738271,0.01872783101,0.0794801668,FALSE,FALSE,2.134508705,0.01790065145,-39.6770763,13.39871055,34.46370733,-22.79611448,-0.06925658859,-0.1308582309,-1.587788215,-7.105881827,17.98466339,-8.408287726,-2.88655503,2.775989369,111.0219736,1.301049917,0.6507433584,0.3293539404,2.315730943,-0.3522815509,-9.694913264,2.932738678,55314300,184.7734394,-103348525261,-2.40742963,56.06922232,3.969114311,-5.710972743,0,0.04701230719,0.7004404007,0.5738936665,0.6507433584,-2.945764615
2025-04-07,73.38999939,75.63999939,71.77999878,72.39663696,36581300,76.58453255,76.81331589,74.81889252,-0.03036898907,0.01985398577,0.07942362836,FALSE,FALSE,1.99442337,0.006943916857,-42.94658411,15.61927723,31.16400649,-28.11861836,-0.4116058967,-0.3785660312,-4.111451415,-8.493084212,16.41243236,7.314806184,-5.412218917,3.072415441,148.3480527,1.315702598,0.6665112483,0.3426746439,3.046577204,-0.6506557591,-10.13718297,3.004526753,18733000,95.79992507,-103373418777,-2.201322107,48.30837283,3.443366597,-5.971190676,0,0.04647451372,0.6916194523,0.5853841849,0.6665112483,-2.82302026
2025-04-08,74.69999695,75.23000336,72.23999786,72.10069275,19800200,76.39836426,76.73414703,74.84533051,-0.02918214325,0.02069497589,0.07935588258,FALSE,FALSE,1.888816528,-0.005097591297,-48.25962833,17.68123201,30.34073025,-25.12174047,-0.6987457091,-0.5325646749,-3.425921479,-8.721443885,15.59851433,3.804198791,-4.910533485,3.181979462,178.6600727,1.314791545,0.6608390734,0.3394086715,3.701019818,-0.6195274992,-10.50452573,1.603332306,-1067200,21.3247549,-103395063969,-2.080862643,41.34394761,5.369144049,-3.928748557,0,0.05037683399,0.7483552396,0.5825879088,0.6608390734,-2.405501937
2025-04-09,72.45999908,76.16999817,71.01999664,74.94171143,35027400,76.36600151,76.73276001,74.88793591,-0.02886095434,0.02143132143,0.07927974491,FALSE,TRUE,1.844824104,-0.0138353696,-20.18571272,19.9935088,45.28426809,10.82056076,-0.689115916,-0.4183479054,0.6302890331,-2.891411399,19.36578919,42.67370774,-0.8562823054,3.356125395,180.777075,1.402721987,0.679531921,0.4228791852,3.871298428,0.38213084,-10.50452573,2.563297774,33960200,301.8747132,-103376744794,-1.719988021,48.18962061,4.440983107,-3.202168216,0,0.07130359296,1.062201013,0.6502916155,0.679531921,-0.7878709649
2025-04-10,75.40000153,76.27999878,73.83000183,74.37942505,22083900,76.29621887,76.71699295,74.92336357,-0.02979963317,0.02204127726,0.07919470649,FALSE,FALSE,1.793629379,-0.02196642067,-20.5590378,22.03727301,43.30423243,12.14022594,-0.7185727872,-0.3582438213,-0.09846629699,-3.668527707,17.82350187,36.55525042,-1.841836143,3.454111766,185.8020586,1.396519828,0.649278865,0.4192606246,4.080082714,-0.00686499157,-10.50452573,1.53903997,11876300,162.8847939,-103388923859,-1.572007406,54.67804087,7.125444344,-1.11340126,0,0.0683327058,1.019274468,0.6475033781,0.649278865,-1.031632178
2025-04-11,75.36000061,76.58000183,74.43000031,75.28697968,14420000,76.19786072,76.68803268,74.96651325,-0.03141216651,0.02258310537,0.07910088923,FALSE,TRUE,1.721519432,-0.02678074414,-12.76740312,23.6427137,47.30886872,16.96813847,-0.6610651487,-0.2405889462,1.695806951,-1.651696845,21.34020222,46.43070619,-2.546352876,3.433077907,185.6709434,1.392533837,0.6344813059,0.4208728624,4.19027423,-0.05372641367,-10.50452573,0.9867652337,26296300,57.85959035,-103391848386,-1.520215411,59.01062552,5.37801339,-0.7815784707,0,0.04702006141,0.704353614,0.6487471483,0.6344813059,-0.4905889019
2025-04-14,76.91999817,77.94000244,76.47000122,76.63843536,9707800,76.15091324,76.69511292,75.01781937,-0.03234706907,0.02306834496,0.07899890977,FALSE,TRUE,1.677293549,-0.02616270044,5.270390737,23.91007351,52.67006898,7.385800888,-0.5006673696,-0.0641529337,4.740856612,0.4195865295,23.76657155,61.1364225,-1.210339309,3.475342074,183.1694156,1.373212425,0.6380085645,0.4419273034,4.146028382,-0.195380498,-10.50452573,0.6641656179,36004100,0.6490274955,-103399331528,-1.463958966,63.49347712,6.669931205,0.4567038346,0,0.02658059227,0.4113218799,0.6647761303,0.6380085645,0.2661591313
2025-04-15,77.86000061,78.37000275,77.58000183,76.62857056,7628600,76.13040924,76.69376785,75.0684972,-0.033146171,0.02346245803,0.07888855757,FALSE,TRUE,1.625270653,-0.02535161948,1.771766406,23.80538399,52.62797571,9.323743279,-0.3700809191,0.05314681344,3.371231501,-0.4675434841,24.69516362,61.02907969,-0.5323041789,3.475828587,182.3510739,1.373088648,0.6377387932,0.4409291641,4.133273984,-0.2247990545,-10.50452573,0.5255364228,28375500,-20.8864829,-103425335015,-1.430250635,63.50914579,4.514438197,-0.6058796417,0,0.02507450843,0.3877043758,0.6640249725,0.6377387932,0.2731880352
2025-04-16,77.87000275,78.16999817,76.72000122,75.93804932,8750400,76.06117592,76.69212982,75.11943745,-0.03466293966,0.02370566403,0.07876923428,FALSE,TRUE,1.572692375,-0.02363057753,-2.907364682,24.13531646,49.63755518,2.328686456,-0.3186364666,0.08367301278,0.9589493094,-2.593554295,24.71764882,53.51524882,-1.790762817,3.495525212,180.2019033,1.362806424,0.6303835083,0.4344524418,4.159404257,-0.6993973055,-10.50452573,0.6014322368,19625100,8.27424923,-103443523217,-1.367327448,60.09834963,3.023358358,,0,-0.006450725975,-0.09991717032,0.6591300644,0.6303835083,-0.06832702646
2025-04-17,77.27999878,78.75,77.27999878,76.71735382,9464400,76.0152359,76.69079742,75.17654175,-0.03630253211,0.02383025821,0.07864095589,TRUE,TRUE,1.514255676,-0.0233667512,-1.399090357,23.95520837,52.89093601,0.2208670319,-0.2125330579,0.1518211371,-0.5182490771,-2.033414941,27.68367048,61.99516501,-1.183469691,3.525580514,177.1202128,1.340832511,0.6349059627,0.4561734114,4.168228428,-0.08191901769,-10.50452573,0.6477093315,29089500,15.31263707,-103460232640,-1.283456001,60.08299439,1.404484252,-2.690680481,0,0.04258766372,0.6837216568,0.6754061085,0.6349059627,0.3964075635
2025-04-21,77.41999817,77.51000214,75.02999878,74.9022522,10390000,75.90351868,76.65492599,75.22288197,-0.03941829968,0.0236814611,0.07850166361,FALSE,FALSE,1.432044029,-0.02546432677,-18.27283366,24.80345832,45.51581918,-7.112156536,-0.2717760091,0.07406254881,-3.007458109,-6.212816235,22.11420931,42.24433648,-2.896607549,3.63338007,176.7210864,1.373867524,0.644263209,0.4470650252,4.326274535,-0.6265575317,-10.50452573,0.7048406748,18699500,32.96987381,-103471693032,-1.228956513,55.64915335,0.5030393675,-5.675267923,0,0.0092246832,0.1433408061,0.6686292136,0.644263209,-0.5665800838
2025-04-22,76.73999786,78.16999817,76.68000031,76.94423676,10850400,75.89513359,76.66302872,75.27745399,-0.04218817431,0.02337395854,0.0783530476,TRUE,TRUE,1.385574722,-0.02276535204,-5.882403915,25.06536435,53.3899622,3.752407019,-0.1522009091,0.154910119,-1.869314379,-2.792821969,24.74249655,64.46396669,-0.2174782848,3.701311868,176.1564198,1.413279905,0.6648189347,0.4586189506,4.350803693,-0.2890430623,-10.50452573,0.7265802035,29549900,55.04115226,-103478695008,-1.167722407,55.95901738,1.028860206,-3.108191561,0,0.02455430974,0.3748420389,0.6772141098,0.6648189347,0.5955520474
2025-04-23,78.76999664,79.20999908,77.62000275,77.26976776,13951800,75.96467934,76.66099045,75.33307468,-0.04423475595,0.02291178423,0.07819534465,TRUE,TRUE,1.327915764,-0.02253649522,-6.120166042,24.53577824,54.51843948,1.627503467,-0.03081394523,0.2210376663,0.722618113,-2.941416898,23.37482595,68.00619649,1.833073201,3.745416429,178.8143434,1.381440046,0.662267112,0.4778474334,3.860678852,0.2286469337,-10.50452573,0.9257252736,43501700,24.59189141,-103498793248,-1.153930228,57.30247516,3.069171672,-3.397289388,0,0.0614965071,0.9779574729,0.6912650963,0.662267112,0.729856677
2025-04-24,78.26999664,78.80999756,77.70999908,77.38814545,8414000,76.01498871,76.65348358,75.38894951,-0.0459430207,0.02223595177,0.07802885036,TRUE,TRUE,1.264534073,-0.02395724726,-2.696497792,24.04401972,54.94562108,9.429801905,0.0740841916,0.2607486425,0.4025935127,-2.411668554,22.4410524,77.00296873,1.317310351,3.709712813,181.4462302,1.368967628,0.666133906,0.4952968954,3.407631065,0.5266537472,-10.50452573,0.5567462305,51915700,10.97335795,-103512131031,-1.129362906,51.62042079,2.339887395,-4.35289051,0,0.08216042917,1.341071098,0.7037733267,0.666133906,0.7567843853
2025-04-25,78.51999664,78.56999969,77.86000061,77.15139771,7037300,76.05444717,76.64398438,75.44267567,-0.04632454291,0.0213304554,0.07785330815,TRUE,TRUE,1.201308708,-0.02563258789,27.71079706,23.5873868,53.85615624,0.4661940392,0.1365392175,0.2585629347,-0.9119241535,-2.363330804,21.49607448,74.86445951,1.033455058,3.344458019,183.0917315,1.369639946,0.6660827774,0.4944579278,3.136112334,0.4269418461,-10.50452573,0.4655721523,44878400,0.7357677608,-103533215254,-1.132364069,57.87324312,1.177413929,-4.440715978,0,0.07614969062,1.241318842,0.7031770245,0.6660827774,0.5991261986
2025-04-28,78.25,78.84999847,77.70999908,77.62490082,5542400,76.08946648,76.64042908,75.49563332,-0.04598359359,0.02021181585,0.07766951652,TRUE,TRUE,1.144795761,-0.02398562907,41.99679974,22.93195018,55.74611869,1.227679216,0.2216875435,0.2749690086,2.058615802,-2.697188213,21.50908695,80.64593658,0.9104848428,3.125170376,185.4974622,1.345598897,0.6545145865,0.4887385837,2.831479935,0.1452940197,-10.50452573,0.3715857326,50420800,-41.89930079,-103539585108,-1.06546701,70.36145835,3.553340245,-5.676451111,0,0.06030947502,0.9950586664,0.6990984077,0.6545145865,0.8277387322
2025-04-29,78.58000183,79.43000031,78.25,78.22664642,6584000,76.11166229,76.65537354,75.54547245,-0.0446141144,0.01898746344,0.07747799483,TRUE,TRUE,1.109901085,-0.02216533164,48.02787137,21.85035343,58.09509708,3.149475999,0.3338753395,0.3097254437,4.286812757,-1.305929851,22.12165306,85.69139884,0.5707132164,2.992937021,187.8804623,1.346533277,0.6561023352,0.4875476279,2.70440389,0.4128804608,-10.50452573,0.4476479953,57004800,-38.66790871,-103546429718,-1.047371088,79.42055827,5.950468362,-4.777362431,0,0.06793617347,1.118813009,0.6982461084,0.6561023352,1.125707327
2025-04-30,78.98999786,79.16999817,77.54000092,77.83205414,9038600,76.10426331,76.64792938,75.59082985,-0.04151307099,0.01766949132,0.07727850692,TRUE,TRUE,1.057099533,-0.02040255017,28.03824847,21.3129221,55.9961282,2.139971967,0.3864894665,0.2898716566,3.544439111,-0.3255715113,22.8456899,71.46523924,-0.1897661863,2.68507032,187.1336003,1.346858519,0.6699175308,0.5020950605,2.464228641,0.207753931,-10.50452573,0.6145448723,47966200,-0.04202424135,-103552229353,-1.017111241,69.522732,5.668167052,-3.941122577,0,0.03982136142,0.6651524257,0.708586664,0.6699175308,0.9232926798
2025-05-01,79.38999939,80.12999725,78.87000275,78.05893707,8983500,76.08995934,76.63679489,75.64566826,-0.03593881306,0.01627065318,0.07707255131,TRUE,TRUE,0.9911266327,-0.01947651805,36.89411668,20.04981008,56.95903975,1.212921053,0.4414058461,0.2758304289,1.725345948,-0.8124364708,21.55105188,63.66559141,-0.3651532919,2.663352173,185.4322872,1.341858961,0.6690799435,0.5045176434,2.085198156,0.4397580882,-10.50452573,0.6056350657,56949700,38.72845759,-103572778313,-1.045362698,66.68382239,5.065396738,-3.872245169,0,0.05791299481,0.9733192798,0.7102940542,0.6690799435,1.061831123
2025-05-02,79.41999817,79.98999786,78.98999786,78.67054749,8037000,76.13089752,76.63808853,75.7009594,-0.02604138224,0.01480979093,0.07686141334,TRUE,TRUE,0.9371291351,-0.01636620045,34.96424272,18.87692036,59.52995028,1.434853202,0.5281906682,0.2900922008,3.127930366,2.146091957,23.1458758,71.38332932,1.051695534,2.618175824,190.3648079,1.339498075,0.6679117059,0.503111787,2.280013172,0.3967818241,-10.50452573,0.5632574883,64986700,-58.41159942,-103585950159,-0.970811071,65.12957713,4.5993953,-2.006613215,0,0.05605712263,0.9424528484,0.709303734,0.6679117059,1.334096355
2025-05-05,79.48999786,79.79000092,78.76999664,78.47325897,7447900,76.37849998,76.63504471,75.75507114,-0.01317408798,0.01332553499,0.07664586767,TRUE,TRUE,0.8799735641,-0.01383355224,21.52776659,17.95483548,58.31981817,2.323689966,0.5744270927,0.2690629003,2.317512503,2.134724754,21.4359951,67.51492594,6.735538322,2.48516834,186.8065299,1.339895481,0.6681098581,0.5033409865,2.17402032,0.369814487,-10.50452573,0.5734868864,57538800,-77.48702494,-103597731516,-0.9594417182,58.35780587,2.823694719,-1.912901436,0,0.05556442083,0.9341077582,0.7094652821,0.6681098581,1.121352122
2025-05-06,79.55999756,81.08000183,79.48999786,79.43012238,10317500,76.73017426,76.658974,75.81425663,0.002068045193,0.01191235878,0.07642656828,TRUE,TRUE,0.8447173691,-0.01009668158,29.58326989,17.25174368,62.32051009,5.361470341,0.6804370178,0.3000582602,4.485890177,2.31925472,22.2647528,72.72927895,9.715210136,2.53393179,173.6411325,1.347949313,0.6662220779,0.494079866,2.83313815,0.6470470243,-10.50452573,0.883812588,67856300,-71.7956989,-103608826077,-1.008267195,59.35779543,5.045955063,-2.981588232,0,0.07702651485,1.275339983,0.702908149,0.6662220779,1.554901238
2025-05-07,80.37999725,81.22000122,80.09999847,79.65701294,9787500,77.10799026,76.69527725,75.87419064,0.01954904054,0.01060844735,0.07620563002,TRUE,TRUE,0.8210866165,-0.004737362619,41.2923447,16.69923453,63.22196741,3.692017128,0.773838491,0.3147677868,3.741717324,4.9492739,21.64612279,74.7497954,10.48023244,2.548992943,147.9095535,1.341655169,0.6614056838,0.490617689,2.811506213,0.4919007565,-10.50452573,0.8759784556,77643800,-50.56868112,-103626355917,-1.035028164,66.65408483,4.676052646,-0.810952551,0,0.06517459583,1.080477629,0.7004410675,0.6614056838,1.72336581
2025-05-08,80.79000092,80.98999786,79.98999786,79.01581573,11218900,77.31169548,76.71229187,75.92807209,0.03836201288,0.009407823593,0.07598213914,TRUE,TRUE,0.78421978,0.0001078958344,25.91767981,16.08626902,58.93110481,0.6112866411,0.7870479766,0.2623818179,3.024926201,5.358611574,20.05272148,64.39120167,5.436364118,2.435982226,144.5207437,1.344894831,0.6566768843,0.4820787207,2.641602051,0.232740975,-10.50452573,1.123823538,66424900,-67.97107407,-103659433321,-1.415878654,58.24010921,3.417076506,-0.8422855206,0,0.03952490642,0.6482625286,0.6943188897,0.6566768843,1.179152702
2025-05-09,80.30999756,80.33000183,79.72000122,79.15391541,8710200,77.55042,76.76674316,75.98476692,0.05806140814,0.008319208811,0.07575626807,TRUE,TRUE,0.7819762421,0.00487752916,59.12219652,15.26485401,59.56759524,-2.752914847,0.7994445789,0.2198227361,3.416312363,3.980340188,18.9136137,54.49151104,6.419100918,2.326528708,132.4657704,1.344720912,0.6568246807,0.4819684828,2.11224808,0.3018538929,-10.50452573,0.9351618136,75135100,-60.55859699,-103684309802,-1.58569065,58.78693984,3.188790982,-1.86473309,0,0.03833764706,0.6288042596,0.6942394996,0.6568246807,1.210497929
2025-05-12,80.61000061,80.81999969,79.40000153,78.68041992,13730100,77.72009201,76.78841202,76.03528278,0.07674564907,0.007316977658,0.07552792619,TRUE,TRUE,0.7531292343,0.009084879077,30.87741437,14.91105301,56.3433406,-6.87862681,0.7622748176,0.1461223799,1.691495762,4.437891365,16.97434704,30.98964434,4.507340129,2.195125752,123.368529,1.347008572,0.6487912696,0.4702619408,1.934045408,0.1392346442,-10.50452573,1.479598022,61405000,-4.784327323,-103711955311,-1.72478559,49.08054028,1.408240225,-1.197299691,0,0.02174311771,0.3520636115,0.6857564734,0.6487912696,0.7784221137
2025-05-13,79.63999939,80.26999664,79.20999908,78.57189941,12032000,77.81676521,76.80575546,76.08810257,0.09378059014,0.006427823356,0.07529650146,TRUE,TRUE,0.7176528931,0.01251768073,24.08760978,14.38991557,55.60052871,-3.330576101,0.7158094106,0.07972557831,1.039576101,4.105908342,15.06097175,28.04071774,2.522838627,2.136686526,122.0144278,1.345937101,0.648957656,0.4685618166,1.797650824,0.1939021046,-10.50452573,1.280568763,49373000,23.94157276,-103738473411,-1.80474776,38.89953873,0.6013654376,-1.013836691,0,0.01448156871,0.2342959262,0.6845157534,0.648957656,0.6188892698
2025-05-14,79.48000336,79.51000214,78.11000061,78.22664642,11456300,77.89666901,76.84146545,76.13586716,0.1091282261,0.005652169298,0.07506136415,TRUE,TRUE,0.7055982971,0.01655232333,14.88633162,13.83470003,53.19761205,-6.369983187,0.6437059681,0.006097708679,0.7733048494,1.698014715,14.66789074,18.65884377,2.085483071,2.133312572,119.0196641,1.341997504,0.6443535832,0.463468568,1.697756334,-0.07659720563,-10.50452573,1.194956614,37916700,50.17565477,-103748020671,-1.682896567,37.97504566,-0.4395093154,-3.995435682,0,-0.004979144694,-0.08040919689,0.6807852584,0.6443535832,0.2772461336
2025-05-15,79.62000275,81.20999908,79.56999969,79.89376068,13314600,78.09445457,76.92129242,76.19042339,0.1235521827,0.005153833147,0.07482323621,TRUE,TRUE,0.7308690262,0.02401598405,38.82685638,13.7477054,61.78572925,5.442388653,0.7128681581,0.0602079189,2.687690649,3.577546898,17.11161655,63.96085789,5.209129548,2.24985947,117.6180131,1.368212789,0.6570812774,0.4665321654,1.726795994,0.2352483319,-10.50452573,1.356498245,51231300,52.15990126,-103756078259,-1.592163363,46.02680577,1.195357227,-2.83341103,0,0.009176370278,0.1457684161,0.6830315991,0.6570812774,1.529787878
2025-05-16,81.11000061,82.20999908,80.91000366,81.06765747,10038400,78.31196976,77.0561377,76.24906399,0.1373005685,0.004967233031,0.07458234497,TRUE,TRUE,0.8070737076,0.03331643688,44.34570168,14.30706941,66.45365927,10.85313056,0.8525753937,0.1599321236,4.631208887,6.317952082,18.51640839,75.53871388,5.670560093,2.271700419,130.347443,1.380637265,0.6602235158,0.4619241421,2.835812547,0.5170892717,-10.50452573,1.019735639,61269700,6.064832425,-103763681893,-1.541271606,47.87991397,2.018093433,0.3961825499,0,0.02644933413,0.41458508,0.6796500144,0.6602235158,2.11410953
2025-05-19,81.48999786,82.56999969,81.47000122,81.41292572,8153200,78.63750343,77.17026581,76.304944,0.1504817441,0.005043607355,0.07433961901,TRUE,TRUE,0.8653218079,0.04307929333,42.44426061,15.0406878,67.70325332,14.50564127,0.979859437,0.2297729336,4.102927216,6.961540694,17.26531645,76.99653568,8.692226645,2.23550349,121.7248337,1.381430671,0.004292032224,0.001630461743,3.048144995,0.5935902178,-10.50452573,0.8377481947,69422900,-21.52839269,-103772681182,-1.546339347,48.56591327,104.1029272,106.9615407,,0.07436620937,0.8552659071,0.04037897649,0.004292032224,2.280078932
2025-05-20,82.40000153,83.05000305,82.40000153,81.64967346,9037600,78.87277527,77.27247726,76.35568756,0.1627802945,0.005375157717,0.07409480592,TRUE,TRUE,0.9167897034,0.05241130332,51.94655676,16.00232797,68.56784653,6.782117272,1.087302773,0.2697730157,3.859296962,7.643525055,18.01308577,71.65326118,6.115385512,2.229640902,132.2898259,1.37970765,0.004385158952,0.00170647739,3.060209532,0.7456508589,-10.50452573,0.9373509071,78460500,-16.70721817,-103802583856,-1.679635659,54.94378244,1.487053626,2.120242077,0,0.08422333119,0.9618144596,0.04130953147,0.004385158952,2.099101858
2025-05-21,82.5,82.66000366,81.09999847,80.16011047,11352000,79.0172924,77.3591983,76.39840435,0.1737638095,0.005864359806,0.07384640437,TRUE,TRUE,0.9607939529,0.05844749478,24.3987466,15.6854337,58.04002853,-8.413630738,1.040265573,0.1781886522,1.977263383,4.119555566,15.7640463,41.50017915,3.740586773,2.20531715,129.6169073,1.39959888,0.004378298594,0.001652699996,2.867259449,0.4848606819,-10.50452573,1.19348378,67108500,-18.63415473,-103827614795,-1.72852001,47.8130102,0.2197822942,-0.9730328128,0,0.06187689981,0.6965870896,0.04065341309,0.004378298594,0.8816890427
2025-05-22,80.56999969,80.56999969,79.16999817,79.01581573,15318800,79.09867592,77.42773529,76.44485592,0.182113909,0.006458970285,0.0735937101,TRUE,TRUE,0.9828793716,0.0630268204,3.775695882,15.12597132,51.49854131,-16.20471202,0.9002754156,0.03055879614,0.4964875876,1.747359906,14.30110057,18.33632949,2.103255322,2.189247612,123.8302061,1.411805906,0.004030460452,0.001376445174,2.830818887,0.135332262,-10.50452573,1.554121026,51789700,82.06322795,-103846307720,-1.695142634,40.2991065,-2.776519053,-3.345395664,0,0.03009024026,0.3357900598,0.03710047404,0.004030460452,-0.06691435499
2025-05-23,80.63999939,81.12999725,79.69999695,79.96281433,10865100,79.23924675,77.51149002,76.49309944,0.1884580681,0.007209520634,0.07333783469,TRUE,TRUE,1.018390579,0.06617279434,15.05482888,14.20908913,55.92574939,-12.64209714,0.8558810163,-0.0110684825,2.210246257,2.314054557,14.63920633,37.50633209,3.644025526,2.25217669,116.2893114,1.388390035,0.004423770007,0.001714490807,2.690238029,0.7886781223,-10.50452573,1.081289534,62654800,54.39302005,-103853179063,-1.592132231,46.37924889,-0.9835096979,-2.615305341,0,0.08859831441,1.005442458,0.04140641021,0.004423770007,0.6222133165
2025-05-27,81.69000244,81.87999725,81.05000305,80.56455994,9247100,79.38622971,77.57769836,76.54237362,0.1926657477,0.008156885865,0.07307968564,TRUE,TRUE,1.035324745,0.07208462774,11.8925192,13.53655277,58.51691099,0.476882451,0.8593479482,-0.006081240492,3.497745295,3.032774833,16.88131371,49.6874112,3.787005314,2.174218522,113.3516883,1.378353389,0.004225104411,0.001587220032,2.614518909,0.6461334325,-10.50452573,0.9036093659,71901900,66.84288395,-103873242964,-1.63022117,46.05522903,-0.9659633669,-3.508391036,0,0.07515590607,0.8590730332,0.03983993012,0.004225104411,1.039534786
2025-05-28,81.62000275,81.66000366,80.18000031,79.43999481,10477300,79.44689713,77.61495056,76.58563892,0.1931330264,0.009251617468,0.07281889951,TRUE,TRUE,1.029311638,0.07617062725,-2.079363026,12.82321724,52.32563153,0.8270902248,0.7625621676,-0.08229361692,1.631047898,-0.1422913696,17.23604278,26.92294624,1.551067883,2.177134609,110.0167369,1.391270762,0.003979599012,0.001382614697,2.633139122,0.3482808587,-10.50452573,1.004710314,61424600,59.13274605,-103894197618,-1.667442928,39.52891301,-2.422637941,-5.220376371,0,0.04864220886,0.5508151309,0.03718352723,0.003979599012,-0.00627387562
2025-05-29,80.56999969,81.22000122,80.20999908,79.99240875,10433700,79.55491486,77.67402573,76.63046017,0.1900111986,0.0104938767,0.0725562944,TRUE,TRUE,1.043565559,0.07892413127,9.437526266,12.16083425,54.85258148,-1.07316791,0.722109894,-0.09819671238,4.659158855,1.095315397,16.87902488,38.10540915,2.775661825,2.202016109,103.7545307,1.376167849,0.004017373505,0.001440119619,2.546452504,0.7984260833,-10.50452573,0.9938811776,71858300,15.43491249,-103909126897,-1.699846418,46.49192771,0.1327564635,-3.417785994,0,0.08794060195,1.006706514,0.037948908,0.004017373505,0.4216624505
2025-05-30,80.93000031,82.05999756,80.77999878,80.81118011,10340200,79.69252701,77.74379501,76.67874813,0.1834404568,0.01188268294,0.07229149269,TRUE,TRUE,1.065046883,0.08190942708,15.02690677,11.64407906,58.3743097,-0.1426012842,0.7475024391,-0.05824333381,4.142175373,1.942326812,18.19107258,54.67972003,3.525852574,2.246298351,101.0862471,1.377442401,0.004373802448,0.001702773011,2.427421947,1.129660195,-10.50452573,0.9786508697,82198500,15.10213169,-103918963313,-1.638238386,52.65398243,0.9922202716,-2.547556811,0,0.1178894967,1.348409299,0.04126467025,0.004373802448,1.106632344
2025-06-02,81.56999969,82.29000092,81.23999786,81.06765747,13399600,79.81238251,77.81242508,76.72624386,0.1738109339,0.01346876631,0.07202449984,TRUE,TRUE,1.086181221,0.08236947935,22.08027369,11.32428776,59.4415814,7.115949872,0.7793380691,-0.02112616307,4.327832321,0.6621856551,20.11319853,59.87156677,3.047023393,2.222691883,102.5317682,1.34722724,0.00452722329,0.001907989788,2.232498618,1.625351706,-10.50452573,1.236821459,95598100,66.72390195,-103936761552,-1.619044821,61.37572668,-1.267781702,-4.670507509,0,0.1585779316,1.854571432,0.04368054245,0.00452722329,1.224279056
2025-06-03,83.16999817,83.16999817,81.73999786,81.28468323,14273900,79.95295372,77.89538681,76.77506596,0.1645630161,0.0152696243,0.07175516279,TRUE,TRUE,1.120320854,0.08515152948,24.84203437,11.61426941,60.36758155,5.515000072,0.8127117647,0.00979802603,6.336294753,0.93166781,18.83368799,62.74079346,3.582652603,2.261816332,102.4784005,1.328641918,0.004146840868,0.001645538646,1.995843781,1.331366688,-10.50452573,1.277283628,109872000,91.6499953,-103960125123,-1.621418886,69.52142244,-1.160313366,-3.913123599,0,0.1310844647,1.554339334,0.04056523938,0.004146840868,1.299522145
2025-06-04,82.26000214,82.26000214,80.95999908,79.86417389,16500900,79.9746563,77.95043152,76.81683372,0.1558027683,0.01721647126,0.0714832634,TRUE,TRUE,1.133597794,0.08670604522,13.65130449,11.24143973,51.99915471,-6.375154988,0.7162805902,-0.06930651876,5.219546189,-0.8680520701,14.73395927,17.35439301,0.5464570628,2.293102656,101.7700506,1.344079725,0.003912252859,0.001431591875,1.752015988,0.7555945694,-8.541483374,1.436813687,93371100,59.93118488,-104004444576,-1.722421423,67.22033942,-0.6271522784,-4.619367163,0,0.08239253777,0.9657270935,0.03783638295,0.003912252859,-0.1085608251
2025-06-05,81.19000244,81.19000244,80.66999817,79.7359314,10587500,79.97860222,78.02757309,76.85636818,0.1481854865,0.01932135469,0.07120844874,TRUE,TRUE,1.17120491,0.08665361396,-1.50938633,10.66534797,51.30765068,-8.133930722,0.6223361881,-0.1306007367,7.279527833,1.14368849,15.87226935,14.14833069,0.09907283002,2.148307399,101.6556441,1.33788326,0.003944320643,0.001468884678,1.769636938,0.9120869497,-8.298531041,0.9187053175,82783600,8.173690932,-104053068040,-1.851346853,60.10118797,0.2703074971,-2.741564154,0,0.09549761629,1.124511267,0.03832603134,0.003944320643,-0.2387184936
2025-06-06,81.23999786,81.33000183,80.5,80.09106445,10633600,80.03236465,78.10175522,76.89531425,0.1402359278,0.02164031206,0.07093068781,TRUE,TRUE,1.206440964,0.08656752009,-10.13299136,9.992303948,53.16507898,-7.202502576,0.5699705763,-0.1463730788,5.791501667,2.478153208,16.43691394,23.0266571,1.360801895,2.074375585,99.10715863,1.337583011,0.004102242257,0.001589319682,1.831829422,1.061717621,-8.298531041,0.9250546211,93417200,-5.217089019,-104074179827,-1.804013559,60.22513102,-0.8226773089,-1.773004179,0,0.1085654052,1.278722589,0.03986627249,0.004102242257,0.05922861617
2025-06-09,81.05000305,81.36000061,80.54000092,79.57810211,12433200,80.05357399,78.16607269,76.93246746,0.1322674624,0.02410119534,0.07064917738,TRUE,TRUE,1.233605232,0.08570576143,-18.71228272,9.392366114,50.18709438,-1.812060336,0.4815279236,-0.1878525852,3.970521523,1.834462364,16.3550486,10.20259857,0.535901104,2.066796746,97.57027036,1.340894257,0.004003269518,0.001506349362,1.951765165,0.8841410085,-8.298531041,1.064371936,80984000,42.74299098,-104115782501,-1.846859345,53.71951391,-3.756390546,-2.076347888,0,0.09333729074,1.096629068,0.03881171682,0.004003269518,-0.4873122482
2025-06-10,80.87999725,81.05000305,80.26000214,79.76552582,14026400,80.10782928,78.22289291,76.96800072,0.123988963,0.02665876233,0.07036331962,TRUE,TRUE,1.254892197,0.08744680665,-19.31245626,8.857604513,51.26131507,-0.04633561526,0.4216989281,-0.1981452646,5.19817504,1.758059378,17.84963688,14.88819122,1.379130789,2.047149185,92.41344874,1.318635029,0.003438940966,0.001148824612,1.646740918,0.5546831862,-8.298531041,1.199240429,95010400,2.158032352,-104147367672,-1.861361815,46.79822804,-3.767160581,-2.279600258,0,0.0634529123,0.7580146223,0.03389431534,0.003438940966,-0.3704043854
2025-06-11,81.09999847,81.20999908,80.65000153,79.81485748,10697400,80.16997719,78.26353546,77.00421482,0.1145341274,0.0292217326,0.0700729533,TRUE,TRUE,1.259320641,0.08967703151,-4.151723746,8.239861992,51.55743301,-1.607645967,0.3739539627,-0.196712184,5.590618997,3.098698678,19.22078795,16.12148285,1.581937153,2.035544612,85.45842676,1.317804513,0.003353312102,0.001093527171,1.67588479,0.4834446947,-8.298531041,0.9198630361,105707800,-11.09208777,-104189971890,-1.941204226,53.31446645,-3.103510052,-1.249626589,0,0.05729980405,0.6849310288,0.03306852236,0.003353312102,-0.4155467385
2025-06-12,80.95999908,81.94000244,80.91999817,80.78158569,9784300,80.29772415,78.3195665,77.04424946,0.1046272226,0.03182807647,0.06977896845,TRUE,TRUE,1.275317039,0.09245460894,21.69696083,8.325850477,57.06281867,6.875724296,0.4094032748,-0.1290102975,6.607063981,5.673493361,19.13180823,31.16969351,3.266072862,2.075303396,73.0793221,1.322367639,0.003649241925,0.001286158658,1.509782353,0.8630551094,-8.298531041,0.8474381027,115492100,-14.59458988,-104202411608,-1.967786118,61.02557376,-3.404193133,0.8463546202,0,0.09003075365,1.072493454,0.03586305423,0.003649241925,0.6621045842
2025-06-13,81.76999664,81.91000366,81.18000031,80.31794739,12662700,80.31893349,78.35902512,77.07960171,0.09453562916,0.03439469516,0.06948139217,TRUE,TRUE,1.279423409,0.09474559147,4.639249237,8.405696927,53.89907347,2.6377584,0.3955259961,-0.114310061,3.965877449,5.833617753,19.17140629,4.613618096,0.5309384649,1.999616974,72.45812468,1.324571048,0.003484732821,0.001168040239,1.480397802,0.6733264615,-8.298531041,1.099847175,102829400,-4.896129061,-104244980794,-2.123236245,53.80768564,-3.869811255,1.019547104,0,0.07390806621,0.8789430299,0.03417660367,0.003484732821,-0.001360922943
2025-06-16,81.81999969,82.26000214,80.62999725,79.9233551,13633300,80.26171837,78.40045654,77.11587589,0.08371604604,0.03698115664,0.06918030895,TRUE,TRUE,1.28458065,0.09675450496,-8.609301373,7.895015581,51.29257916,-0.2648538479,0.3486686183,-0.128933951,3.024038714,5.978403326,19.36578076,-8.583457726,-1.411539946,2.011712178,70.73212975,1.325804397,0.003326880917,0.001062844793,1.528352531,0.4937658837,-8.298531041,1.165947854,89196100,35.8114839,-104270434751,-2.166927329,46.96733961,-4.243193128,1.498731838,0,0.05843729493,0.6942983617,0.03260130048,0.003326880917,-0.4783727949
2025-06-17,80.90000153,81.09999847,79.77999878,79.26242828,14167900,80.1541935,78.51528091,77.14884544,0.07356844594,0.03952849265,0.06887585442,TRUE,TRUE,1.366435471,0.09670612222,-2.542411763,8.042173173,47.17731106,-9.885507608,0.255260059,-0.1778740082,2.88657415,5.156215776,18.10853049,-15.26756899,-2.641469297,2.014067786,68.62497354,1.327658097,0.003299016241,0.001042222967,1.552447146,0.4565104868,-8.298531041,1.181285891,75028200,73.77103469,-104295713089,-2.18045798,45.9923482,-4.511127364,-0.1460253417,0,0.05528084576,0.6558766518,0.03228347823,0.003299016241,-1.299476221
2025-06-18,80.54000092,80.95999908,80.13999939,79.4695816,11162000,80.0451889,78.65673981,77.18087261,0.06329771888,0.04198805213,0.06856803162,TRUE,TRUE,1.475867195,0.09683740695,-7.875188468,8.17881951,48.57009118,-5.328982287,0.1956928195,-0.1899529982,2.77650083,5.363119721,18.7050436,-9.156850477,-2.67005582,2.001408268,60.44757789,1.327875992,0.003361792365,0.001081167804,1.608019057,0.5148782984,-8.298531041,0.9224911559,86190200,23.50624059,-104325126811,-2.159296071,46.20475958,-3.090691709,-0.4598794146,0,0.0604319998,0.7168804696,0.03288111623,0.003361792365,-0.9522421243
2025-06-20,80.73000336,81.44000244,80.66999817,79.68660736,15844100,80.02151375,78.8084581,77.21123489,0.0532075968,0.0444336734,0.06825759153,TRUE,TRUE,1.597223206,0.09510347939,-18.62748072,7.774677647,50.05585806,-1.236721103,0.1641058083,-0.1772320075,2.641106077,6.501347495,20.35422897,-2.754909595,-0.5906966819,1.98724762,60.89936424,1.310132703,0.003674163428,0.001326344106,1.68451068,0.8999289146,-8.298531041,1.285582724,102034300,39.5710007,-104381440666,-2.246858362,47.82322003,-3.044442148,0.4723678479,0,0.09268791339,1.114479526,0.03641900748,0.003674163428,-0.5499341274
2025-06-23,80.63999939,81.37000275,80.47000122,80.69680786,12786500,80.10556335,78.92356003,77.24717888,0.04409307896,0.0469475124,0.06794368615,TRUE,TRUE,1.676381149,0.09566673815,-5.460983984,7.604423442,56.37364315,9.196332088,0.2180737931,-0.09861121814,4.615463133,8.30145941,21.82716818,27.04452056,2.127412229,1.980478188,57.81048345,1.31692239,0.00386728433,0.0014547784,1.694061961,1.016771712,-8.298531041,1.048259794,114820800,-16.5306682,-104387782593,-2.219553193,47.61135243,-1.854782334,1.738735714,0,0.1031718328,1.234194916,0.03814155739,0.00386728433,1.022728875
2025-06-24,81.33000183,81.81999969,81.19000244,81.04446411,10194800,80.15964584,79.05686081,77.28172508,0.0364565911,0.04952598613,0.06762677451,TRUE,TRUE,1.775135727,0.09652670468,-3.470610151,7.177507024,58.32734638,9.757255202,0.285604493,-0.02486441459,5.099762388,11.39681586,21.30026905,50.98643631,1.352690984,1.88568521,61.35555492,1.317500964,0.003957819048,0.001522622428,1.429340454,1.108027387,-8.298531041,0.8380904152,125015600,-6.169294346,-104402687680,-2.258690241,46.34340341,-0.4224207965,1.77318268,0,0.1110194127,1.327514661,0.03902079481,0.003957819048,1.442115989
2025-06-25,81.40000153,81.40000153,80.34999847,79.96175385,13385900,80.12950554,79.15035629,77.31177448,0.02932625218,0.05202880893,0.06730588167,TRUE,TRUE,1.83858181,0.09630456762,1.482139008,7.405662556,50.71081655,0.6549584945,0.2488883593,-0.04926443868,5.380815402,9.4118831,20.38692218,7.328823383,-0.7482273742,1.888885946,60.73928274,1.32786705,0.003832106868,0.001405526176,1.420915128,0.6864780294,-8.298531041,1.082015898,111629700,44.75781596,-104425972606,-2.233926224,47.20701621,0.6746810364,-0.1256521313,0,0.07563757812,0.8973815712,0.03749034778,0.003832106868,-0.2761831983
2025-06-26,80.65000153,81.20999908,80.5,80.62727356,9373100,80.18886948,79.23013306,77.34867336,0.02288416812,0.05450020345,0.06698144985,TRUE,TRUE,1.881459694,0.09845926635,12.51708872,7.617521263,54.63242183,-1.741221322,0.2703757148,-0.02222166654,5.558008282,8.59039347,19.81365808,34.16425941,1.494560455,1.866421372,59.43356002,1.324596819,0.00374974921,0.001352333354,1.360779562,0.6315741736,-8.298531041,0.7610475761,121002800,-10.53897474,-104431985286,-2.183279818,53.02968527,-0.6014509606,-0.917758357,0,0.07071649307,0.8410551921,0.03677408536,0.00374974921,0.7376372593
2025-06-27,81.37999725,81.98999786,81.08000183,80.78620911,12653900,80.22855949,79.31328583,77.38265205,0.01759887953,0.05692049819,0.06665379257,TRUE,TRUE,1.930633774,0.1010508542,10.03847306,7.221927209,55.54213741,-2.785208969,0.2968079519,0.00336845643,5.793414894,8.435388236,21.19680819,40.57294214,0.9923446067,1.842294568,60.68977706,1.324483026,0.003731780879,0.001339385111,1.326696811,0.6203348922,-8.298531041,1.018253714,133656700,21.27912438,-104452809823,-2.187496182,53.60577415,-0.2341055145,-0.2366856792,0,0.06976451258,0.8298006187,0.03659761072,0.003731780879,0.9188526296
2025-06-30,80.94000244,81.75,80.68000031,81.11400604,11009000,80.24370079,79.41680496,77.41653282,0.01368971918,0.05932878151,0.06632313082,TRUE,TRUE,2.000272141,0.1046424868,22.7891118,6.985179413,57.43776489,6.726948341,0.340283586,0.03747527249,5.446236852,8.277441763,22.20158539,53.79054264,0.3747327131,1.817331268,62.56851739,1.324188239,0.003696546068,0.001314443261,1.305078646,0.6080277992,-8.298531041,0.8835118976,144665700,6.467960001,-104454888037,-2.150494458,54.02038189,-2.920487452,-0.668057836,0,0.06868790255,0.8171687152,0.0362552515,0.003696546068,1.39096352
2025-07-01,81.62999725,82,80.68000031,81.39212799,19845100,80.25992432,79.51030045,77.45064632,0.01107594598,0.06169211771,0.06598952896,TRUE,TRUE,2.059654121,0.1077001938,23.81437472,6.488982312,59.0338096,4.401387771,0.3926541832,0.07187669573,4.640358963,8.905030788,22.4070553,65.00512215,0.400246572,1.797790698,65.18343819,1.32147153,0.0004770335611,0.00004301833926,1.504463405,0.8039729967,-8.298531041,1.552487625,164510800,48.10218215,-104453320639,-2.020527964,63.45051548,104.640359,,,0.08081312945,0.9627520769,0.006558836731,0.0004770335611,1.736949915
2025-07-02,81.63999939,82.01000214,80.83999634,80.68687439,10945500,80.23003387,79.62599289,77.48041336,0.009581716724,0.06396904242,0.06565241553,TRUE,TRUE,2.145579529,0.1020650509,11.64823249,6.039891375,53.55008629,-1.992051124,0.3729510398,0.04173884185,3.471196896,8.273571469,22.71767968,36.56751544,-0.7354507813,1.789207101,61.50378652,1.102340524,0.0001058095299,0.00000308674334,1.431363469,2.09091336,-8.298531041,0.8675643639,153565300,-23.31808406,-104467131076,-2.009320257,57.32925991,-3.607191602,-0.8978939497,0,0.1768867717,2.522947645,0.001756913014,0.0001058095299,0.7427843731
2025-07-03,81.26999664,82.16999817,81.12999725,81.29279327,7450100,80.30146484,79.71296402,77.50795116,0.009033940251,0.06618511193,0.06531225335,TRUE,TRUE,2.205012856,0.09511895907,7.174389981,5.817983308,57.22633626,-0.2114286373,0.4015993593,0.05630972911,3.762558139,9.547412023,24.49794603,60.99969544,1.788811322,1.719459468,65.21509464,1.08219082,0.0003731626586,0.00003992621305,1.417629496,2.687393752,-8.298531041,0.6124805417,161015400,-54.8503415,-104472248781,-1.922933738,56.76545937,-2.851763425,-1.17568121,0,0.2170495433,3.156112125,0.006318719257,0.0003731626586,1.520090457
2025-07-07,81.66000366,82.06999969,81.48999786,81.46166229,10107800,80.38775139,79.79680191,77.53343857,0.009289691323,0.06830054443,0.06496911516,TRUE,TRUE,2.263363342,0.0874537331,16.74379071,5.611925816,58.21881463,-0.8149949676,0.4329390259,0.07011951653,4.636860411,9.876507383,24.11464072,67.80892084,2.164307691,1.685099534,68.66409069,1.079244314,0.0004228943506,0.0000515956376,1.439004779,2.845867531,-8.298531041,0.8326146248,171123200,-4.53081464,-104483344199,-1.772167153,63.49664819,-5.99121746,-0.1818092152,0,0.2278263671,3.322551132,0.007183010344,0.0004228943506,1.564006591
2025-07-08,81.44000244,81.44000244,80.34999847,80.59747314,22144900,80.41307182,79.86098846,77.55489445,0.01014078155,0.07024746159,0.06462280028,TRUE,TRUE,2.306094017,0.08266689113,9.234142436,6.357731095,51.61811115,-1.931975137,0.383620952,0.01664115408,9.624791887,7.884182361,22.06221341,34.20395707,0.6322911237,1.629575224,68.44581628,0.9742232933,-0.001368653214,0.0006618502795,1.377101293,1.794447501,-8.298531041,1.74158176,148978300,108.254025,-104495433536,-1.65647119,60.52488184,-5.714005752,-1.045350718,0,0.1358349877,2.196424234,-0.02572645097,-0.001368653214,0.2694121152
2025-07-09,81.45999908,82.05999756,80.88999939,81.3523941,20115200,80.50178642,79.94500839,77.58301968,0.01202161545,0.07206076565,0.06427377564,TRUE,TRUE,2.361988716,0.07785030046,28.2646603,6.242040838,56.28118802,-0.9451482317,0.4008313016,0.02708120299,12.37040492,7.750350317,22.9898245,59.72391347,2.229623408,1.626967228,68.5524113,0.972846501,-0.001215541531,0.0005243486202,1.17349399,2.255770739,-8.298531041,1.535570646,169093500,61.78618537,-104499649289,-1.465196893,69.32008499,-4.883249856,-0.6450042285,0,0.1654821183,2.680703124,-0.02289865979,-0.001215541531,1.240813657
2025-07-10,81.62000275,82.73000336,81.37000275,82.01791382,14537000,80.61440582,80.03286865,77.61669189,0.01569395682,0.07375506776,0.06392207178,TRUE,TRUE,2.416176758,0.07527545909,32.45192424,6.220135037,59.94621707,1.727402435,0.4628372075,0.07126968707,13.75468209,9.857535999,23.869467,70.08033287,2.823761239,1.585900365,74.09745679,0.9667441354,-0.001396607898,0.0007003406472,1.531278768,2.159964855,-8.298531041,1.107578843,183630500,3.640278332,-104500335290,-1.344635983,69.91074598,-5.931359497,0.6979602015,0,0.1579266527,2.574715079,-0.02646394996,-0.001396607898,1.894137878
2025-07-11,81.91000366,82.76999664,81.68000031,81.89871216,11099900,80.71859856,80.10630997,77.63982933,0.02107427927,0.07533296712,0.06356785788,TRUE,TRUE,2.466480637,0.07442176333,28.52556818,6.243521494,58.99230034,7.374189194,0.4966338707,0.08405308023,9.283215715,9.972015839,23.32998123,63.99648165,2.61086061,1.511421728,76.86237049,0.9428520321,-0.001807993794,0.001233181075,1.330120489,1.670197972,-8.298531041,0.8444102958,172530600,3.762596519,-104506980717,-1.205801484,69.18180123,-4.168495327,0.8436024255,0,0.1231033677,2.058304055,-0.03511667802,-0.001807993794,1.535359363
2025-07-14,82.38999939,83.05000305,81.94000244,82.22650909,11941700,80.79084473,80.19419907,77.66077332,0.02867875264,0.07676801132,0.06321180178,TRUE,TRUE,2.533425751,0.07379640079,21.629135,6.577471592,60.83783678,4.556648754,0.543602136,0.1048170764,10.55007355,10.44121898,22.66503669,69.50027551,1.788679175,1.459173544,83.94955322,0.9434101244,-0.001722950873,0.001118709781,1.471218524,1.785067199,-8.298531041,0.9010550048,184472300,22.04961009,-104512757778,-1.170850757,69.08001417,-7.107157264,1.283441389,0,0.1304961397,2.180716345,-0.03344711917,-0.001722950873,1.71015129
2025-07-15,82.76999664,82.76999664,81.58000183,81.44178772,13126500,80.84703674,80.26185608,77.6805624,0.03667931865,0.07799440223,0.06285282892,TRUE,TRUE,2.581293678,0.07040315179,5.290963362,6.405663343,54.51295757,-5.433259499,0.5116068822,0.0582574581,8.175129446,10.00957081,19.31320849,40.43657017,1.399239359,1.479092173,84.37774169,0.9444126992,-0.001699403508,0.001085764706,1.442888964,1.768264567,-8.298531041,0.9887234384,171345800,3.662725959,-104528933481,-1.06940417,62.54174474,-5.996930198,0.04156209839,0,0.129638098,2.16396531,-0.03295094393,-0.001699403508,0.7048671422
2025-07-16,82.04000092,82.36000061,81.38999939,81.48152161,11312500,80.92494507,80.31807556,77.69851009,0.04409532389,0.07900809723,0.06249117358,TRUE,TRUE,2.619565468,0.0680900472,23.50217148,5.997477647,54.76937134,-4.222929004,0.4838787526,0.0244234628,6.319396031,11.35984615,18.50035051,41.90819311,1.949575943,1.47135776,82.57448116,0.9369349745,-0.001885791808,0.001358182802,1.264396092,1.506361514,-8.298531041,0.8596013577,182658300,-17.02302451,-104538111251,-1.016994841,63.17737735,-7.235626172,-0.004614973098,0,0.1121819464,1.887579283,-0.03685353174,-0.001885791808,0.6740297127
2025-07-17,81.98000336,82.62000275,81.84999847,81.81925201,9878500,81.05278625,80.38499542,77.72081799,0.05064253728,0.07981837635,0.06212727802,TRUE,TRUE,2.664177437,0.06298940605,19.41740936,5.951375456,56.98874079,-3.849095992,0.4835816038,0.01930105118,6.773820025,10.37341268,21.95218555,54.41670552,3.225770123,1.455701891,74.91816889,0.8796714994,-0.001490364081,0.0009671842728,1.160184106,2.440683654,-8.298531041,0.763071908,192536800,-30.2754819,-104548778653,-0.9774116673,63.30793367,-6.971522904,-2.071585871,0,0.1614514341,2.899244182,-0.03109958638,-0.001490364081,1.023070599
2025-07-18,82.63999939,84.04000092,82.52999878,83.19002533,14313700,81.23880844,80.46019348,77.74614239,0.05677481802,0.0805040551,0.06176197973,TRUE,TRUE,2.714051094,0.06321254051,32.70254533,7.371083261,64.58449032,10.07153275,0.5871873317,0.09832542326,9.549858178,10.60038579,23.03974393,76.96544652,4.681594706,1.505387052,79.58232969,0.8369576858,-0.00189332469,0.001726022873,2.089884819,2.233059105,-8.298531041,1.092374927,206850500,28.23597922,-104550579229,-0.8602896836,63.69781807,-3.817024335,-0.4261405457,0,0.1419730864,2.682922557,-0.04154543143,-0.00189332469,2.451821775
2025-07-21,83.95999908,84.52999878,83.69000244,83.45821381,9947800,81.42738876,80.5362175,77.77105915,0.06343236852,0.08109245672,0.06139576358,TRUE,TRUE,2.765158348,0.06407999101,32.1523422,9.083608123,65.8549909,11.08561955,0.6830622695,0.1553602889,8.786616912,8.222831274,23.36598948,74.35921304,4.733049342,1.523655554,85.34308747,0.8364682348,-0.001919832181,0.00177626305,2.264339682,2.20251642,-8.298531041,0.7766579459,216798300,-37.21448362,-104566017022,-0.7205246046,69.40290293,-4.004024071,-2.399146463,0,0.1401285666,2.649625859,-0.04214573585,-0.001919832181,2.379601094
2025-07-22,84.33999634,85.09999847,84.11000061,84.4813385,11759100,81.6166153,80.64552795,77.79793423,0.07200615646,0.08161085005,0.06102779927,TRUE,TRUE,2.847593727,0.06648143716,38.44241883,11.09194983,70.24102915,13.25228836,0.8320105609,0.2434468643,12.78878274,9.396707351,24.98528989,86.97557951,4.689814554,1.532409848,107.3980982,0.8483107428,-0.001728362652,0.001399326797,3.232702132,2.506331505,-8.298531041,0.9217690541,228557400,-8.035036953,-104568954690,-0.7100833946,68.10934504,-0.9647304319,-0.3634916151,0,0.1592248729,2.968198618,-0.03740757673,-0.001728362652,2.667387276
2025-07-23,85.80999756,86.01999664,84.06999969,83.8456192,20166500,81.75667305,80.73936203,77.82143646,0.08116244495,0.08210563779,0.06065831007,TRUE,TRUE,2.917925568,0.0670452774,39.65080499,13.53585445,64.68139667,0.09690634808,0.8885136878,0.2399599929,8.969329916,6.932350564,23.90329065,61.65117913,3.45631885,1.610476513,117.3479885,0.8543148246,-0.001810716765,0.001513392475,3.008297143,2.35041632,-8.298531041,1.521347256,208390900,97.81162946,-104593762191,-0.7207266582,75.53197038,-3.288096052,-2.071659215,0,0.1512594876,2.799104412,-0.03890234537,-0.001810716765,1.780129492
2025-07-24,84.51999664,84.69999695,84.08000183,83.73635101,11068800,81.94540291,80.84048065,77.84453808,0.09013743006,0.08250989425,0.06028811444,TRUE,TRUE,2.995942574,0.06786053258,32.71268012,15.80519446,63.74743095,-2.107559946,0.9139404566,0.2123094093,8.368840025,9.151932892,22.70945791,59.72404996,4.720503224,1.5589449,117.3143696,0.8527554389,-0.001945553955,0.001752483508,2.843922374,2.12386516,-8.298531041,0.8423853277,197322100,-17.3100053,-104617101418,-0.7272879909,70.14130525,-3.090207579,0.3083315367,0,0.1379703132,2.557611818,-0.0418626744,-0.001945553955,1.526622963
2025-07-25,84.43000031,84.61000061,84.11000061,83.95487213,8160200,82.11178284,80.94814011,77.86936375,0.09969592388,0.08282078657,0.05991758432,TRUE,TRUE,3.07877636,0.06971430756,33.15699118,17.91243875,64.8408198,-5.400209351,0.9408783224,0.1913978201,8.48544263,8.922197985,23.79994872,63.57803918,4.127137661,1.563092574,121.1695473,0.8487353188,-0.002042712383,0.001950064512,2.683850425,1.973623783,-8.298531041,0.6239073765,205482300,-12.94022255,-104630325135,-0.7582270973,69.87792622,-2.383096776,0.2015080097,0,0.1287876755,2.398791377,-0.04415953478,-0.002042712383,1.521082926
2025-07-28,84.51000214,84.52999878,83.41000366,83.06089783,11206800,82.22551727,81.04482513,77.89880272,0.1086142808,0.08304879806,0.0595458863,TRUE,TRUE,3.146022415,0.06911542722,32.63162363,18.73511734,57.23549756,-7.445899108,0.8799470383,0.1043732288,7.659615118,6.677841084,21.1201976,42.31773099,2.815689393,1.580632402,118.7231977,0.858763273,-0.002127723982,0.002064661884,2.428028542,1.777922903,-8.298531041,0.8616088624,194275500,-11.43599997,-104648518322,-0.7523297321,73.89276655,-2.88772991,-1.559796166,0,0.1188440333,2.186834705,-0.04543855064,-0.002127723982,0.7036371751
2025-07-29,83.94000244,84.62999725,83.76000214,84.01448059,9197700,82.370541,81.12723953,77.93281528,0.1168405344,0.08326253639,0.0591747373,TRUE,TRUE,3.194424248,0.07017377264,34.35900769,19.58236463,62.31329457,-1.434136377,0.8982502466,0.09814114971,8.23135322,10.45942096,23.53627808,56.87056592,3.575799902,1.571752817,122.0982574,0.8688571435,-0.00196454301,0.001719681245,2.222007271,2.018095335,-8.298531041,0.7121021441,203473200,-16.45290217,-104652335264,-0.7643356143,72.2762532,-2.220957676,1.658067752,0,0.1341603703,2.439578422,-0.04146903959,-0.00196454301,1.346407087
2025-07-30,84.83000183,85.97000122,84.75,84.64025879,13712200,82.53294754,81.19869156,77.9732597,0.1244447863,0.08357069796,0.05880460512,TRUE,TRUE,3.225431862,0.0729636563,34.0205757,21.32396927,65.23093423,0.3901144309,0.9522735254,0.1217315428,8.198756637,12.83703474,23.24983672,70.20002867,3.990718609,1.608902629,129.7608724,0.8683754969,-0.002018648277,0.001816783927,2.229151864,2.007430259,-8.298531041,1.08743959,217185400,-30.90385032,-104668514336,-0.8532917584,72.22566552,-1.259232238,5.200049832,0,0.1332660187,2.424778403,-0.04262374839,-0.002018648277,1.623995901
2025-07-31,84.94999695,85.80000305,84.87999725,85.09718323,15089800,82.75346298,81.27237671,78.01715454,0.1313092245,0.08393388947,0.05843574783,TRUE,TRUE,3.255222168,0.07583646634,39.75311592,22.94117358,67.22610546,9.990607902,1.020197149,0.151724133,9.334366374,13.20965642,23.36051413,80.0688129,5.465955735,1.606118196,134.1381004,0.8685646574,-0.001895463272,0.001601919439,2.480402989,2.247825643,-8.298531041,1.177342144,232275200,37.86304874,-104676479631,-0.8166936487,72.95377228,-0.03802791845,6.160034222,0,0.1473031909,2.680005253,-0.0400239858,-0.001895463272,1.747244249
2025-08-01,85.56999969,86.26000214,84.91000366,85.22631836,17926000,82.95013924,81.34390961,78.05834351,0.1383165506,0.08432174721,0.05806805557,TRUE,TRUE,3.285566101,0.08017467765,38.22788502,24.72793735,67.78868039,5.47538582,1.072088863,0.1628926774,9.182012407,11.06577983,22.91157413,78.7744724,4.838713159,1.620338376,140.29027,0.8569119238,-0.00206880982,0.001959990962,2.42992015,1.948766957,-8.298531041,1.343714652,250201200,140.6142199,-104686005240,-0.8011482948,73.95148916,0.9006842355,6.401103019,0,0.1282936491,2.366234361,-0.04427178516,-0.00206880982,1.622478254
2025-08-04,86.22000122,87.55999756,86.04000092,86.73615265,12865400,83.21386375,81.47543045,78.10222435,0.1464708199,0.08484042991,0.05770275805,TRUE,TRUE,3.3732061,0.08705048706,61.76139453,27.04933837,73.51333361,8.282399376,1.220969848,0.2494189305,10.25238214,13.70099988,23.49082032,86.64756638,6.474813069,1.686316997,159.1455892,0.8828288348,-0.006880846853,0.03006746486,3.587504041,2.336870508,-8.298531041,0.9545120343,263066600,27.28190111,-104687086048,-0.7558025645,81.24295366,110.2523821,113.7009999,,0.1259738272,2.287194187,-0.1733997257,-0.006880846853,2.213249461
2025-08-05,87.34999847,87.66999817,86.12999725,85.8123703,10727200,83.47460861,81.61136154,78.13973763,0.1545000191,0.08545147975,0.05733891707,TRUE,TRUE,3.471623917,0.09093172943,45.79837526,29.25373035,65.80715865,-1.418946809,1.25000827,0.2227658814,9.352372291,11.88662719,20.01568753,68.08199371,6.470298574,1.75191612,156.7245053,0.8881989202,-0.006698521084,0.02907862708,3.213980557,2.245263208,-8.298531041,0.8310746555,252339400,-51.55904971,-104702238242,-0.8010951129,81.22344721,-0.3596397427,2.729957851,0,0.1431922754,2.603237764,-0.1705245644,-0.006698521084,1.491637625
2025-08-06,86.51999664,86.55000305,85.55000305,85.0475235,11510300,83.65936508,81.71305573,78.16565495,0.1619655385,0.0861051348,0.05697611033,TRUE,TRUE,3.54740078,0.09341550055,32.66339572,30.36262901,60.18207028,-7.606610113,1.197500641,0.1362066022,7.072129508,11.87526765,18.75367199,48.97908596,4.542127414,1.756040831,152.1018562,0.8981295808,-0.006945325535,0.03049977104,2.88184382,1.906387655,-8.298531041,0.922493344,240829100,-42.77809815,-104725315923,-0.9043029639,74.89757322,-4.56342348,0.8649461929,0,0.1233789712,2.216554647,-0.1746418364,-0.006945325535,0.9126505434
2025-08-07,85.33999634,86.79000092,85.18000031,85.97130585,12851400,83.85703468,81.82119064,78.19973701,0.1692848719,0.08677185613,0.05661447271,TRUE,TRUE,3.621453629,0.09628362059,29.47376251,30.83340404,64.16616279,-9.347170814,1.216407494,0.124090764,7.926851227,11.96516892,23.29965847,60.12454197,4.820156774,1.697434946,155.3022423,0.9015000965,-0.006645837298,0.02776329826,2.677056541,2.393600648,-8.298531041,1.036980255,253680500,-11.59523973,-104725534553,-0.9085671158,74.7523794,-2.053651847,3.01225253,0,0.1542697465,2.760389513,-0.1666232224,-0.006645837298,1.361391267
2025-08-08,86.79000092,86.94999695,85.97000122,85.60377502,9222600,84.04228783,81.94446625,78.22969852,0.1760196935,0.08741232929,0.05625364669,TRUE,TRUE,3.714767723,0.09796013627,22.50005401,31.38111234,61.52840342,-4.278755234,1.188039663,0.0765783468,8.33751981,11.61464983,21.7448038,51.49704674,4.523957421,1.674685835,152.7905247,0.90384958,-0.006696034924,0.02801384173,2.503638494,2.302613206,-8.298531041,0.7498515152,244457900,-16.91276498,-104741650158,-0.9540001495,74.6851687,-1.156844721,2.549667786,0,0.1489000866,2.656709425,-0.1673733603,-0.006696034924,1.02197908
2025-08-11,86.40000153,86.45999908,85.48999786,85.33558655,9774400,84.1977417,82.0513298,78.25987339,0.1811179848,0.08803312017,0.05589366588,TRUE,TRUE,3.791456413,0.09822105584,9.728514257,31.16265514,59.60297201,-0.5790982697,1.130881289,0.01553597799,7.809684601,11.49280019,20.68437155,45.20153448,3.781113278,1.623718567,149.1160718,0.9026085613,-0.006667630827,0.02786034645,2.443712466,2.342747707,-8.298531041,0.8017803487,234683500,-18.14900726,-104754536467,-0.9916383692,68.75116575,-1.533534826,1.900801555,0,0.1512286726,2.702238655,-0.1669141889,-0.006667630827,0.763059833
2025-08-12,86.19000244,86.30000305,85.51000214,85.70310974,10378400,84.4108078,82.1491684,78.29329456,0.1850241665,0.08863459371,0.05553472244,TRUE,TRUE,3.855873833,0.101515039,21.82029857,30.95980203,61.38626828,-2.779894508,1.10252964,-0.01025253653,8.925587619,10.76805932,21.07193379,53.82885061,5.232353244,1.534613112,137.6696137,0.8652421859,-0.007038493328,0.03384919048,2.297775358,1.923954271,-8.298531041,0.8610304174,245061900,-20.93551213,-104759841081,-0.957847391,66.92642509,0.203771165,1.738282298,0,0.1194059524,2.235022623,-0.1839814949,-0.007038493328,0.9386980223
2025-08-13,86.40000153,86.52999878,85.66999817,85.89183807,11212700,84.63132362,82.24565201,78.32387062,0.1879516516,0.08920807606,0.05517670959,TRUE,TRUE,3.921781387,0.1067852371,25.08675283,30.97232419,62.30645944,0.7780560216,1.082807621,-0.02397964433,9.316229739,10.45265514,20.92645784,58.25909887,5.412658454,1.531708743,122.7979541,0.8470808334,-0.00727677115,0.03776364302,2.11968478,1.575059641,-8.298531041,0.9306322999,256274600,-0.8822099448,-104765269077,-0.9426828952,73.65463578,0.589164027,1.24913583,0,0.09625814326,1.844497484,-0.1943286984,-0.00727677115,1.026494667
2025-08-14,86.15000153,86.41000366,85.77999878,85.29585266,9373900,84.80515366,82.3258754,78.35404114,0.1898074662,0.08974773083,0.05481964763,TRUE,TRUE,3.971834259,0.1113955259,14.95028762,30.98395191,57.63546558,-1.967506427,1.007473213,-0.07945124192,9.036826403,9.880013469,19.87568842,44.26881293,4.249122989,1.52200788,104.0755186,0.8520977567,-0.009392657734,0.04211781952,1.988862748,1.218095924,-8.298531041,0.77964809,246900700,-5.108062965,-104789050285,-0.9991962751,68.17806124,1.007388763,0.5403795078,0,0.08208050893,1.565110821,-0.2052262642,-0.009392657734,0.471483603
2025-08-15,85.73999786,86.08999634,85.08999634,85.0475235,14788300,84.89802856,82.42954239,78.38884735,0.1902845999,0.0902406142,0.05446343975,TRUE,TRUE,4.040695038,0.115784207,23.86637667,29.86960073,55.75972145,-5.626546831,0.9171596189,-0.135811869,6.450770089,9.311837483,18.83371774,32.92896851,2.232837605,1.516373983,96.94774627,0.8529837073,-0.009456872129,0.04255086687,1.715762027,1.036327719,-8.298531041,1.227552975,232112400,3.315704535,-104805094788,-1.056346339,66.6428959,-0.5430987487,0.7212633811,0,0.07542132972,1.448360767,-0.2062786147,-0.009456872129,0.1542015569
2025-08-18,85.75,86.06999969,85.12999725,84.67999268,8040000,84.95911751,82.52842361,78.41875576,0.1891094302,0.0907249107,0.05410896411,TRUE,TRUE,4.109667854,0.1168568735,8.600681113,28.83484607,53.00997822,-9.29648122,0.8066304452,-0.1970728342,4.455951137,9.293524429,18.40000068,-2.397512607,1.463940832,1.476847084,91.06874325,0.8187868244,-0.009312633755,0.045128141,1.625405351,1.529468477,-8.298531041,0.6727141212,224072400,-19.17810973,-104820832718,-1.066033067,61.6641816,-2.242295906,-0.1928709965,0,0.1000691817,2.01210124,-0.2124338509,-0.009312633755,-0.3064990492
2025-08-19,85.27999878,86.12000275,85.12999725,85.50444794,8218400,85.01027298,82.63669128,78.46118961,0.1863419701,0.09121337062,0.05375666287,TRUE,TRUE,4.175501671,0.1170904492,10.88868873,27.93441135,58.01209434,0.3766287596,0.7766096554,-0.1816748992,5.025642035,9.334767685,19.56888053,22.38173759,1.211047853,1.419542315,91.117204,0.8016220521,-0.008884826181,0.04318580746,1.539126996,2.354708674,-8.298531041,0.6979799653,232290800,-30.11029756,-104822834212,-1.078085882,60.38501347,,0.6536116736,0,0.1428647773,2.942546915,-0.2078119522,-0.008884826181,0.5423508795
2025-08-20,86.22000122,86.72000122,85.86000061,85.59384155,10084500,85.0976841,82.75700607,78.5049934,0.1819314337,0.09170690827,0.05340715824,TRUE,TRUE,4.252012672,0.1187150744,6.561703071,27.78271452,58.5275976,2.767876142,0.7513699557,-0.1655316791,4.830598732,8.876322844,19.16328121,24.77678448,2.085049127,1.422717051,87.676964,0.7893653425,-0.009070215739,0.04641283852,1.495914482,2.024608816,-8.298531041,0.8947735006,242375300,-49.9938016,-104839160757,-1.08868131,59.15470193,-1.80331087,-0.287202573,0,0.1234298128,2.585874507,-0.2154363909,-0.009070215739,0.5658926048
2025-08-21,86.18000031,86.62000275,85.33999634,85.00778961,8115000,85.16125603,82.86185135,78.54188389,0.1763849362,0.09214538628,0.05306073465,TRUE,TRUE,4.319967461,0.1200859447,-2.722772983,26.77502125,53.85906599,0.8490877673,0.6762820595,-0.1924956603,6.04749558,8.144333879,17.57346507,-3.186304951,1.518383096,1.426644253,81.69197757,0.7915425662,-0.009394195608,0.04932004074,1.518205148,1.538645048,-8.298531041,0.729585103,234260300,-26.6858196,-104851488013,-1.053635049,50.95388571,-2.210232412,-2.01600321,0,0.0973950204,2.034415868,-0.222081158,-0.009394195608,-0.1878598364
2025-08-22,86.16999817,86.54000092,85.79000092,85.46471405,9617400,85.23674812,82.97484848,78.58970501,0.1697080793,0.09250375445,0.05271827984,TRUE,TRUE,4.385143471,0.1200529142,-18.23360015,25.83930606,56.75537379,-1.256720549,0.6461954059,-0.1780658511,8.161528493,8.698537057,18.45838085,14.52393203,1.79839702,1.352032885,76.78590885,0.768952706,-0.009032052944,0.04873536785,0.762660642,2.249063266,-7.970288362,0.8590323716,243877700,17.85740546,-104869447850,-1.067929758,49.80259941,-0.8945001213,-3.926902616,0,0.1320866107,2.851256879,-0.2207608839,-0.009032052944,0.2968851063
2025-08-25,85.75,86,84.98000336,84.50119781,8491100,85.30876312,83.04924072,78.63722591,0.1611566191,0.09272191502,0.052379188,TRUE,TRUE,4.412014809,0.1190418442,-18.696882,24.22179457,49.67443839,-8.853159207,0.5383974971,-0.2286910079,5.6756175,8.011308881,16.2985229,-24.30492891,1.734028918,1.323493519,60.28672961,0.7819260459,-0.009300846138,0.04964749789,0.8877352935,1.59498929,-7.970288362,0.7677420142,235386600,-24.23260877,-104885910713,-1.073218505,50.6437528,-2.772913572,-3.900803611,0,0.09969558498,2.110461039,-0.2228171849,-0.009300846138,-1.339540746
2025-08-26,85.15000153,85.44999695,84.76000214,84.68993378,8631500,85.34253578,83.13668045,78.68005596,0.1507410138,0.09278821906,0.05204388727,TRUE,TRUE,4.456624489,0.1194773675,-5.555502876,23.00747628,50.96497506,-2.894090926,0.4628607223,-0.2433822261,5.120581362,8.797431551,16.69774968,-3.199476044,0.8039723406,1.316225697,54.24360838,0.7725784162,-0.009426976151,0.052257996,0.9296665605,1.340250289,-7.970288362,0.7824394179,244018100,-6.155886798,-104896295256,-1.105740103,51.72177709,-2.469016253,-3.594652252,0,0.08561391637,1.83675124,-0.2286000787,-0.009426976151,-1.203094751
2025-08-27,85.26000214,85.48000336,85.01999664,84.70979309,8410700,85.3460125,83.23240921,78.72691971,0.1384702247,0.09272239351,0.05171238257,TRUE,TRUE,4.505489502,0.1201646082,-22.80081468,21.83338118,51.10705155,-5.648322244,0.3999889412,-0.2450032058,6.633684067,8.37293053,16.40012496,-2.292655907,0.08215275184,1.235608661,53.79018587,0.7719864685,-0.009490976626,0.05301262503,0.9305295338,1.240542613,-7.970288362,0.7811952872,252428800,-38.66265078,-104916049394,-1.14956675,50.08767756,-1.358305953,-3.996715497,0,0.08025633781,1.723354057,-0.2302447068,-0.009490976626,-1.182779713
2025-08-28,85.33999634,85.37000275,84.5,84.06414032,8039400,85.29436035,83.32844345,78.76987518,0.1247131976,0.09269968034,0.05138484899,TRUE,TRUE,4.558568268,0.119958845,-26.49574669,21.42255405,46.39995768,-3.274480706,0.2946670804,-0.2802600533,5.090147466,9.986464378,14.76725229,-19.63330813,-1.213956642,1.235752718,60.80750981,0.7790735043,-0.009663601598,0.05377802259,1.086866362,0.8795002444,-7.970288362,0.771985216,244389400,-46.72295193,-104932144057,-1.227511737,43.6138447,-3.047524595,-3.045953858,0,0.06191677606,1.315724566,-0.2319008896,-0.009663601598,-2.023138319
2025-08-29,84.58000183,84.76000214,84.19000244,83.75621033,9734700,85.22085495,83.41417603,78.80405361,0.1091906096,0.09276287231,0.05106036949,TRUE,TRUE,4.610122414,0.1166861784,-26.99503946,21.40881484,44.3041377,-6.660837359,0.1842277076,-0.3125595409,3.644335113,7.937465237,15.25790336,-17.14594164,-1.724946074,1.216916941,69.88172744,0.7444216709,-0.00947589384,0.05719428737,1.262105658,1.411357242,-7.970288362,0.9730452657,234654700,-45.69507977,-104956695734,-1.352861943,43.68387904,-5.241264007,-4.377981367,0,0.08652416343,1.936850965,-0.2391532717,-0.00947589384,-2.095890695
2025-09-02,84,84.13999939,83.51000214,83.47808838,10327500,85.05795174,83.49000565,78.83577282,0.09209029406,0.09291914529,0.05073870042,FALSE,TRUE,4.654232826,0.1125239297,-38.62069513,22.10826281,42.43958166,-8.667469888,0.07341530618,-0.3386975538,2.973357049,7.429871278,14.87517649,-0.994198331,-3.756293276,1.192356513,70.66944974,0.7456971161,-0.009506871605,0.05733546199,1.467500459,1.348099765,-7.970288362,1.045561262,224327200,-19.72655339,-104968069554,-1.422345529,35.93479262,-5.032347721,-6.619415854,0,0.08347549997,1.86493165,-0.2394482449,-0.009506871605,-2.235567651
2025-09-03,83.75,83.98999786,83.37999725,83.2694931,8634000,84.93080788,83.54145935,78.87086926,0.07451759711,0.09302875968,0.05041949549,FALSE,TRUE,4.670590096,0.1084136865,-45.36079753,22.8825716,41.04437454,-5.35558314,-0.03088024749,-0.354394486,2.441800591,8.932815027,13.96765095,-3.308503567,-2.963299101,1.17389844,78.7903642,0.745312253,-0.009641998484,0.05894868133,1.395656869,1.101986197,-7.970288362,0.8834715911,215693200,-19.51301365,-104979831724,-1.420233696,28.03519453,-6.20293246,-7.856587904,0,0.07105548369,1.588399889,-0.2427934952,-0.009641998484,-2.108525313
2025-09-04,84.41999817,84.63999939,83.29000092,83.17015839,11181100,84.83693962,83.58397324,78.90614902,0.05633135917,0.09312136189,0.05010277448,FALSE,TRUE,4.677824211,0.1030945435,-40.22560027,22.45906306,40.36385362,-3.940284086,-0.1201655134,-0.3549438016,4.139508789,9.575118551,12.9812098,-3.493950981,-2.207430664,1.238896568,87.97454757,0.7399376075,-0.009569071031,0.05906308664,1.584902453,1.296346192,-7.970288362,1.146033096,204512100,-2.860047088,-104992997969,-1.371834987,36.03683169,-5.655928325,-6.639726702,0,0.08044228555,1.81349712,-0.2430289831,-0.009569071031,-1.894617569
2025-09-05,83.94999695,84.15000153,82.80999756,82.91189575,13503400,84.68396912,83.64297607,78.94144894,0.0373101385,0.09314698615,0.0497885152,FALSE,TRUE,4.701527138,0.09747007221,-40.33775108,22.58380394,38.57317191,-3.866409754,-0.209351097,-0.3553035081,3.9831031,11.55258203,12.79300688,2.606089461,-3.55864095,1.272046944,93.62887991,0.7413028046,-0.00967133276,0.06001679385,1.784401712,1.099072325,-7.970288362,1.379453363,191008700,5.07337722,-105004447685,-1.424632531,36.48609697,-6.167575382,-6.318800206,0,0.07069573759,1.59039102,-0.2449832522,-0.00967133276,-1.892656802
2025-09-08,83.51999664,83.55999756,82.30000305,82.06758118,14234700,84.50715942,83.67178223,78.96684422,0.01744460429,0.09300429716,0.04947533725,FALSE,TRUE,4.704938011,0.09037024479,-45.26675092,23.19143765,33.36231293,-7.68206161,-0.3441928041,-0.3921161722,2.467836752,8.402263226,10.69985012,-5.25841564,-4.130885404,1.305806524,107.6796105,0.7544349078,-0.009851305289,0.05981299235,2.077253999,0.7011319411,-7.970288362,1.417861648,176774000,54.34584607,-105023933925,-1.405857965,34.94129155,-7.141512001,-8.456844028,0,0.05138648143,1.132939269,-0.2445669486,-0.009851305289,-2.265589776
2025-09-09,82.59999847,83.47000122,82.44999695,82.6337738,12870700,84.37206879,83.70873352,78.9917189,-0.002595316378,0.09272562289,0.04916457026,FALSE,TRUE,4.717014618,0.0857119383,-52.07207457,23.75566894,39.28556894,-1.07828468,-0.4007492277,-0.3589380766,3.839839869,7.962823061,11.73993245,7.551377607,-3.166103209,1.29361008,113.5285723,0.74375193,-0.009948497533,0.06281222068,2.273425911,0.5257593967,-7.970288362,1.2625302,189644700,31.67764773,-105032166729,-1.361684253,36.91728987,-6.280684931,-10.66661786,0,0.0420642226,0.942605291,-0.2506236634,-0.009948497533,-1.531151981
2025-09-10,83.48999786,84.76000214,83.48999786,84.05420685,16084400,84.28962364,83.76753754,79.02121853,-0.02071096922,0.09241669542,0.04885830125,TRUE,TRUE,4.746319008,0.082493455,-22.49636864,22.30936225,51.04265477,12.46948286,-0.3271819751,-0.2282966592,5.37660974,10.85427037,14.75369077,40.60657223,-1.923970901,1.349137762,109.2607261,0.7700853573,-0.009545314455,0.05396506212,2.19524661,1.295539925,-7.970288362,1.534819322,205729100,54.97957296,-105033959897,-1.307859962,39.37685005,-4.717777458,-9.110448145,0,0.08304736975,1.789190255,-0.2323038143,-0.009545314455,-0.2154633254
2025-09-11,84.51000214,85.12999725,84.38999939,84.50119781,12132600,84.22009163,83.82971893,79.05275883,-0.03615587593,0.0920652082,0.04855681986,TRUE,TRUE,4.776960106,0.07913131565,-7.555585899,20.91650188,54.05763045,20.69531752,-0.2301578457,-0.1050180238,5.87151375,11.79038671,14.20551431,51.91499699,-1.619059843,1.32473884,102.7593009,0.7685753088,-0.009341867638,0.0520358117,2.211216041,1.650270278,-7.970288362,1.152668264,217861700,8.204090005,-105042446200,-1.316672736,46.39821777,-4.663720531,-8.354923484,0,0.101443104,2.190375274,-0.2281135938,-0.009341867638,0.2735579003
2025-09-12,84.83000183,85.75,84.68000031,84.92832184,9363500,84.20171509,83.91454788,79.07963448,-0.04850022596,0.09178181682,0.04826053529,TRUE,TRUE,4.834913406,0.07509476942,-8.035761229,20.31182185,56.79563115,17.51006221,-0.1174463368,0.006154788079,5.133269061,12.07949141,14.24640208,71.03570147,-0.430889441,1.294240432,101.0486457,0.760671141,-0.009134953993,0.05102682172,1.689244728,2.130856553,-7.970288362,0.8896314493,227225200,-0.110946351,-105047463608,-1.22759982,46.2744144,-4.653156308,-8.697935276,0,0.125061005,2.733248887,-0.2258911723,-0.009134953993,0.7190662925
2025-09-15,85.51000214,86.09999847,85.51000214,85.12698364,11409200,84.2056881,83.99123169,79.10964073,-0.0584139464,0.09147998243,0.04797002606,TRUE,TRUE,4.881590958,0.07142014627,10.58821707,20.1060262,58.04795978,7.005305005,-0.01195351392,0.08931808875,5.987498948,10.19083327,14.15802227,74.39431569,0.09343028553,1.303947253,101.4136632,0.7605917409,-0.009135981149,0.05105597801,1.868937036,2.121535896,-7.970288362,1.101679286,238634400,-22.84982047,-105073686237,-1.29676768,52.88759223,-4.845181083,-9.326350553,0,0.1246632698,2.724816373,-0.2259556992,-0.009135981149,0.9084530804
2025-09-16,85.55000305,85.58000183,84.09999847,83.57741547,10826400,84.15055923,84.03354675,79.13117046,-0.06710954623,0.09107215213,0.04768409322,FALSE,TRUE,4.902376289,0.06525870024,-15.30067259,19.08502465,46.68168471,-7.375945746,-0.05277849567,0.03879448559,4.571955668,7.734252091,11.83398644,33.61615667,-1.302051612,1.373521922,101.6960562,0.8003114631,-0.009461707951,0.04888007419,1.926337554,1.324187534,-7.970288362,1.031526815,227808000,34.65671642,-105092158150,-1.292578599,52.16262326,-5.601085485,-10.44531939,0,0.08748561267,1.804552027,-0.2210883855,-0.009461707951,-0.5635850492
2025-09-17,84.69000244,85.06999969,84.18000031,83.78601074,10084100,84.06463737,84.0973175,79.14742867,-0.07500900613,0.09056467196,0.0474025341,FALSE,TRUE,4.94988884,0.06093520185,-12.3835102,18.13695178,48.15342024,-8.642210902,-0.06752233691,0.01924051549,5.707095476,8.758409168,10.55717312,39.10551265,-2.009763511,1.429992585,96.79657608,0.7854133918,-0.009664876028,0.05296535533,1.96745195,1.006335862,-7.970288362,0.9523368806,237892100,22.70149908,-105111170414,-1.361515649,46.25665238,-4.815282632,-9.940084578,0,0.0691952738,1.45773389,-0.2301420329,-0.009664876028,-0.287847612
2025-09-18,84.19999695,84.94999695,83.81999969,83.8456192,12651500,83.97722626,84.14718201,79.16398491,-0.08135501231,0.0899734328,0.04712626145,FALSE,TRUE,4.983197098,0.05712700007,-3.179074625,17.62906681,48.5901251,-9.45783468,-0.07354920337,0.01057091922,5.506556734,8.435947158,9.797050835,40.67415821,-2.042462775,1.454020581,89.90897748,0.7839503764,-0.009736784693,0.05392844485,1.980242331,0.8868275934,-7.970288362,1.180491633,250543600,25.45490604,-105123248240,-1.325387886,44.95659641,-5.489850033,-9.072832506,0,0.06274382014,1.324626658,-0.2322249876,-0.009736784693,-0.146378103
2025-09-19,84.62000275,85.29000092,84.16999817,84.38199615,10487000,83.94593658,84.19446365,79.18307735,-0.08545934749,0.08930504245,0.04685559187,TRUE,TRUE,5.011386299,0.05220733965,8.811178895,16.73469853,52.46971004,5.788025332,-0.03464503464,0.03958007036,5.892318608,8.689047071,10.58326657,54.78935819,-0.736160133,1.508139561,87.18124801,0.7656146247,-0.009419306136,0.05334700592,1.947011531,1.590801426,-7.970288362,0.9678153187,261030600,29.22982132,-105129765209,-1.284070434,51.18542945,-6.494758474,-10.08785148,0,0.09813498591,2.128749564,-0.2309697078,-0.009419306136,0.5001758753
2025-09-22,84.41999817,85.38999939,84.22000122,85.19999695,9738500,83.93270073,84.26048935,79.21490578,-0.08673323782,0.08857218997,0.04659054639,TRUE,TRUE,5.045583572,0.0495110264,22.53199689,15.77955411,57.71095969,9.557539445,0.0614838792,0.1085671874,5.580380694,10.45340424,12.50888725,76.31572079,-0.3097384751,1.538931699,84.92585515,0.7680604739,-0.009398734582,0.05276512116,1.946272785,1.632964226,-7.970288362,0.8982364552,270769100,1.259176077,-105123189686,-1.170201607,57.35252814,-6.851637911,-9.253241951,0,0.1005407834,2.17315798,-0.229706598,-0.009398734582,1.492238396
2025-09-23,85.06999969,85.77999878,84.91000366,85.63999939,8950300,83.98964081,84.32875916,79.25233437,-0.08409564599,0.08781625014,0.04633160541,TRUE,TRUE,5.076424789,0.04755130014,30.10753001,14.8935693,60.25009872,11.65997363,0.1711977941,0.1746248818,5.670387643,11.05932633,13.75671076,87.89474635,1.347675068,1.552709956,92.42464352,0.7698849925,-0.009353871219,0.05202950743,2.263589291,1.738827281,-7.970288362,0.8237917819,279719400,5.408015451,-105117119946,-1.064032858,62.7270779,-5.646641902,-6.404833505,0,0.1061415963,2.288322482,-0.2280997752,-0.009353871219,1.785626126
2025-09-24,85.80000305,86.40000153,85.55000305,86.25,8658800,84.06764412,84.4249234,79.29286152,-0.07782682605,0.08705519316,0.04607934676,TRUE,TRUE,5.132061882,0.04687743297,36.73417203,14.76384014,63.52026748,11.05055744,0.303866035,0.2458344981,7.864067323,13.66803367,11.61981711,96.34142484,1.842091679,1.498622223,104.4472193,0.7729578348,-0.009315912645,0.05119107381,2.711293136,1.83683529,-7.970288362,0.7968618068,288378200,0.3162833806,-105111517230,-0.9903345215,62.20368678,-4.0818201,-3.546177631,0,0.1114379971,2.392031834,-0.2262544448,-0.009315912645,2.089434161
2025-09-25,86.16999817,86.34999847,85.41999817,85.41999817,9344800,84.10315437,84.50369293,79.32802437,-0.06907869095,0.08621734223,0.04583266281,TRUE,TRUE,5.175668564,0.04502888791,28.00511814,14.46430907,56.68668227,-1.024277419,0.3381345558,0.2240824152,5.944297007,11.83268981,9.459895573,76.0974702,0.838397843,1.478899226,107.8956799,0.7844395027,-0.01644848226,0.07851625077,2.519391237,1.369733525,-7.970288362,0.8563131653,279033400,11.10609105,-105120862030,-0.9384029403,63.72257198,-5.025077161,-5.971797733,0,0.09364928554,2.00498283,-0.2802075138,-0.01644848226,1.220478704
2025-09-26,85.70999908,86.83999634,85.62999725,86.80999756,8116900,84.24044724,84.60350784,79.37499451,-0.05731582986,0.08537625524,0.04559302081,TRUE,TRUE,5.228513336,0.04403985255,49.9119953,14.71355019,63.72493337,3.474834648,0.4720128689,0.2863685827,7.456456391,13.68185474,12.03607254,99.31665641,3.266383536,1.468384472,123.6874223,0.7991746989,-0.01620971495,0.0715701888,2.705442133,2.17005756,-7.970288362,0.7435302136,287150300,0.9640022887,-105113147604,-0.82902097,71.58153317,-3.625957958,-4.096074804,0,0.1200087193,2.501201795,-0.2675260526,-0.01620971495,2.077454826
2025-09-29,86.76999664,87.19999695,86.16000366,87.05999756,8565400,84.4056366,84.68090729,79.42807194,-0.04276890059,0.08449630384,0.04536035728,TRUE,TRUE,5.25283535,0.04414736638,48.18778947,15.30433353,64.83182035,1.311552872,0.5914672411,0.3246583639,7.330412843,13.17588134,11.77016449,96.22643061,3.944528076,1.434432499,138.1016544,0.7952552186,-0.0163136439,0.07320049483,2.624647354,2.026727824,-7.970288362,0.7888387068,295715700,-12.01166959,-105106888278,-0.6916063043,70.84489408,-3.966697171,-7.433151027,0,0.1120203039,2.348130087,-0.2705558996,-0.0163136439,1.922034153
2025-09-30,87.16999817,87.55000305,86.58999634,87.20999908,10980000,84.59223213,84.75594299,79.48466808,-0.02690258456,0.08357373765,0.04513570561,TRUE,TRUE,5.27127491,0.04446651377,39.87137396,16.1847853,65.51181539,8.825133117,0.6902824153,0.3387788304,7.147953048,12.12000269,12.73606738,90.88462034,4.47052727,1.336446929,149.6393429,0.795200162,-0.01631563192,0.07323416934,2.599143519,2.015079165,-7.970288362,1.008184382,306695700,6.318082789,-105103685815,-0.6226147382,69.8869487,,-7.710776808,0,0.1115131038,2.337662813,-0.2706181246,-0.01631563192,1.749384154
2025-10-01,87.37999725,88.23999786,87.26999664,88.05000305,14597700,84.83125763,84.82731628,79.54784431,-0.008928822969,0.08268155194,0.04491891795,TRUE,TRUE,5.27947197,0.0443785487,42.71579951,17.58923849,69.11341991,5.388486539,0.8268441084,0.3802724189,9.125559414,12.91352245,12.70379479,95.70147306,5.741010027,1.319982378,164.8101779,0.7872870884,-0.016030478,0.07236503621,3.253854097,2.715533862,-7.970288362,1.304641592,321293400,69.07227241,-105094806638,-0.5137831825,70.51094267,-2.537038518,-6.652987975,0,0.146430014,3.103903964,-0.2690075021,-0.016030478,1.953001607
2025-10-02,87.81999969,87.91999817,87.23999786,87.88999939,11324300,85.06724968,84.90820389,79.61041489,0.0110838229,0.08180787541,0.04470976881,TRUE,TRUE,5.297789001,0.04489366511,36.83300646,18.84206466,67.6639268,2.832106453,0.9116503382,0.3720629189,8.115364044,12.18326747,11.99764881,92.08147921,5.674921264,1.286724189,173.3438255,0.7815784465,-0.01622844777,0.07519675681,3.113214261,2.356782683,-7.387230872,1.011440479,309969100,1.280732665,-105084481500,-0.4085468712,63.03483901,-2.952442396,-6.230920838,0,0.1271509825,2.718137825,-0.2742202706,-0.01622844777,1.628410878
2025-10-03,88.16000366,89.73000336,88.08999634,88.91000366,12566600,85.36715508,85.01167694,79.67784252,0.03261917688,0.08102493337,0.0445090349,TRUE,TRUE,5.333834419,0.04784561797,42.6873006,21.19032851,71.73377602,6.221960629,1.04907265,0.4075881846,9.143370219,14.20419594,12.3930427,86.12522527,7.23431524,1.325654594,185.5485441,0.7878994851,-0.01607541967,0.07261269033,3.76717206,2.452877909,-5.382497759,1.127113012,322535700,-6.937512034,-105084481441,-0.3589160482,63.44660329,-3.474716549,-10.38302878,0,0.1333971466,2.824450849,-0.2694674198,-0.01607541967,1.909391747
2025-10-06,89.43000031,89.87000275,88.81999969,89.76999664,10012100,85.75227585,85.12797943,79.75258171,0.0558371769,0.08037870497,0.04431764778,TRUE,TRUE,5.37539772,0.05162235842,75.77254625,23.44278818,74.63273628,5.519316373,1.213387888,0.4575227383,11.3806589,22.10081552,13.42447586,98.34700739,9.38545447,1.27874043,193.2344689,0.7941947059,-0.01590642082,0.07002236426,4.200703517,2.80408206,-5.382497759,0.9153300714,332547800,-29.66413061,-105076376519,-0.2397213542,70.62989441,-1.784841164,-8.422911594,0,0.1526171242,3.202309837,-0.2646173922,-0.01590642082,2.079194679
2025-10-07,90.13999939,90.56999969,89.90000153,90.18000031,16450900,86.12958717,85.27036148,79.83092529,0.08043997313,0.07990284767,0.04413517646,TRUE,TRUE,5.439436188,0.05618940896,76.35525607,25.87530016,75.90166997,8.237743171,1.361003961,0.4841110488,10.85107119,24.56379756,13.98448933,94.22223126,9.132133454,1.218069586,202.5853635,0.7945223225,-0.01593512861,0.07019130459,4.177894791,2.821733622,-5.382497759,1.479763431,348998700,27.81666887,-105079077435,-0.2109816111,78.44451999,-1.443299611,-7.105456317,0,0.1531962926,3.213477653,-0.2649364161,-0.01593512861,1.999361188
2025-10-08,90.81999969,90.93000031,90.12999725,90.80000305,9895200,86.46687698,85.40607193,79.92116058,0.105916545,0.07954232644,0.04396219371,TRUE,TRUE,5.484911346,0.06000083781,77.83833127,28.29483599,77.71689925,5.983123236,1.510606471,0.5069708471,10.70752574,25.93499395,14.95164412,98.07696431,8.025530734,1.181119299,221.4876363,0.7837954762,-0.01574206517,0.07062568305,4.292404375,3.414570804,-5.382497759,0.9155618309,358893900,-38.47952053,-105072398095,-0.1778263563,86.30127118,-1.20891665,-8.013365827,0,0.1815334192,3.866994396,-0.2657549304,-0.01574206517,1.956373792
2025-10-09,91.09999847,91.37000275,90.38999939,90.56999969,10778700,86.77031708,85.52466675,80.00859436,0.1313560363,0.07922490411,0.04379806571,TRUE,TRUE,5.516072388,0.06298251225,71.71984593,30.72889998,75.44646626,0.8137299795,1.59225368,0.470894445,10.58781916,20.85392497,17.3595408,88.81114852,7.181912253,1.147495286,234.339017,0.7856499155,-0.01575967304,0.0703847503,3.854957343,3.304777457,-5.382497759,1.003594475,348115200,-11.15919094,-105079217280,-0.171186008,86.39590829,-1.042696738,-5.792805365,0,0.1760885192,3.740579531,-0.2653012444,-0.01575967304,1.621446853
2025-10-10,90.87000275,91.37000275,90.09999847,90.19999695,11591900,87.03390083,85.62672302,80.08834938,0.1564359283,0.07891260782,0.04364219879,TRUE,TRUE,5.538373642,0.06542499348,61.12452107,32.4763794,71.81195969,-4.089710282,1.608561062,0.3897614611,9.69697965,21.27009168,16.82126477,81.88845257,6.207205083,1.160121736,242.0507798,0.7886553131,-0.0158399409,0.07042024681,3.489264022,3.016082018,-5.382497759,1.068228722,336523300,23.79879319,-105088983718,-0.1913101992,78.79399514,0.3795001318,-7.349827511,0,0.161357153,3.412386166,-0.2653681345,-0.0158399409,1.308029711
2025-10-13,90.26000214,91.30999756,90.22000122,90.88999939,9380300,87.32205162,85.73999664,80.17029087,0.181436066,0.07862383578,0.04349497976,TRUE,TRUE,5.569705772,0.07085624455,62.27740873,34.09903887,74.2984994,-3.418399854,1.65804925,0.3513997193,11.60118403,20.72472529,18.73071881,91.9327229,6.769904795,1.170176067,252.2434573,0.7675946776,-0.01117265936,0.07274104461,3.21630206,2.785038045,-5.382497759,0.8725803646,345903600,-17.78301721,-105086832265,-0.06114391896,78.93076111,111.601184,120.7247253,,0.1344935634,2.927877335,-0.2697054775,-0.01117265936,1.414485754
2025-10-14,90.73000336,92,90.58000183,91.69999695,8785900,87.72818069,85.83927353,80.25422527,0.206681331,0.07846855505,0.0433567691,TRUE,TRUE,5.585048256,0.07764202202,63.15161331,35.953766,76.87713473,1.43066847,1.742542088,0.3487140464,12.54084993,19.65275193,20.15479876,95.44068437,9.718632045,1.204239172,254.1613,0.7732446048,-0.01120416862,0.07316359612,3.589604501,2.959311623,-5.382497759,0.8251186016,354689500,-18.84744698,-105081758760,0.04883239346,79.02095937,1.442446653,-6.505064575,0,0.1311630693,2.832287352,-0.2704877005,-0.01120416862,1.562714801
2025-10-15,92.11000061,93.18000031,92.11000061,92.90000153,9543800,88.18388023,85.98102615,80.34504131,0.2317000465,0.07856060579,0.04322888445,TRUE,TRUE,5.63598484,0.08767112569,83.11093705,38.15189983,80.06773234,8.255772653,1.884609013,0.3926247766,13.54296115,21.23415699,20.66733459,96.2914084,10.87769987,1.230972225,261.3627461,0.7752480968,-0.01115098277,0.07209393502,4.148253197,2.979890076,-5.382497759,0.8985757502,364233300,-5.357939727,-105077209826,0.1598742711,85.02363127,2.723705194,-4.817585729,0,0.1328824393,2.85995673,-0.2685031378,-0.01115098277,1.804435162
2025-10-16,93.18000031,93.76999664,91.87000275,91.88999939,14559500,88.58609924,86.11787567,80.4318848,0.2548902222,0.07880404672,0.04311023528,TRUE,TRUE,5.685990868,0.09449916436,58.9325606,40.38892145,71.16686561,-3.131633785,1.893868011,0.3215070197,10.45795337,21.00653127,17.86816118,75.29567691,9.594276081,1.281813726,252.8460415,0.7830998401,-0.01115908827,0.07064147829,3.771322781,2.836933088,-5.382497759,1.358614763,349673800,15.08121567,-105091462860,0.1483020914,76.27130586,-0.009480452082,-4.226954653,0,0.1269215085,2.7002908,-0.2657846464,-0.01115908827,1.306684545
2025-10-17,92.05999756,92.19000244,91.18000031,91.56999969,10912400,88.94549942,86.22984955,80.51869549,0.2757900026,0.07915274387,0.04300091919,TRUE,TRUE,5.71115406,0.1001703789,51.89860749,41.32766879,68.56612909,-8.311005645,1.854012629,0.2253213103,9.719577641,19.36021661,16.93312813,69.35937528,8.518408982,1.283953701,240.7389269,0.7849526295,-0.01117980379,0.07052818937,3.398023441,2.756784514,-5.382497759,1.016269778,338761400,4.056450844,-105093947893,0.166782996,69.81238384,0.0526143073,-4.333854285,0,0.122964785,2.609271979,-0.2655714393,-0.01117980379,1.090185251
2025-10-20,92.26999664,92.48999786,91.19000244,91.54000092,12710000,89.26249962,86.34857407,80.60569904,0.2934912304,0.07965929165,0.04290082401,TRUE,TRUE,5.742875023,0.1057274662,50.52497574,42.33936258,68.31409023,-11.75364212,1.799265488,0.1364593358,8.355291878,22.21261475,14.61976958,65.84998247,7.441319477,1.310903753,230.3404865,0.7851786328,-0.01124056989,0.07125917709,3.003343374,2.657017352,-5.382497759,1.167525164,326051400,30.51291267,-105099814053,0.1073628636,70.24107653,-2.197950617,-3.545582521,0,0.1177975137,2.499670866,-0.266944146,-0.01124056989,0.988754227
2025-10-21,91.62999725,91.73999786,90.16999817,90.61000061,11053900,89.51099968,86.45406235,80.68521202,0.3076267779,0.08025279029,0.04280902441,TRUE,TRUE,5.768850327,0.107823239,29.56110815,41.79294683,60.8468493,-10.32001631,1.661679921,-0.0009009852954,8.067662298,17.76060746,14.47176335,51.60801496,5.803364381,1.366927264,215.5360647,0.7839240911,-0.01117064732,0.07059593786,2.739942117,2.677765692,-5.382497759,1.005681231,314997500,23.5031228,-105104672101,0.05662510205,62.7305038,-0.8126339372,-4.465610478,0,0.1186659177,2.521495643,-0.265698961,-0.01117064732,0.5098918977
2025-10-22,90.80999756,90.86000061,89.97000122,90.40000153,9554300,89.71849976,86.54800018,80.75970795,0.3176554481,0.08088409238,0.0427249527,TRUE,TRUE,5.788292236,0.1107714819,28.81742828,41.02125352,59.27136599,-9.294763093,1.518196374,-0.115507626,7.957894549,16.99271804,13.55147446,40.66910324,4.811595972,1.376423288,202.0436256,0.7742723437,-0.01143327392,0.07587210467,2.438682999,2.239651937,-5.382497759,0.8657213559,305443200,10.34207973,-105104994143,0.02955305699,63.29533489,-1.347513419,-4.838048662,0,0.09397944568,2.028458151,-0.2754489148,-0.01143327392,0.3373042668
2025-10-23,90.98999786,91.04000092,89.83000183,90.33000183,8067000,89.96399994,86.63676346,80.8380658,0.3232544246,0.08153807881,0.04264848914,TRUE,TRUE,5.798697662,0.1143107625,18.29892245,40.43253491,58.72552513,-9.588565098,1.382895085,-0.200647132,7.593519635,16.72330602,13.90832675,30.50511247,5.748072778,1.327672202,175.0977212,0.7703845213,-0.01156123975,0.07841564386,2.275129562,1.968557203,-5.382497759,0.7352123613,297376200,-13.6739149,-105106394196,0.06592866187,57.04903511,-1.84027156,-4.604339897,0,0.07959320109,1.729216943,-0.2800279341,-0.01156123975,0.2090272161
2025-10-24,90.84999847,91.83999634,90.76000214,91.38999939,10867800,90.19300003,86.75864639,80.92265419,0.3254793115,0.08225359866,0.04258047942,TRUE,TRUE,5.835992203,0.1200460075,20.35175663,40.4161139,64.11479514,3.26794584,1.345688523,-0.190282955,10.02770471,18.45540341,15.65591037,39.5938988,5.275892132,1.348225041,161.064592,0.7806318714,-0.01141173313,0.0743334995,2.134032206,2.15746838,-5.382497759,0.9782099455,308244000,33.89101751,-105104582883,0.03854550028,57.34432404,-0.3333711879,-3.545835936,0,0.09118896101,1.949540934,-0.2726417054,-0.01141173313,0.7431797047